child_ref,vaccine_code,dose_number,dose_label,due_date,administered_date,delay_days,batch_number,facility_code,administered_by_username,adverse_reaction,notes
NSK-2026-0001,BCG,1,BCG (At Birth),2026-09-09,2026-09-09,0,UIP-NSK-202609-BCG-602,PHC-NSK-08,nurse_nsk_08,FALSE,Administered at hospital after delivery.
NSK-2026-0001,OPV,1,OPV Zero Dose (At Birth),2026-09-09,2026-09-09,0,UIP-NSK-202609-OPV-465,PHC-NSK-08,nurse_nsk_08,FALSE,Administered at hospital after delivery.
NSK-2026-0001,HepB,1,Hepatitis B Birth Dose,2026-09-09,2026-09-09,0,UIP-NSK-202609-HEPB-670,PHC-NSK-08,nurse_nsk_08,FALSE,Administered at hospital after delivery.
NSK-2026-0002,BCG,1,BCG (At Birth),2026-07-08,2026-07-08,0,UIP-NSK-202607-BCG-714,PHC-NSK-03,nurse_nsk_03,FALSE,Administered at hospital after delivery.
NSK-2026-0002,OPV,1,OPV Zero Dose (At Birth),2026-07-08,2026-07-08,0,UIP-NSK-202607-OPV-677,PHC-NSK-03,nurse_nsk_03,FALSE,Administered at hospital after delivery.
NSK-2026-0002,HepB,1,Hepatitis B Birth Dose,2026-07-08,2026-07-08,0,UIP-NSK-202607-HEPB-329,PHC-NSK-03,nurse_nsk_03,FALSE,Administered at hospital after delivery.
NSK-2026-0002,OPV,2,OPV-1 (6 Weeks),2026-08-19,2026-08-27,8,UIP-NSK-202608-OPV-737,PHC-NSK-03,nurse_nsk_03,FALSE,Routine UIP session.
NSK-2026-0002,Penta,1,Pentavalent-1 (6 Weeks),2026-08-19,2026-08-19,0,UIP-NSK-202608-PENTA-224,PHC-NSK-03,nurse_nsk_03,FALSE,Routine UIP session.
NSK-2026-0002,Rota,1,Rotavirus-1 (6 Weeks),2026-08-19,2026-08-19,0,UIP-NSK-202608-ROTA-658,PHC-NSK-03,nurse_nsk_03,FALSE,Routine UIP session.
NSK-2026-0002,fIPV,1,fIPV-1 (6 Weeks),2026-08-19,2026-08-19,0,UIP-NSK-202608-FIPV-613,PHC-NSK-09,nurse_nsk_09,FALSE,Routine UIP session.
NSK-2026-0002,PCV,1,PCV-1 (6 Weeks),2026-08-19,2026-08-20,1,UIP-NSK-202608-PCV-133,PHC-NSK-03,nurse_nsk_03,FALSE,Routine UIP session.
NSK-2026-0002,OPV,3,OPV-2 (10 Weeks),2026-09-16,2026-09-26,10,UIP-NSK-202609-OPV-304,PHC-NSK-03,nurse_nsk_03,FALSE,Routine UIP session.
NSK-2026-0002,Penta,2,Pentavalent-2 (10 Weeks),2026-09-16,2026-09-16,0,UIP-NSK-202609-PENTA-927,PHC-NSK-03,nurse_nsk_03,FALSE,Routine UIP session.
NSK-2026-0002,Rota,2,Rotavirus-2 (10 Weeks),2026-09-16,2026-09-16,0,UIP-NSK-202609-ROTA-568,PHC-NSK-03,nurse_nsk_03,FALSE,Routine UIP session.
NSK-2026-0003,BCG,1,BCG (At Birth),2026-09-03,2026-09-03,0,UIP-NSK-202609-BCG-194,PHC-NSK-10,nurse_nsk_10,FALSE,Administered at hospital after delivery.
NSK-2026-0003,HepB,1,Hepatitis B Birth Dose,2026-09-03,2026-09-03,0,UIP-NSK-202609-HEPB-735,PHC-NSK-10,nurse_nsk_10,FALSE,Administered at hospital after delivery.
NSK-2026-0004,BCG,1,BCG (At Birth),2026-09-09,2026-09-09,0,UIP-NSK-202609-BCG-238,PHC-NSK-02,nurse_nsk_02,FALSE,Administered at hospital after delivery.
NSK-2026-0004,OPV,1,OPV Zero Dose (At Birth),2026-09-09,2026-09-14,5,UIP-NSK-202609-OPV-632,PHC-NSK-02,nurse_nsk_02,FALSE,Routine UIP session.
NSK-2026-0004,HepB,1,Hepatitis B Birth Dose,2026-09-09,2026-09-09,0,UIP-NSK-202609-HEPB-152,PHC-NSK-07,nurse_nsk_07,FALSE,Administered at hospital after delivery.
NSK-2026-0005,BCG,1,BCG (At Birth),2026-03-04,2026-03-04,0,UIP-NSK-202603-BCG-338,PHC-NSK-06,nurse_nsk_06,FALSE,Administered at hospital after delivery.
NSK-2026-0005,OPV,1,OPV Zero Dose (At Birth),2026-03-04,2026-03-04,0,UIP-NSK-202603-OPV-277,PHC-NSK-06,nurse_nsk_06,FALSE,Administered at hospital after delivery.
NSK-2026-0005,HepB,1,Hepatitis B Birth Dose,2026-03-04,2026-03-04,0,UIP-NSK-202603-HEPB-872,PHC-NSK-06,nurse_nsk_06,FALSE,Administered at hospital after delivery.
NSK-2026-0005,OPV,2,OPV-1 (6 Weeks),2026-04-15,2026-04-15,0,UIP-NSK-202604-OPV-761,PHC-NSK-06,nurse_nsk_06,FALSE,Routine UIP session.
NSK-2026-0005,Penta,1,Pentavalent-1 (6 Weeks),2026-04-15,2026-04-16,1,UIP-NSK-202604-PENTA-499,PHC-NSK-06,nurse_nsk_06,FALSE,Routine UIP session.
NSK-2026-0005,Rota,1,Rotavirus-1 (6 Weeks),2026-04-15,2026-04-15,0,UIP-NSK-202604-ROTA-291,PHC-NSK-06,nurse_nsk_06,FALSE,Routine UIP session.
NSK-2026-0005,fIPV,1,fIPV-1 (6 Weeks),2026-04-15,2026-04-15,0,UIP-NSK-202604-FIPV-525,PHC-NSK-06,nurse_nsk_06,FALSE,Routine UIP session.
NSK-2026-0005,PCV,1,PCV-1 (6 Weeks),2026-04-15,2026-04-15,0,UIP-NSK-202604-PCV-639,PHC-NSK-06,nurse_nsk_06,FALSE,Routine UIP session.
NSK-2026-0005,OPV,3,OPV-2 (10 Weeks),2026-05-13,2026-05-14,1,UIP-NSK-202605-OPV-999,PHC-NSK-06,nurse_nsk_06,FALSE,Routine UIP session.
NSK-2026-0005,Penta,2,Pentavalent-2 (10 Weeks),2026-05-13,2026-05-14,1,UIP-NSK-202605-PENTA-966,PHC-NSK-06,nurse_nsk_06,FALSE,Routine UIP session.
NSK-2026-0005,Rota,2,Rotavirus-2 (10 Weeks),2026-05-13,2026-05-14,1,UIP-NSK-202605-ROTA-910,PHC-NSK-06,nurse_nsk_06,FALSE,Routine UIP session.
NSK-2026-0005,OPV,4,OPV-3 (14 Weeks),2026-06-10,2026-06-11,1,UIP-NSK-202606-OPV-681,PHC-NSK-06,nurse_nsk_06,FALSE,Routine UIP session.
NSK-2026-0005,Penta,3,Pentavalent-3 (14 Weeks),2026-06-10,2026-06-11,1,UIP-NSK-202606-PENTA-235,PHC-NSK-06,nurse_nsk_06,FALSE,Routine UIP session.
NSK-2026-0005,Rota,3,Rotavirus-3 (14 Weeks),2026-06-10,2026-06-11,1,UIP-NSK-202606-ROTA-161,PHC-NSK-03,nurse_nsk_03,FALSE,Routine UIP session.
NSK-2026-0005,fIPV,2,fIPV-2 (14 Weeks),2026-06-10,2026-06-13,3,UIP-NSK-202606-FIPV-702,PHC-NSK-06,nurse_nsk_06,FALSE,Routine UIP session.
NSK-2026-0005,PCV,2,PCV-2 (14 Weeks),2026-06-10,2026-06-10,0,UIP-NSK-202606-PCV-164,PHC-NSK-06,nurse_nsk_06,FALSE,Routine UIP session.
NSK-2026-0006,BCG,1,BCG (At Birth),2026-06-29,2026-06-29,0,UIP-NSK-202606-BCG-792,PHC-NSK-01,nurse_nsk_01,FALSE,Administered at hospital after delivery.
NSK-2026-0006,OPV,1,OPV Zero Dose (At Birth),2026-06-29,2026-06-29,0,UIP-NSK-202606-OPV-357,PHC-NSK-01,nurse_nsk_01,FALSE,Administered at hospital after delivery.
NSK-2026-0006,HepB,1,Hepatitis B Birth Dose,2026-06-29,2026-07-05,6,UIP-NSK-202607-HEPB-124,PHC-NSK-01,nurse_nsk_01,FALSE,Routine UIP session.
NSK-2026-0006,OPV,2,OPV-1 (6 Weeks),2026-08-10,2026-08-16,6,UIP-NSK-202608-OPV-225,PHC-NSK-01,nurse_nsk_01,FALSE,Routine UIP session.
NSK-2026-0006,Penta,1,Pentavalent-1 (6 Weeks),2026-08-10,2026-08-16,6,UIP-NSK-202608-PENTA-450,PHC-NSK-01,nurse_nsk_01,FALSE,Routine UIP session.
NSK-2026-0006,Rota,1,Rotavirus-1 (6 Weeks),2026-08-10,2026-08-12,2,UIP-NSK-202608-ROTA-221,PHC-NSK-03,nurse_nsk_03,FALSE,Routine UIP session.
NSK-2026-0006,PCV,1,PCV-1 (6 Weeks),2026-08-10,2026-08-19,9,UIP-NSK-202608-PCV-692,PHC-NSK-05,nurse_nsk_05,FALSE,Routine UIP session.
NSK-2026-0006,OPV,3,OPV-2 (10 Weeks),2026-09-07,2026-09-13,6,UIP-NSK-202609-OPV-778,PHC-NSK-01,nurse_nsk_01,FALSE,Routine UIP session.
NSK-2026-0006,Penta,2,Pentavalent-2 (10 Weeks),2026-09-07,2026-09-13,6,UIP-NSK-202609-PENTA-654,PHC-NSK-01,nurse_nsk_01,FALSE,Routine UIP session.
NSK-2026-0006,Rota,2,Rotavirus-2 (10 Weeks),2026-09-07,2026-09-13,6,UIP-NSK-202609-ROTA-123,PHC-NSK-01,nurse_nsk_01,FALSE,Routine UIP session.
NSK-2026-0007,BCG,1,BCG (At Birth),2026-05-05,2026-05-05,0,UIP-NSK-202605-BCG-382,PHC-NSK-04,nurse_nsk_04,FALSE,Administered at hospital after delivery.
NSK-2026-0007,OPV,1,OPV Zero Dose (At Birth),2026-05-05,2026-05-05,0,UIP-NSK-202605-OPV-661,PHC-NSK-01,nurse_nsk_01,FALSE,Administered at hospital after delivery.
NSK-2026-0007,HepB,1,Hepatitis B Birth Dose,2026-05-05,2026-05-05,0,UIP-NSK-202605-HEPB-262,PHC-NSK-01,nurse_nsk_01,FALSE,Administered at hospital after delivery.
NSK-2026-0007,OPV,2,OPV-1 (6 Weeks),2026-06-16,2026-06-16,0,UIP-NSK-202606-OPV-933,PHC-NSK-01,nurse_nsk_01,FALSE,Routine UIP session.
NSK-2026-0007,Penta,1,Pentavalent-1 (6 Weeks),2026-06-16,2026-06-16,0,UIP-NSK-202606-PENTA-276,PHC-NSK-01,nurse_nsk_01,FALSE,Routine UIP session.
NSK-2026-0007,Rota,1,Rotavirus-1 (6 Weeks),2026-06-16,2026-06-16,0,UIP-NSK-202606-ROTA-857,PHC-NSK-01,nurse_nsk_01,FALSE,Routine UIP session.
NSK-2026-0007,fIPV,1,fIPV-1 (6 Weeks),2026-06-16,2026-06-19,3,UIP-NSK-202606-FIPV-502,PHC-NSK-01,nurse_nsk_01,FALSE,Routine UIP session.
NSK-2026-0007,PCV,1,PCV-1 (6 Weeks),2026-06-16,2026-06-19,3,UIP-NSK-202606-PCV-207,PHC-NSK-01,nurse_nsk_01,FALSE,Routine UIP session.
NSK-2026-0007,OPV,3,OPV-2 (10 Weeks),2026-07-14,2026-07-16,2,UIP-NSK-202607-OPV-778,PHC-NSK-01,nurse_nsk_01,FALSE,Routine UIP session.
NSK-2026-0007,Penta,2,Pentavalent-2 (10 Weeks),2026-07-14,2026-07-14,0,UIP-NSK-202607-PENTA-465,PHC-NSK-01,nurse_nsk_01,FALSE,Routine UIP session.
NSK-2026-0007,Rota,2,Rotavirus-2 (10 Weeks),2026-07-14,2026-07-14,0,UIP-NSK-202607-ROTA-763,PHC-NSK-01,nurse_nsk_01,FALSE,Routine UIP session.
NSK-2026-0007,OPV,4,OPV-3 (14 Weeks),2026-08-11,2026-08-13,2,UIP-NSK-202608-OPV-998,PHC-NSK-01,nurse_nsk_01,FALSE,Routine UIP session.
NSK-2026-0007,Penta,3,Pentavalent-3 (14 Weeks),2026-08-11,2026-08-11,0,UIP-NSK-202608-PENTA-652,PHC-NSK-01,nurse_nsk_01,FALSE,Routine UIP session.
NSK-2026-0007,Rota,3,Rotavirus-3 (14 Weeks),2026-08-11,2026-08-11,0,UIP-NSK-202608-ROTA-821,PHC-NSK-01,nurse_nsk_01,FALSE,Routine UIP session.
NSK-2026-0007,fIPV,2,fIPV-2 (14 Weeks),2026-08-11,2026-08-11,0,UIP-NSK-202608-FIPV-321,PHC-NSK-01,nurse_nsk_01,FALSE,Routine UIP session.
NSK-2026-0007,PCV,2,PCV-2 (14 Weeks),2026-08-11,2026-08-11,0,UIP-NSK-202608-PCV-434,PHC-NSK-01,nurse_nsk_01,FALSE,Routine UIP session.
NSK-2026-0008,BCG,1,BCG (At Birth),2026-09-13,2026-09-13,0,UIP-NSK-202609-BCG-927,PHC-NSK-06,nurse_nsk_06,FALSE,Administered at hospital after delivery.
NSK-2026-0008,OPV,1,OPV Zero Dose (At Birth),2026-09-13,2026-09-13,0,UIP-NSK-202609-OPV-432,PHC-NSK-06,nurse_nsk_06,FALSE,Administered at hospital after delivery.
NSK-2026-0008,HepB,1,Hepatitis B Birth Dose,2026-09-13,2026-09-13,0,UIP-NSK-202609-HEPB-772,PHC-NSK-06,nurse_nsk_06,FALSE,Administered at hospital after delivery.
NSK-2026-0009,BCG,1,BCG (At Birth),2026-06-29,2026-06-29,0,UIP-NSK-202606-BCG-436,PHC-NSK-09,nurse_nsk_09,FALSE,Administered at hospital after delivery.
NSK-2026-0009,OPV,1,OPV Zero Dose (At Birth),2026-06-29,2026-06-29,0,UIP-NSK-202606-OPV-248,PHC-NSK-09,nurse_nsk_09,FALSE,Administered at hospital after delivery.
NSK-2026-0009,HepB,1,Hepatitis B Birth Dose,2026-06-29,2026-06-29,0,UIP-NSK-202606-HEPB-890,PHC-NSK-09,nurse_nsk_09,FALSE,Administered at hospital after delivery.
NSK-2026-0009,OPV,2,OPV-1 (6 Weeks),2026-08-10,2026-08-10,0,UIP-NSK-202608-OPV-122,PHC-NSK-09,nurse_nsk_09,FALSE,Routine UIP session.
NSK-2026-0009,Penta,1,Pentavalent-1 (6 Weeks),2026-08-10,2026-08-10,0,UIP-NSK-202608-PENTA-885,PHC-NSK-09,nurse_nsk_09,FALSE,Routine UIP session.
NSK-2026-0009,Rota,1,Rotavirus-1 (6 Weeks),2026-08-10,2026-08-13,3,UIP-NSK-202608-ROTA-534,PHC-NSK-09,nurse_nsk_09,FALSE,Routine UIP session.
NSK-2026-0009,fIPV,1,fIPV-1 (6 Weeks),2026-08-10,2026-08-10,0,UIP-NSK-202608-FIPV-672,PHC-NSK-03,nurse_nsk_03,TRUE,Mild fever and local swelling; resolved in 48 hours.
NSK-2026-0009,PCV,1,PCV-1 (6 Weeks),2026-08-10,2026-08-10,0,UIP-NSK-202608-PCV-952,PHC-NSK-09,nurse_nsk_09,FALSE,Routine UIP session.
NSK-2026-0009,OPV,3,OPV-2 (10 Weeks),2026-09-07,2026-09-07,0,UIP-NSK-202609-OPV-138,PHC-NSK-09,nurse_nsk_09,FALSE,Routine UIP session.
NSK-2026-0009,Penta,2,Pentavalent-2 (10 Weeks),2026-09-07,2026-09-07,0,UIP-NSK-202609-PENTA-434,PHC-NSK-09,nurse_nsk_09,FALSE,Routine UIP session.
NSK-2026-0009,OPV,4,OPV-3 (14 Weeks),2026-10-05,2026-10-05,0,UIP-NSK-202610-OPV-180,PHC-NSK-09,nurse_nsk_09,FALSE,Routine UIP session.
NSK-2026-0009,Penta,3,Pentavalent-3 (14 Weeks),2026-10-05,2026-10-05,0,UIP-NSK-202610-PENTA-259,PHC-NSK-09,nurse_nsk_09,FALSE,Routine UIP session.
NSK-2026-0009,Rota,3,Rotavirus-3 (14 Weeks),2026-10-05,2026-10-05,0,UIP-NSK-202610-ROTA-274,PHC-NSK-09,nurse_nsk_09,FALSE,Routine UIP session.
NSK-2026-0009,fIPV,2,fIPV-2 (14 Weeks),2026-10-05,2026-10-05,0,UIP-NSK-202610-FIPV-703,PHC-NSK-09,nurse_nsk_09,FALSE,Routine UIP session.
NSK-2026-0009,PCV,2,PCV-2 (14 Weeks),2026-10-05,2026-10-05,0,UIP-NSK-202610-PCV-289,PHC-NSK-09,nurse_nsk_09,FALSE,Routine UIP session.
NSK-2026-0010,BCG,1,BCG (At Birth),2026-09-03,2026-09-03,0,UIP-NSK-202609-BCG-956,PHC-NSK-03,nurse_nsk_03,FALSE,Administered at hospital after delivery.
NSK-2026-0010,OPV,1,OPV Zero Dose (At Birth),2026-09-03,2026-09-03,0,UIP-NSK-202609-OPV-509,PHC-NSK-03,nurse_nsk_03,FALSE,Administered at hospital after delivery.
NSK-2026-0010,HepB,1,Hepatitis B Birth Dose,2026-09-03,2026-09-03,0,UIP-NSK-202609-HEPB-843,PHC-NSK-03,nurse_nsk_03,FALSE,Administered at hospital after delivery.
NSK-2026-0011,BCG,1,BCG (At Birth),2026-09-08,2026-09-08,0,UIP-NSK-202609-BCG-992,PHC-NSK-10,nurse_nsk_10,FALSE,Administered at hospital after delivery.
NSK-2026-0011,OPV,1,OPV Zero Dose (At Birth),2026-09-08,2026-09-08,0,UIP-NSK-202609-OPV-319,PHC-NSK-10,nurse_nsk_10,FALSE,Administered at hospital after delivery.
NSK-2026-0012,BCG,1,BCG (At Birth),2026-03-11,2026-03-11,0,UIP-NSK-202603-BCG-664,PHC-NSK-08,nurse_nsk_08,FALSE,Administered at hospital after delivery.
NSK-2026-0012,OPV,1,OPV Zero Dose (At Birth),2026-03-11,2026-03-11,0,UIP-NSK-202603-OPV-918,PHC-NSK-08,nurse_nsk_08,FALSE,Administered at hospital after delivery.
NSK-2026-0012,HepB,1,Hepatitis B Birth Dose,2026-03-11,2026-03-11,0,UIP-NSK-202603-HEPB-908,PHC-NSK-08,nurse_nsk_08,FALSE,Administered at hospital after delivery.
NSK-2026-0012,OPV,2,OPV-1 (6 Weeks),2026-04-22,2026-04-25,3,UIP-NSK-202604-OPV-272,PHC-NSK-08,nurse_nsk_08,FALSE,Routine UIP session.
NSK-2026-0012,Penta,1,Pentavalent-1 (6 Weeks),2026-04-22,2026-04-22,0,UIP-NSK-202604-PENTA-756,PHC-NSK-08,nurse_nsk_08,FALSE,Routine UIP session.
NSK-2026-0012,Rota,1,Rotavirus-1 (6 Weeks),2026-04-22,2026-04-28,6,UIP-NSK-202604-ROTA-655,PHC-NSK-08,nurse_nsk_08,FALSE,Routine UIP session.
NSK-2026-0012,fIPV,1,fIPV-1 (6 Weeks),2026-04-22,2026-04-22,0,UIP-NSK-202604-FIPV-249,PHC-NSK-08,nurse_nsk_08,FALSE,Routine UIP session.
NSK-2026-0012,PCV,1,PCV-1 (6 Weeks),2026-04-22,2026-04-22,0,UIP-NSK-202604-PCV-700,PHC-NSK-08,nurse_nsk_08,FALSE,Routine UIP session.
NSK-2026-0012,OPV,3,OPV-2 (10 Weeks),2026-05-20,2026-05-23,3,UIP-NSK-202605-OPV-128,PHC-NSK-08,nurse_nsk_08,FALSE,Routine UIP session.
NSK-2026-0012,Penta,2,Pentavalent-2 (10 Weeks),2026-05-20,2026-05-20,0,UIP-NSK-202605-PENTA-543,PHC-NSK-08,nurse_nsk_08,FALSE,Routine UIP session.
NSK-2026-0012,Rota,2,Rotavirus-2 (10 Weeks),2026-05-20,2026-05-26,6,UIP-NSK-202605-ROTA-648,PHC-NSK-04,nurse_nsk_04,FALSE,Routine UIP session.
NSK-2026-0012,OPV,4,OPV-3 (14 Weeks),2026-06-17,2026-06-20,3,UIP-NSK-202606-OPV-821,PHC-NSK-08,nurse_nsk_08,FALSE,Routine UIP session.
NSK-2026-0012,Penta,3,Pentavalent-3 (14 Weeks),2026-06-17,2026-06-17,0,UIP-NSK-202606-PENTA-672,PHC-NSK-08,nurse_nsk_08,FALSE,Routine UIP session.
NSK-2026-0012,Rota,3,Rotavirus-3 (14 Weeks),2026-06-17,2026-06-23,6,UIP-NSK-202606-ROTA-218,PHC-NSK-08,nurse_nsk_08,FALSE,Routine UIP session.
NSK-2026-0012,fIPV,2,fIPV-2 (14 Weeks),2026-06-17,2026-06-17,0,UIP-NSK-202606-FIPV-217,PHC-NSK-08,nurse_nsk_08,FALSE,Routine UIP session.
NSK-2026-0012,PCV,2,PCV-2 (14 Weeks),2026-06-17,2026-06-17,0,UIP-NSK-202606-PCV-538,PHC-NSK-08,nurse_nsk_08,FALSE,Routine UIP session.
NSK-2026-0013,BCG,1,BCG (At Birth),2026-05-20,2026-05-20,0,UIP-NSK-202605-BCG-149,PHC-NSK-01,nurse_nsk_01,FALSE,Administered at hospital after delivery.
NSK-2026-0013,OPV,1,OPV Zero Dose (At Birth),2026-05-20,2026-05-20,0,UIP-NSK-202605-OPV-798,PHC-NSK-01,nurse_nsk_01,FALSE,Administered at hospital after delivery.
NSK-2026-0013,HepB,1,Hepatitis B Birth Dose,2026-05-20,2026-05-20,0,UIP-NSK-202605-HEPB-940,PHC-NSK-01,nurse_nsk_01,FALSE,Administered at hospital after delivery.
NSK-2026-0013,OPV,2,OPV-1 (6 Weeks),2026-07-01,2026-07-01,0,UIP-NSK-202607-OPV-704,PHC-NSK-01,nurse_nsk_01,FALSE,Routine UIP session.
NSK-2026-0013,Penta,1,Pentavalent-1 (6 Weeks),2026-07-01,2026-07-01,0,UIP-NSK-202607-PENTA-918,PHC-NSK-01,nurse_nsk_01,FALSE,Routine UIP session.
NSK-2026-0013,Rota,1,Rotavirus-1 (6 Weeks),2026-07-01,2026-07-01,0,UIP-NSK-202607-ROTA-122,PHC-NSK-01,nurse_nsk_01,FALSE,Routine UIP session.
NSK-2026-0013,fIPV,1,fIPV-1 (6 Weeks),2026-07-01,2026-07-01,0,UIP-NSK-202607-FIPV-272,PHC-NSK-01,nurse_nsk_01,FALSE,Routine UIP session.
NSK-2026-0013,PCV,1,PCV-1 (6 Weeks),2026-07-01,2026-07-01,0,UIP-NSK-202607-PCV-633,PHC-NSK-02,nurse_nsk_02,FALSE,Routine UIP session.
NSK-2026-0013,OPV,3,OPV-2 (10 Weeks),2026-07-29,2026-08-07,9,UIP-NSK-202608-OPV-347,PHC-NSK-01,nurse_nsk_01,FALSE,Routine UIP session.
NSK-2026-0013,Penta,2,Pentavalent-2 (10 Weeks),2026-07-29,2026-07-31,2,UIP-NSK-202607-PENTA-420,PHC-NSK-01,nurse_nsk_01,FALSE,Routine UIP session.
NSK-2026-0013,Rota,2,Rotavirus-2 (10 Weeks),2026-07-29,2026-07-29,0,UIP-NSK-202607-ROTA-887,PHC-NSK-01,nurse_nsk_01,FALSE,Routine UIP session.
NSK-2026-0013,OPV,4,OPV-3 (14 Weeks),2026-08-26,2026-09-04,9,UIP-NSK-202609-OPV-610,PHC-NSK-01,nurse_nsk_01,FALSE,Routine UIP session.
NSK-2026-0013,Penta,3,Pentavalent-3 (14 Weeks),2026-08-26,2026-08-28,2,UIP-NSK-202608-PENTA-243,PHC-NSK-01,nurse_nsk_01,FALSE,Routine UIP session.
NSK-2026-0013,Rota,3,Rotavirus-3 (14 Weeks),2026-08-26,2026-08-28,2,UIP-NSK-202608-ROTA-461,PHC-NSK-01,nurse_nsk_01,FALSE,Routine UIP session.
NSK-2026-0013,fIPV,2,fIPV-2 (14 Weeks),2026-08-26,2026-08-26,0,UIP-NSK-202608-FIPV-925,PHC-NSK-02,nurse_nsk_02,FALSE,Routine UIP session.
NSK-2026-0013,PCV,2,PCV-2 (14 Weeks),2026-08-26,2026-08-26,0,UIP-NSK-202608-PCV-213,PHC-NSK-01,nurse_nsk_01,FALSE,Routine UIP session.
NSK-2026-0014,BCG,1,BCG (At Birth),2026-09-26,2026-09-26,0,UIP-NSK-202609-BCG-558,PHC-NSK-03,nurse_nsk_03,FALSE,Administered at hospital after delivery.
NSK-2026-0014,OPV,1,OPV Zero Dose (At Birth),2026-09-26,2026-09-26,0,UIP-NSK-202609-OPV-627,PHC-NSK-08,nurse_nsk_08,FALSE,Administered at hospital after delivery.
NSK-2026-0014,HepB,1,Hepatitis B Birth Dose,2026-09-26,2026-09-26,0,UIP-NSK-202609-HEPB-593,PHC-NSK-04,nurse_nsk_04,FALSE,Administered at hospital after delivery.
NSK-2026-0015,BCG,1,BCG (At Birth),2026-05-13,2026-05-13,0,UIP-NSK-202605-BCG-654,PHC-NSK-06,nurse_nsk_06,FALSE,Administered at hospital after delivery.
NSK-2026-0015,OPV,1,OPV Zero Dose (At Birth),2026-05-13,2026-05-13,0,UIP-NSK-202605-OPV-115,PHC-NSK-06,nurse_nsk_06,FALSE,Administered at hospital after delivery.
NSK-2026-0015,HepB,1,Hepatitis B Birth Dose,2026-05-13,2026-05-13,0,UIP-NSK-202605-HEPB-275,PHC-NSK-06,nurse_nsk_06,FALSE,Administered at hospital after delivery.
NSK-2026-0015,Penta,1,Pentavalent-1 (6 Weeks),2026-06-24,2026-08-05,42,UIP-NSK-202608-PENTA-761,PHC-NSK-06,nurse_nsk_06,FALSE,Routine UIP session.
NSK-2026-0015,Rota,1,Rotavirus-1 (6 Weeks),2026-06-24,2026-08-02,39,UIP-NSK-202608-ROTA-865,PHC-NSK-06,nurse_nsk_06,FALSE,Routine UIP session.
NSK-2026-0015,fIPV,1,fIPV-1 (6 Weeks),2026-06-24,2026-08-09,46,UIP-NSK-202608-FIPV-942,PHC-NSK-06,nurse_nsk_06,FALSE,Routine UIP session.
NSK-2026-0015,PCV,1,PCV-1 (6 Weeks),2026-06-24,2026-08-17,54,UIP-NSK-202608-PCV-279,PHC-NSK-06,nurse_nsk_06,FALSE,Routine UIP session.
NSK-2026-0015,Penta,3,Pentavalent-3 (14 Weeks),2026-08-19,2026-09-29,41,UIP-NSK-202609-PENTA-446,PHC-NSK-06,nurse_nsk_06,FALSE,Routine UIP session.
NSK-2026-0015,PCV,2,PCV-2 (14 Weeks),2026-08-19,2026-10-05,47,UIP-NSK-202610-PCV-218,PHC-NSK-06,nurse_nsk_06,FALSE,Routine UIP session.
NSK-2026-0016,BCG,1,BCG (At Birth),2026-01-06,2026-01-06,0,UIP-NSK-202601-BCG-614,PHC-NSK-02,nurse_nsk_02,FALSE,Administered at hospital after delivery.
NSK-2026-0016,OPV,1,OPV Zero Dose (At Birth),2026-01-06,2026-01-06,0,UIP-NSK-202601-OPV-640,PHC-NSK-02,nurse_nsk_02,FALSE,Administered at hospital after delivery.
NSK-2026-0016,HepB,1,Hepatitis B Birth Dose,2026-01-06,2026-01-06,0,UIP-NSK-202601-HEPB-402,PHC-NSK-02,nurse_nsk_02,FALSE,Administered at hospital after delivery.
NSK-2026-0016,OPV,2,OPV-1 (6 Weeks),2026-02-17,2026-02-17,0,UIP-NSK-202602-OPV-224,PHC-NSK-02,nurse_nsk_02,FALSE,Routine UIP session.
NSK-2026-0016,Penta,1,Pentavalent-1 (6 Weeks),2026-02-17,2026-02-18,1,UIP-NSK-202602-PENTA-549,PHC-NSK-02,nurse_nsk_02,FALSE,Routine UIP session.
NSK-2026-0016,Rota,1,Rotavirus-1 (6 Weeks),2026-02-17,2026-02-19,2,UIP-NSK-202602-ROTA-580,PHC-NSK-02,nurse_nsk_02,FALSE,Routine UIP session.
NSK-2026-0016,fIPV,1,fIPV-1 (6 Weeks),2026-02-17,2026-02-17,0,UIP-NSK-202602-FIPV-131,PHC-NSK-02,nurse_nsk_02,FALSE,Routine UIP session.
NSK-2026-0016,PCV,1,PCV-1 (6 Weeks),2026-02-17,2026-02-19,2,UIP-NSK-202602-PCV-433,PHC-NSK-02,nurse_nsk_02,FALSE,Routine UIP session.
NSK-2026-0016,OPV,3,OPV-2 (10 Weeks),2026-03-17,2026-03-17,0,UIP-NSK-202603-OPV-760,PHC-NSK-02,nurse_nsk_02,FALSE,Routine UIP session.
NSK-2026-0016,Penta,2,Pentavalent-2 (10 Weeks),2026-03-17,2026-03-18,1,UIP-NSK-202603-PENTA-651,PHC-NSK-02,nurse_nsk_02,FALSE,Routine UIP session.
NSK-2026-0016,Rota,2,Rotavirus-2 (10 Weeks),2026-03-17,2026-03-19,2,UIP-NSK-202603-ROTA-348,PHC-NSK-02,nurse_nsk_02,FALSE,Routine UIP session.
NSK-2026-0016,OPV,4,OPV-3 (14 Weeks),2026-04-14,2026-04-14,0,UIP-NSK-202604-OPV-407,PHC-NSK-02,nurse_nsk_02,FALSE,Routine UIP session.
NSK-2026-0016,Penta,3,Pentavalent-3 (14 Weeks),2026-04-14,2026-04-15,1,UIP-NSK-202604-PENTA-484,PHC-NSK-02,nurse_nsk_02,FALSE,Routine UIP session.
NSK-2026-0016,Rota,3,Rotavirus-3 (14 Weeks),2026-04-14,2026-04-16,2,UIP-NSK-202604-ROTA-918,PHC-NSK-02,nurse_nsk_02,FALSE,Routine UIP session.
NSK-2026-0016,fIPV,2,fIPV-2 (14 Weeks),2026-04-14,2026-04-14,0,UIP-NSK-202604-FIPV-807,PHC-NSK-02,nurse_nsk_02,FALSE,Routine UIP session.
NSK-2026-0016,PCV,2,PCV-2 (14 Weeks),2026-04-14,2026-04-14,0,UIP-NSK-202604-PCV-392,PHC-NSK-02,nurse_nsk_02,FALSE,Routine UIP session.
NSK-2026-0017,BCG,1,BCG (At Birth),2026-01-07,2026-01-07,0,UIP-NSK-202601-BCG-129,PHC-NSK-07,nurse_nsk_07,FALSE,Administered at hospital after delivery.
NSK-2026-0017,OPV,1,OPV Zero Dose (At Birth),2026-01-07,2026-01-07,0,UIP-NSK-202601-OPV-933,PHC-NSK-07,nurse_nsk_07,FALSE,Administered at hospital after delivery.
NSK-2026-0017,HepB,1,Hepatitis B Birth Dose,2026-01-07,2026-01-07,0,UIP-NSK-202601-HEPB-203,PHC-NSK-07,nurse_nsk_07,FALSE,Administered at hospital after delivery.
NSK-2026-0017,OPV,2,OPV-1 (6 Weeks),2026-02-18,2026-02-18,0,UIP-NSK-202602-OPV-628,PHC-NSK-07,nurse_nsk_07,FALSE,Routine UIP session.
NSK-2026-0017,Penta,1,Pentavalent-1 (6 Weeks),2026-02-18,2026-02-18,0,UIP-NSK-202602-PENTA-103,PHC-NSK-07,nurse_nsk_07,FALSE,Routine UIP session.
NSK-2026-0017,Rota,1,Rotavirus-1 (6 Weeks),2026-02-18,2026-02-18,0,UIP-NSK-202602-ROTA-742,PHC-NSK-07,nurse_nsk_07,FALSE,Routine UIP session.
NSK-2026-0017,fIPV,1,fIPV-1 (6 Weeks),2026-02-18,2026-02-18,0,UIP-NSK-202602-FIPV-916,PHC-NSK-07,nurse_nsk_07,FALSE,Routine UIP session.
NSK-2026-0017,PCV,1,PCV-1 (6 Weeks),2026-02-18,2026-02-18,0,UIP-NSK-202602-PCV-454,PHC-NSK-07,nurse_nsk_07,FALSE,Routine UIP session.
NSK-2026-0017,OPV,3,OPV-2 (10 Weeks),2026-03-18,2026-03-18,0,UIP-NSK-202603-OPV-663,PHC-NSK-02,nurse_nsk_02,FALSE,Routine UIP session.
NSK-2026-0017,Penta,2,Pentavalent-2 (10 Weeks),2026-03-18,2026-03-18,0,UIP-NSK-202603-PENTA-574,PHC-NSK-02,nurse_nsk_02,FALSE,Routine UIP session.
NSK-2026-0017,Rota,2,Rotavirus-2 (10 Weeks),2026-03-18,2026-03-19,1,UIP-NSK-202603-ROTA-200,PHC-NSK-07,nurse_nsk_07,FALSE,Routine UIP session.
NSK-2026-0017,OPV,4,OPV-3 (14 Weeks),2026-04-15,2026-04-15,0,UIP-NSK-202604-OPV-829,PHC-NSK-07,nurse_nsk_07,FALSE,Routine UIP session.
NSK-2026-0017,Penta,3,Pentavalent-3 (14 Weeks),2026-04-15,2026-04-15,0,UIP-NSK-202604-PENTA-111,PHC-NSK-07,nurse_nsk_07,FALSE,Routine UIP session.
NSK-2026-0017,Rota,3,Rotavirus-3 (14 Weeks),2026-04-15,2026-04-16,1,UIP-NSK-202604-ROTA-920,PHC-NSK-07,nurse_nsk_07,FALSE,Routine UIP session.
NSK-2026-0017,fIPV,2,fIPV-2 (14 Weeks),2026-04-15,2026-04-15,0,UIP-NSK-202604-FIPV-177,PHC-NSK-07,nurse_nsk_07,FALSE,Routine UIP session.
NSK-2026-0017,PCV,2,PCV-2 (14 Weeks),2026-04-15,2026-04-15,0,UIP-NSK-202604-PCV-426,PHC-NSK-07,nurse_nsk_07,FALSE,Routine UIP session.
NSK-2026-0018,BCG,1,BCG (At Birth),2026-05-10,2026-05-10,0,UIP-NSK-202605-BCG-891,PHC-NSK-05,nurse_nsk_05,FALSE,Administered at hospital after delivery.
NSK-2026-0018,OPV,1,OPV Zero Dose (At Birth),2026-05-10,2026-05-10,0,UIP-NSK-202605-OPV-371,PHC-NSK-05,nurse_nsk_05,FALSE,Administered at hospital after delivery.
NSK-2026-0018,HepB,1,Hepatitis B Birth Dose,2026-05-10,2026-05-10,0,UIP-NSK-202605-HEPB-715,PHC-NSK-05,nurse_nsk_05,FALSE,Administered at hospital after delivery.
NSK-2026-0018,OPV,2,OPV-1 (6 Weeks),2026-06-21,2026-06-21,0,UIP-NSK-202606-OPV-225,PHC-NSK-05,nurse_nsk_05,FALSE,Routine UIP session.
NSK-2026-0018,Penta,1,Pentavalent-1 (6 Weeks),2026-06-21,2026-06-21,0,UIP-NSK-202606-PENTA-485,PHC-NSK-05,nurse_nsk_05,FALSE,Routine UIP session.
NSK-2026-0018,Rota,1,Rotavirus-1 (6 Weeks),2026-06-21,2026-06-23,2,UIP-NSK-202606-ROTA-432,PHC-NSK-05,nurse_nsk_05,FALSE,Routine UIP session.
NSK-2026-0018,fIPV,1,fIPV-1 (6 Weeks),2026-06-21,2026-06-21,0,UIP-NSK-202606-FIPV-459,PHC-NSK-05,nurse_nsk_05,FALSE,Routine UIP session.
NSK-2026-0018,PCV,1,PCV-1 (6 Weeks),2026-06-21,2026-06-23,2,UIP-NSK-202606-PCV-984,PHC-NSK-05,nurse_nsk_05,FALSE,Routine UIP session.
NSK-2026-0018,OPV,3,OPV-2 (10 Weeks),2026-07-19,2026-07-19,0,UIP-NSK-202607-OPV-888,PHC-NSK-05,nurse_nsk_05,FALSE,Routine UIP session.
NSK-2026-0018,Penta,2,Pentavalent-2 (10 Weeks),2026-07-19,2026-07-19,0,UIP-NSK-202607-PENTA-826,PHC-NSK-05,nurse_nsk_05,FALSE,Routine UIP session.
NSK-2026-0018,Rota,2,Rotavirus-2 (10 Weeks),2026-07-19,2026-07-21,2,UIP-NSK-202607-ROTA-150,PHC-NSK-05,nurse_nsk_05,FALSE,Routine UIP session.
NSK-2026-0018,OPV,4,OPV-3 (14 Weeks),2026-08-16,2026-08-24,8,UIP-NSK-202608-OPV-649,PHC-NSK-05,nurse_nsk_05,FALSE,Routine UIP session.
NSK-2026-0018,Penta,3,Pentavalent-3 (14 Weeks),2026-08-16,2026-08-16,0,UIP-NSK-202608-PENTA-528,PHC-NSK-05,nurse_nsk_05,FALSE,Routine UIP session.
NSK-2026-0018,Rota,3,Rotavirus-3 (14 Weeks),2026-08-16,2026-08-18,2,UIP-NSK-202608-ROTA-911,PHC-NSK-05,nurse_nsk_05,FALSE,Routine UIP session.
NSK-2026-0018,fIPV,2,fIPV-2 (14 Weeks),2026-08-16,2026-08-16,0,UIP-NSK-202608-FIPV-240,PHC-NSK-05,nurse_nsk_05,FALSE,Routine UIP session.
NSK-2026-0018,PCV,2,PCV-2 (14 Weeks),2026-08-16,2026-08-18,2,UIP-NSK-202608-PCV-792,PHC-NSK-05,nurse_nsk_05,FALSE,Routine UIP session.
NSK-2026-0019,BCG,1,BCG (At Birth),2026-03-26,2026-03-26,0,UIP-NSK-202603-BCG-100,PHC-NSK-06,nurse_nsk_06,FALSE,Administered at hospital after delivery.
NSK-2026-0019,OPV,1,OPV Zero Dose (At Birth),2026-03-26,2026-03-26,0,UIP-NSK-202603-OPV-376,PHC-NSK-06,nurse_nsk_06,FALSE,Administered at hospital after delivery.
NSK-2026-0019,HepB,1,Hepatitis B Birth Dose,2026-03-26,2026-03-26,0,UIP-NSK-202603-HEPB-263,PHC-NSK-06,nurse_nsk_06,FALSE,Administered at hospital after delivery.
NSK-2026-0019,OPV,2,OPV-1 (6 Weeks),2026-05-07,2026-05-07,0,UIP-NSK-202605-OPV-577,PHC-NSK-06,nurse_nsk_06,FALSE,Routine UIP session.
NSK-2026-0019,Penta,1,Pentavalent-1 (6 Weeks),2026-05-07,2026-05-07,0,UIP-NSK-202605-PENTA-786,PHC-NSK-01,nurse_nsk_01,FALSE,Routine UIP session.
NSK-2026-0019,Rota,1,Rotavirus-1 (6 Weeks),2026-05-07,2026-05-07,0,UIP-NSK-202605-ROTA-410,PHC-NSK-06,nurse_nsk_06,FALSE,Routine UIP session.
NSK-2026-0019,fIPV,1,fIPV-1 (6 Weeks),2026-05-07,2026-05-07,0,UIP-NSK-202605-FIPV-575,PHC-NSK-06,nurse_nsk_06,FALSE,Routine UIP session.
NSK-2026-0019,PCV,1,PCV-1 (6 Weeks),2026-05-07,2026-05-08,1,UIP-NSK-202605-PCV-799,PHC-NSK-06,nurse_nsk_06,FALSE,Routine UIP session.
NSK-2026-0019,OPV,3,OPV-2 (10 Weeks),2026-06-04,2026-06-04,0,UIP-NSK-202606-OPV-292,PHC-NSK-06,nurse_nsk_06,FALSE,Routine UIP session.
NSK-2026-0019,Penta,2,Pentavalent-2 (10 Weeks),2026-06-04,2026-06-07,3,UIP-NSK-202606-PENTA-393,PHC-NSK-06,nurse_nsk_06,FALSE,Routine UIP session.
NSK-2026-0019,Rota,2,Rotavirus-2 (10 Weeks),2026-06-04,2026-06-07,3,UIP-NSK-202606-ROTA-836,PHC-NSK-06,nurse_nsk_06,FALSE,Routine UIP session.
NSK-2026-0019,OPV,4,OPV-3 (14 Weeks),2026-07-02,2026-07-02,0,UIP-NSK-202607-OPV-374,PHC-NSK-06,nurse_nsk_06,FALSE,Routine UIP session.
NSK-2026-0019,Penta,3,Pentavalent-3 (14 Weeks),2026-07-02,2026-07-11,9,UIP-NSK-202607-PENTA-364,PHC-NSK-06,nurse_nsk_06,FALSE,Routine UIP session.
NSK-2026-0019,Rota,3,Rotavirus-3 (14 Weeks),2026-07-02,2026-07-05,3,UIP-NSK-202607-ROTA-818,PHC-NSK-06,nurse_nsk_06,FALSE,Routine UIP session.
NSK-2026-0019,fIPV,2,fIPV-2 (14 Weeks),2026-07-02,2026-07-02,0,UIP-NSK-202607-FIPV-192,PHC-NSK-06,nurse_nsk_06,FALSE,Routine UIP session.
NSK-2026-0019,PCV,2,PCV-2 (14 Weeks),2026-07-02,2026-07-02,0,UIP-NSK-202607-PCV-422,PHC-NSK-01,nurse_nsk_01,FALSE,Routine UIP session.
NSK-2026-0020,BCG,1,BCG (At Birth),2026-04-23,2026-04-23,0,UIP-NSK-202604-BCG-306,PHC-NSK-08,nurse_nsk_08,FALSE,Administered at hospital after delivery.
NSK-2026-0020,OPV,1,OPV Zero Dose (At Birth),2026-04-23,2026-04-23,0,UIP-NSK-202604-OPV-512,PHC-NSK-08,nurse_nsk_08,FALSE,Administered at hospital after delivery.
NSK-2026-0020,HepB,1,Hepatitis B Birth Dose,2026-04-23,2026-04-23,0,UIP-NSK-202604-HEPB-906,PHC-NSK-08,nurse_nsk_08,FALSE,Administered at hospital after delivery.
NSK-2026-0020,OPV,2,OPV-1 (6 Weeks),2026-06-04,2026-06-04,0,UIP-NSK-202606-OPV-140,PHC-NSK-08,nurse_nsk_08,FALSE,Routine UIP session.
NSK-2026-0020,Penta,1,Pentavalent-1 (6 Weeks),2026-06-04,2026-06-05,1,UIP-NSK-202606-PENTA-464,PHC-NSK-08,nurse_nsk_08,FALSE,Routine UIP session.
NSK-2026-0020,Rota,1,Rotavirus-1 (6 Weeks),2026-06-04,2026-06-04,0,UIP-NSK-202606-ROTA-312,PHC-NSK-08,nurse_nsk_08,FALSE,Routine UIP session.
NSK-2026-0020,fIPV,1,fIPV-1 (6 Weeks),2026-06-04,2026-06-04,0,UIP-NSK-202606-FIPV-857,PHC-NSK-01,nurse_nsk_01,FALSE,Routine UIP session.
NSK-2026-0020,PCV,1,PCV-1 (6 Weeks),2026-06-04,2026-06-04,0,UIP-NSK-202606-PCV-758,PHC-NSK-08,nurse_nsk_08,FALSE,Routine UIP session.
NSK-2026-0020,OPV,3,OPV-2 (10 Weeks),2026-07-02,2026-07-02,0,UIP-NSK-202607-OPV-868,PHC-NSK-08,nurse_nsk_08,FALSE,Routine UIP session.
NSK-2026-0020,Penta,2,Pentavalent-2 (10 Weeks),2026-07-02,2026-07-03,1,UIP-NSK-202607-PENTA-191,PHC-NSK-08,nurse_nsk_08,FALSE,Routine UIP session.
NSK-2026-0020,Rota,2,Rotavirus-2 (10 Weeks),2026-07-02,2026-07-05,3,UIP-NSK-202607-ROTA-886,PHC-NSK-08,nurse_nsk_08,FALSE,Routine UIP session.
NSK-2026-0020,OPV,4,OPV-3 (14 Weeks),2026-07-30,2026-07-30,0,UIP-NSK-202607-OPV-344,PHC-NSK-08,nurse_nsk_08,FALSE,Routine UIP session.
NSK-2026-0020,Penta,3,Pentavalent-3 (14 Weeks),2026-07-30,2026-08-01,2,UIP-NSK-202608-PENTA-857,PHC-NSK-08,nurse_nsk_08,FALSE,Routine UIP session.
NSK-2026-0020,Rota,3,Rotavirus-3 (14 Weeks),2026-07-30,2026-08-02,3,UIP-NSK-202608-ROTA-330,PHC-NSK-08,nurse_nsk_08,FALSE,Routine UIP session.
NSK-2026-0020,fIPV,2,fIPV-2 (14 Weeks),2026-07-30,2026-07-30,0,UIP-NSK-202607-FIPV-380,PHC-NSK-08,nurse_nsk_08,FALSE,Routine UIP session.
NSK-2026-0020,PCV,2,PCV-2 (14 Weeks),2026-07-30,2026-08-02,3,UIP-NSK-202608-PCV-953,PHC-NSK-08,nurse_nsk_08,FALSE,Routine UIP session.
NSK-2026-0021,BCG,1,BCG (At Birth),2026-02-16,2026-02-16,0,UIP-NSK-202602-BCG-425,PHC-NSK-04,nurse_nsk_04,FALSE,Administered at hospital after delivery.
NSK-2026-0021,OPV,1,OPV Zero Dose (At Birth),2026-02-16,2026-02-16,0,UIP-NSK-202602-OPV-390,PHC-NSK-04,nurse_nsk_04,FALSE,Administered at hospital after delivery.
NSK-2026-0021,HepB,1,Hepatitis B Birth Dose,2026-02-16,2026-02-16,0,UIP-NSK-202602-HEPB-570,PHC-NSK-04,nurse_nsk_04,FALSE,Administered at hospital after delivery.
NSK-2026-0021,OPV,2,OPV-1 (6 Weeks),2026-03-30,2026-04-10,11,UIP-NSK-202604-OPV-231,PHC-NSK-02,nurse_nsk_02,FALSE,Routine UIP session.
NSK-2026-0021,Penta,1,Pentavalent-1 (6 Weeks),2026-03-30,2026-04-04,5,UIP-NSK-202604-PENTA-195,PHC-NSK-04,nurse_nsk_04,FALSE,Routine UIP session.
NSK-2026-0021,Rota,1,Rotavirus-1 (6 Weeks),2026-03-30,2026-04-05,6,UIP-NSK-202604-ROTA-672,PHC-NSK-04,nurse_nsk_04,TRUE,Mild fever and local swelling; resolved in 48 hours.
NSK-2026-0021,Penta,2,Pentavalent-2 (10 Weeks),2026-04-27,2026-05-06,9,UIP-NSK-202605-PENTA-601,PHC-NSK-04,nurse_nsk_04,TRUE,Mild fever and local swelling; resolved in 48 hours.
NSK-2026-0021,Penta,3,Pentavalent-3 (14 Weeks),2026-05-25,2026-06-03,9,UIP-NSK-202606-PENTA-708,PHC-NSK-04,nurse_nsk_04,FALSE,Routine UIP session.
NSK-2026-0022,BCG,1,BCG (At Birth),2026-02-19,2026-02-19,0,UIP-NSK-202602-BCG-129,PHC-NSK-04,nurse_nsk_04,FALSE,Administered at hospital after delivery.
NSK-2026-0022,OPV,1,OPV Zero Dose (At Birth),2026-02-19,2026-02-19,0,UIP-NSK-202602-OPV-105,PHC-NSK-04,nurse_nsk_04,FALSE,Administered at hospital after delivery.
NSK-2026-0022,HepB,1,Hepatitis B Birth Dose,2026-02-19,2026-02-19,0,UIP-NSK-202602-HEPB-301,PHC-NSK-04,nurse_nsk_04,FALSE,Administered at hospital after delivery.
NSK-2026-0022,OPV,2,OPV-1 (6 Weeks),2026-04-02,2026-04-04,2,UIP-NSK-202604-OPV-282,PHC-NSK-04,nurse_nsk_04,FALSE,Routine UIP session.
NSK-2026-0022,Penta,1,Pentavalent-1 (6 Weeks),2026-04-02,2026-04-02,0,UIP-NSK-202604-PENTA-241,PHC-NSK-04,nurse_nsk_04,FALSE,Routine UIP session.
NSK-2026-0022,Rota,1,Rotavirus-1 (6 Weeks),2026-04-02,2026-04-02,0,UIP-NSK-202604-ROTA-894,PHC-NSK-04,nurse_nsk_04,FALSE,Routine UIP session.
NSK-2026-0022,fIPV,1,fIPV-1 (6 Weeks),2026-04-02,2026-04-04,2,UIP-NSK-202604-FIPV-277,PHC-NSK-04,nurse_nsk_04,FALSE,Routine UIP session.
NSK-2026-0022,PCV,1,PCV-1 (6 Weeks),2026-04-02,2026-04-02,0,UIP-NSK-202604-PCV-169,PHC-NSK-04,nurse_nsk_04,FALSE,Routine UIP session.
NSK-2026-0022,OPV,3,OPV-2 (10 Weeks),2026-04-30,2026-05-02,2,UIP-NSK-202605-OPV-800,PHC-NSK-04,nurse_nsk_04,FALSE,Routine UIP session.
NSK-2026-0022,Penta,2,Pentavalent-2 (10 Weeks),2026-04-30,2026-04-30,0,UIP-NSK-202604-PENTA-222,PHC-NSK-04,nurse_nsk_04,FALSE,Routine UIP session.
NSK-2026-0022,Rota,2,Rotavirus-2 (10 Weeks),2026-04-30,2026-04-30,0,UIP-NSK-202604-ROTA-399,PHC-NSK-04,nurse_nsk_04,FALSE,Routine UIP session.
NSK-2026-0022,OPV,4,OPV-3 (14 Weeks),2026-05-28,2026-05-30,2,UIP-NSK-202605-OPV-657,PHC-NSK-04,nurse_nsk_04,FALSE,Routine UIP session.
NSK-2026-0022,Penta,3,Pentavalent-3 (14 Weeks),2026-05-28,2026-05-28,0,UIP-NSK-202605-PENTA-935,PHC-NSK-04,nurse_nsk_04,FALSE,Routine UIP session.
NSK-2026-0022,Rota,3,Rotavirus-3 (14 Weeks),2026-05-28,2026-05-28,0,UIP-NSK-202605-ROTA-250,PHC-NSK-04,nurse_nsk_04,FALSE,Routine UIP session.
NSK-2026-0022,fIPV,2,fIPV-2 (14 Weeks),2026-05-28,2026-05-29,1,UIP-NSK-202605-FIPV-241,PHC-NSK-04,nurse_nsk_04,FALSE,Routine UIP session.
NSK-2026-0022,PCV,2,PCV-2 (14 Weeks),2026-05-28,2026-05-28,0,UIP-NSK-202605-PCV-329,PHC-NSK-03,nurse_nsk_03,FALSE,Routine UIP session.
NSK-2026-0023,BCG,1,BCG (At Birth),2026-03-31,2026-03-31,0,UIP-NSK-202603-BCG-267,PHC-NSK-08,nurse_nsk_08,FALSE,Administered at hospital after delivery.
NSK-2026-0023,OPV,1,OPV Zero Dose (At Birth),2026-03-31,2026-03-31,0,UIP-NSK-202603-OPV-916,PHC-NSK-08,nurse_nsk_08,FALSE,Administered at hospital after delivery.
NSK-2026-0023,HepB,1,Hepatitis B Birth Dose,2026-03-31,2026-03-31,0,UIP-NSK-202603-HEPB-762,PHC-NSK-08,nurse_nsk_08,FALSE,Administered at hospital after delivery.
NSK-2026-0023,OPV,2,OPV-1 (6 Weeks),2026-05-12,2026-05-15,3,UIP-NSK-202605-OPV-420,PHC-NSK-08,nurse_nsk_08,FALSE,Routine UIP session.
NSK-2026-0023,Penta,1,Pentavalent-1 (6 Weeks),2026-05-12,2026-05-13,1,UIP-NSK-202605-PENTA-246,PHC-NSK-08,nurse_nsk_08,FALSE,Routine UIP session.
NSK-2026-0023,Rota,1,Rotavirus-1 (6 Weeks),2026-05-12,2026-05-12,0,UIP-NSK-202605-ROTA-547,PHC-NSK-08,nurse_nsk_08,FALSE,Routine UIP session.
NSK-2026-0023,fIPV,1,fIPV-1 (6 Weeks),2026-05-12,2026-05-12,0,UIP-NSK-202605-FIPV-944,PHC-NSK-08,nurse_nsk_08,FALSE,Routine UIP session.
NSK-2026-0023,PCV,1,PCV-1 (6 Weeks),2026-05-12,2026-05-13,1,UIP-NSK-202605-PCV-804,PHC-NSK-08,nurse_nsk_08,FALSE,Routine UIP session.
NSK-2026-0023,OPV,3,OPV-2 (10 Weeks),2026-06-09,2026-06-12,3,UIP-NSK-202606-OPV-641,PHC-NSK-08,nurse_nsk_08,FALSE,Routine UIP session.
NSK-2026-0023,Penta,2,Pentavalent-2 (10 Weeks),2026-06-09,2026-06-10,1,UIP-NSK-202606-PENTA-231,PHC-NSK-08,nurse_nsk_08,TRUE,Mild fever and local swelling; resolved in 48 hours.
NSK-2026-0023,Rota,2,Rotavirus-2 (10 Weeks),2026-06-09,2026-06-09,0,UIP-NSK-202606-ROTA-715,PHC-NSK-08,nurse_nsk_08,FALSE,Routine UIP session.
NSK-2026-0023,OPV,4,OPV-3 (14 Weeks),2026-07-07,2026-07-10,3,UIP-NSK-202607-OPV-895,PHC-NSK-08,nurse_nsk_08,FALSE,Routine UIP session.
NSK-2026-0023,Penta,3,Pentavalent-3 (14 Weeks),2026-07-07,2026-07-08,1,UIP-NSK-202607-PENTA-989,PHC-NSK-08,nurse_nsk_08,FALSE,Routine UIP session.
NSK-2026-0023,Rota,3,Rotavirus-3 (14 Weeks),2026-07-07,2026-07-07,0,UIP-NSK-202607-ROTA-922,PHC-NSK-08,nurse_nsk_08,FALSE,Routine UIP session.
NSK-2026-0023,fIPV,2,fIPV-2 (14 Weeks),2026-07-07,2026-07-07,0,UIP-NSK-202607-FIPV-172,PHC-NSK-08,nurse_nsk_08,FALSE,Routine UIP session.
NSK-2026-0023,PCV,2,PCV-2 (14 Weeks),2026-07-07,2026-07-08,1,UIP-NSK-202607-PCV-980,PHC-NSK-02,nurse_nsk_02,FALSE,Routine UIP session.
NSK-2026-0024,BCG,1,BCG (At Birth),2026-07-28,2026-07-28,0,UIP-NSK-202607-BCG-125,PHC-NSK-03,nurse_nsk_03,FALSE,Administered at hospital after delivery.
NSK-2026-0024,OPV,1,OPV Zero Dose (At Birth),2026-07-28,2026-07-28,0,UIP-NSK-202607-OPV-262,PHC-NSK-03,nurse_nsk_03,FALSE,Administered at hospital after delivery.
NSK-2026-0024,OPV,2,OPV-1 (6 Weeks),2026-09-08,2026-09-08,0,UIP-NSK-202609-OPV-715,PHC-NSK-03,nurse_nsk_03,FALSE,Routine UIP session.
NSK-2026-0024,Penta,1,Pentavalent-1 (6 Weeks),2026-09-08,2026-09-09,1,UIP-NSK-202609-PENTA-981,PHC-NSK-03,nurse_nsk_03,FALSE,Routine UIP session.
NSK-2026-0024,Rota,1,Rotavirus-1 (6 Weeks),2026-09-08,2026-09-15,7,UIP-NSK-202609-ROTA-332,PHC-NSK-03,nurse_nsk_03,FALSE,Routine UIP session.
NSK-2026-0024,fIPV,1,fIPV-1 (6 Weeks),2026-09-08,2026-09-08,0,UIP-NSK-202609-FIPV-289,PHC-NSK-03,nurse_nsk_03,FALSE,Routine UIP session.
NSK-2026-0024,PCV,1,PCV-1 (6 Weeks),2026-09-08,2026-09-08,0,UIP-NSK-202609-PCV-780,PHC-NSK-03,nurse_nsk_03,FALSE,Routine UIP session.
NSK-2026-0025,BCG,1,BCG (At Birth),2026-06-06,2026-06-06,0,UIP-NSK-202606-BCG-954,PHC-NSK-03,nurse_nsk_03,FALSE,Administered at hospital after delivery.
NSK-2026-0025,OPV,1,OPV Zero Dose (At Birth),2026-06-06,2026-06-06,0,UIP-NSK-202606-OPV-969,PHC-NSK-03,nurse_nsk_03,FALSE,Administered at hospital after delivery.
NSK-2026-0025,HepB,1,Hepatitis B Birth Dose,2026-06-06,2026-06-06,0,UIP-NSK-202606-HEPB-513,PHC-NSK-03,nurse_nsk_03,FALSE,Administered at hospital after delivery.
NSK-2026-0025,OPV,2,OPV-1 (6 Weeks),2026-07-18,2026-08-14,27,UIP-NSK-202608-OPV-578,PHC-NSK-03,nurse_nsk_03,FALSE,Routine UIP session.
NSK-2026-0025,Rota,1,Rotavirus-1 (6 Weeks),2026-07-18,2026-08-22,35,UIP-NSK-202608-ROTA-448,PHC-NSK-03,nurse_nsk_03,FALSE,Routine UIP session.
NSK-2026-0025,PCV,1,PCV-1 (6 Weeks),2026-07-18,2026-08-20,33,UIP-NSK-202608-PCV-149,PHC-NSK-01,nurse_nsk_01,FALSE,Routine UIP session.
NSK-2026-0026,BCG,1,BCG (At Birth),2026-07-24,2026-07-24,0,UIP-NSK-202607-BCG-230,PHC-NSK-04,nurse_nsk_04,FALSE,Administered at hospital after delivery.
NSK-2026-0026,OPV,1,OPV Zero Dose (At Birth),2026-07-24,2026-07-24,0,UIP-NSK-202607-OPV-447,PHC-NSK-04,nurse_nsk_04,FALSE,Administered at hospital after delivery.
NSK-2026-0026,HepB,1,Hepatitis B Birth Dose,2026-07-24,2026-07-24,0,UIP-NSK-202607-HEPB-844,PHC-NSK-04,nurse_nsk_04,FALSE,Administered at hospital after delivery.
NSK-2026-0026,OPV,2,OPV-1 (6 Weeks),2026-09-04,2026-09-06,2,UIP-NSK-202609-OPV-777,PHC-NSK-04,nurse_nsk_04,FALSE,Routine UIP session.
NSK-2026-0026,Penta,1,Pentavalent-1 (6 Weeks),2026-09-04,2026-09-09,5,UIP-NSK-202609-PENTA-134,PHC-NSK-04,nurse_nsk_04,FALSE,Routine UIP session.
NSK-2026-0026,Rota,1,Rotavirus-1 (6 Weeks),2026-09-04,2026-09-12,8,UIP-NSK-202609-ROTA-354,PHC-NSK-04,nurse_nsk_04,FALSE,Routine UIP session.
NSK-2026-0026,fIPV,1,fIPV-1 (6 Weeks),2026-09-04,2026-09-23,19,UIP-NSK-202609-FIPV-106,PHC-NSK-04,nurse_nsk_04,FALSE,Routine UIP session.
NSK-2026-0027,BCG,1,BCG (At Birth),2026-08-06,2026-08-06,0,UIP-NSK-202608-BCG-851,PHC-NSK-10,nurse_nsk_10,FALSE,Administered at hospital after delivery.
NSK-2026-0027,OPV,1,OPV Zero Dose (At Birth),2026-08-06,2026-08-06,0,UIP-NSK-202608-OPV-967,PHC-NSK-10,nurse_nsk_10,FALSE,Administered at hospital after delivery.
NSK-2026-0027,HepB,1,Hepatitis B Birth Dose,2026-08-06,2026-08-06,0,UIP-NSK-202608-HEPB-377,PHC-NSK-10,nurse_nsk_10,FALSE,Administered at hospital after delivery.
NSK-2026-0027,OPV,2,OPV-1 (6 Weeks),2026-09-17,2026-09-17,0,UIP-NSK-202609-OPV-550,PHC-NSK-10,nurse_nsk_10,FALSE,Routine UIP session.
NSK-2026-0027,Penta,1,Pentavalent-1 (6 Weeks),2026-09-17,2026-09-17,0,UIP-NSK-202609-PENTA-954,PHC-NSK-10,nurse_nsk_10,FALSE,Routine UIP session.
NSK-2026-0027,Rota,1,Rotavirus-1 (6 Weeks),2026-09-17,2026-09-19,2,UIP-NSK-202609-ROTA-718,PHC-NSK-10,nurse_nsk_10,FALSE,Routine UIP session.
NSK-2026-0027,fIPV,1,fIPV-1 (6 Weeks),2026-09-17,2026-09-17,0,UIP-NSK-202609-FIPV-276,PHC-NSK-10,nurse_nsk_10,FALSE,Routine UIP session.
NSK-2026-0027,PCV,1,PCV-1 (6 Weeks),2026-09-17,2026-09-18,1,UIP-NSK-202609-PCV-846,PHC-NSK-10,nurse_nsk_10,FALSE,Routine UIP session.
NSK-2026-0028,BCG,1,BCG (At Birth),2026-09-27,2026-09-27,0,UIP-NSK-202609-BCG-786,PHC-NSK-04,nurse_nsk_04,FALSE,Administered at hospital after delivery.
NSK-2026-0028,HepB,1,Hepatitis B Birth Dose,2026-09-27,2026-09-27,0,UIP-NSK-202609-HEPB-602,PHC-NSK-04,nurse_nsk_04,FALSE,Administered at hospital after delivery.
NSK-2026-0029,BCG,1,BCG (At Birth),2026-07-26,2026-07-26,0,UIP-NSK-202607-BCG-179,PHC-NSK-04,nurse_nsk_04,FALSE,Administered at hospital after delivery.
NSK-2026-0029,OPV,1,OPV Zero Dose (At Birth),2026-07-26,2026-07-26,0,UIP-NSK-202607-OPV-947,PHC-NSK-04,nurse_nsk_04,FALSE,Administered at hospital after delivery.
NSK-2026-0029,HepB,1,Hepatitis B Birth Dose,2026-07-26,2026-07-26,0,UIP-NSK-202607-HEPB-391,PHC-NSK-04,nurse_nsk_04,FALSE,Administered at hospital after delivery.
NSK-2026-0029,OPV,2,OPV-1 (6 Weeks),2026-09-06,2026-09-08,2,UIP-NSK-202609-OPV-431,PHC-NSK-04,nurse_nsk_04,FALSE,Routine UIP session.
NSK-2026-0029,Penta,1,Pentavalent-1 (6 Weeks),2026-09-06,2026-09-06,0,UIP-NSK-202609-PENTA-312,PHC-NSK-04,nurse_nsk_04,TRUE,Mild fever and local swelling; resolved in 48 hours.
NSK-2026-0029,Rota,1,Rotavirus-1 (6 Weeks),2026-09-06,2026-09-06,0,UIP-NSK-202609-ROTA-364,PHC-NSK-04,nurse_nsk_04,FALSE,Routine UIP session.
NSK-2026-0029,fIPV,1,fIPV-1 (6 Weeks),2026-09-06,2026-09-06,0,UIP-NSK-202609-FIPV-575,PHC-NSK-04,nurse_nsk_04,FALSE,Routine UIP session.
NSK-2026-0029,PCV,1,PCV-1 (6 Weeks),2026-09-06,2026-09-09,3,UIP-NSK-202609-PCV-531,PHC-NSK-04,nurse_nsk_04,FALSE,Routine UIP session.
NSK-2026-0029,Rota,2,Rotavirus-2 (10 Weeks),2026-10-04,2026-10-04,0,UIP-NSK-202610-ROTA-475,PHC-NSK-04,nurse_nsk_04,FALSE,Routine UIP session.
NSK-2026-0030,BCG,1,BCG (At Birth),2026-02-05,2026-02-05,0,UIP-NSK-202602-BCG-962,PHC-NSK-06,nurse_nsk_06,FALSE,Administered at hospital after delivery.
NSK-2026-0030,OPV,1,OPV Zero Dose (At Birth),2026-02-05,2026-02-05,0,UIP-NSK-202602-OPV-160,PHC-NSK-06,nurse_nsk_06,FALSE,Administered at hospital after delivery.
NSK-2026-0030,HepB,1,Hepatitis B Birth Dose,2026-02-05,2026-02-05,0,UIP-NSK-202602-HEPB-406,PHC-NSK-06,nurse_nsk_06,FALSE,Administered at hospital after delivery.
NSK-2026-0030,OPV,2,OPV-1 (6 Weeks),2026-03-19,2026-03-19,0,UIP-NSK-202603-OPV-761,PHC-NSK-06,nurse_nsk_06,FALSE,Routine UIP session.
NSK-2026-0030,Penta,1,Pentavalent-1 (6 Weeks),2026-03-19,2026-03-19,0,UIP-NSK-202603-PENTA-527,PHC-NSK-06,nurse_nsk_06,FALSE,Routine UIP session.
NSK-2026-0030,Rota,1,Rotavirus-1 (6 Weeks),2026-03-19,2026-03-21,2,UIP-NSK-202603-ROTA-836,PHC-NSK-06,nurse_nsk_06,FALSE,Routine UIP session.
NSK-2026-0030,fIPV,1,fIPV-1 (6 Weeks),2026-03-19,2026-03-19,0,UIP-NSK-202603-FIPV-146,PHC-NSK-06,nurse_nsk_06,FALSE,Routine UIP session.
NSK-2026-0030,PCV,1,PCV-1 (6 Weeks),2026-03-19,2026-03-19,0,UIP-NSK-202603-PCV-547,PHC-NSK-06,nurse_nsk_06,FALSE,Routine UIP session.
NSK-2026-0030,OPV,3,OPV-2 (10 Weeks),2026-04-16,2026-04-17,1,UIP-NSK-202604-OPV-891,PHC-NSK-06,nurse_nsk_06,FALSE,Routine UIP session.
NSK-2026-0030,Penta,2,Pentavalent-2 (10 Weeks),2026-04-16,2026-04-18,2,UIP-NSK-202604-PENTA-760,PHC-NSK-06,nurse_nsk_06,FALSE,Routine UIP session.
NSK-2026-0030,Rota,2,Rotavirus-2 (10 Weeks),2026-04-16,2026-04-18,2,UIP-NSK-202604-ROTA-123,PHC-NSK-06,nurse_nsk_06,FALSE,Routine UIP session.
NSK-2026-0030,OPV,4,OPV-3 (14 Weeks),2026-05-14,2026-05-17,3,UIP-NSK-202605-OPV-773,PHC-NSK-06,nurse_nsk_06,FALSE,Routine UIP session.
NSK-2026-0030,Penta,3,Pentavalent-3 (14 Weeks),2026-05-14,2026-05-16,2,UIP-NSK-202605-PENTA-726,PHC-NSK-06,nurse_nsk_06,FALSE,Routine UIP session.
NSK-2026-0030,Rota,3,Rotavirus-3 (14 Weeks),2026-05-14,2026-05-16,2,UIP-NSK-202605-ROTA-603,PHC-NSK-06,nurse_nsk_06,FALSE,Routine UIP session.
NSK-2026-0030,fIPV,2,fIPV-2 (14 Weeks),2026-05-14,2026-05-14,0,UIP-NSK-202605-FIPV-901,PHC-NSK-06,nurse_nsk_06,FALSE,Routine UIP session.
NSK-2026-0030,PCV,2,PCV-2 (14 Weeks),2026-05-14,2026-05-14,0,UIP-NSK-202605-PCV-111,PHC-NSK-06,nurse_nsk_06,FALSE,Routine UIP session.
NSK-2026-0031,BCG,1,BCG (At Birth),2026-05-10,2026-05-13,3,UIP-NSK-202605-BCG-802,PHC-NSK-09,nurse_nsk_09,FALSE,Routine UIP session.
NSK-2026-0031,OPV,1,OPV Zero Dose (At Birth),2026-05-10,2026-05-10,0,UIP-NSK-202605-OPV-877,PHC-NSK-09,nurse_nsk_09,FALSE,Administered at hospital after delivery.
NSK-2026-0031,HepB,1,Hepatitis B Birth Dose,2026-05-10,2026-05-10,0,UIP-NSK-202605-HEPB-491,PHC-NSK-09,nurse_nsk_09,FALSE,Administered at hospital after delivery.
NSK-2026-0031,OPV,2,OPV-1 (6 Weeks),2026-06-21,2026-06-24,3,UIP-NSK-202606-OPV-386,PHC-NSK-09,nurse_nsk_09,FALSE,Routine UIP session.
NSK-2026-0031,Penta,1,Pentavalent-1 (6 Weeks),2026-06-21,2026-06-27,6,UIP-NSK-202606-PENTA-113,PHC-NSK-09,nurse_nsk_09,FALSE,Routine UIP session.
NSK-2026-0031,Rota,1,Rotavirus-1 (6 Weeks),2026-06-21,2026-07-04,13,UIP-NSK-202607-ROTA-440,PHC-NSK-09,nurse_nsk_09,FALSE,Routine UIP session.
NSK-2026-0031,fIPV,1,fIPV-1 (6 Weeks),2026-06-21,2026-06-22,1,UIP-NSK-202606-FIPV-740,PHC-NSK-09,nurse_nsk_09,FALSE,Routine UIP session.
NSK-2026-0031,PCV,1,PCV-1 (6 Weeks),2026-06-21,2026-06-30,9,UIP-NSK-202606-PCV-950,PHC-NSK-09,nurse_nsk_09,FALSE,Routine UIP session.
NSK-2026-0031,OPV,3,OPV-2 (10 Weeks),2026-07-19,2026-07-27,8,UIP-NSK-202607-OPV-688,PHC-NSK-09,nurse_nsk_09,FALSE,Routine UIP session.
NSK-2026-0031,Penta,2,Pentavalent-2 (10 Weeks),2026-07-19,2026-07-25,6,UIP-NSK-202607-PENTA-569,PHC-NSK-09,nurse_nsk_09,FALSE,Routine UIP session.
NSK-2026-0031,Rota,2,Rotavirus-2 (10 Weeks),2026-07-19,2026-08-03,15,UIP-NSK-202608-ROTA-521,PHC-NSK-09,nurse_nsk_09,FALSE,Routine UIP session.
NSK-2026-0031,OPV,4,OPV-3 (14 Weeks),2026-08-16,2026-08-27,11,UIP-NSK-202608-OPV-756,PHC-NSK-09,nurse_nsk_09,FALSE,Routine UIP session.
NSK-2026-0031,Penta,3,Pentavalent-3 (14 Weeks),2026-08-16,2026-08-31,15,UIP-NSK-202608-PENTA-794,PHC-NSK-09,nurse_nsk_09,FALSE,Routine UIP session.
NSK-2026-0031,Rota,3,Rotavirus-3 (14 Weeks),2026-08-16,2026-08-31,15,UIP-NSK-202608-ROTA-653,PHC-NSK-09,nurse_nsk_09,FALSE,Routine UIP session.
NSK-2026-0031,fIPV,2,fIPV-2 (14 Weeks),2026-08-16,2026-08-23,7,UIP-NSK-202608-FIPV-291,PHC-NSK-09,nurse_nsk_09,FALSE,Routine UIP session.
NSK-2026-0031,PCV,2,PCV-2 (14 Weeks),2026-08-16,2026-08-21,5,UIP-NSK-202608-PCV-563,PHC-NSK-09,nurse_nsk_09,FALSE,Routine UIP session.
NSK-2026-0032,BCG,1,BCG (At Birth),2026-02-06,2026-02-06,0,UIP-NSK-202602-BCG-643,PHC-NSK-08,nurse_nsk_08,FALSE,Administered at hospital after delivery.
NSK-2026-0032,OPV,1,OPV Zero Dose (At Birth),2026-02-06,2026-02-06,0,UIP-NSK-202602-OPV-917,PHC-NSK-08,nurse_nsk_08,FALSE,Administered at hospital after delivery.
NSK-2026-0032,HepB,1,Hepatitis B Birth Dose,2026-02-06,2026-02-06,0,UIP-NSK-202602-HEPB-213,PHC-NSK-08,nurse_nsk_08,FALSE,Administered at hospital after delivery.
NSK-2026-0032,OPV,2,OPV-1 (6 Weeks),2026-03-20,2026-04-03,14,UIP-NSK-202604-OPV-725,PHC-NSK-08,nurse_nsk_08,FALSE,Routine UIP session.
NSK-2026-0032,Penta,1,Pentavalent-1 (6 Weeks),2026-03-20,2026-03-31,11,UIP-NSK-202603-PENTA-191,PHC-NSK-08,nurse_nsk_08,FALSE,Routine UIP session.
NSK-2026-0032,Rota,1,Rotavirus-1 (6 Weeks),2026-03-20,2026-04-03,14,UIP-NSK-202604-ROTA-848,PHC-NSK-08,nurse_nsk_08,FALSE,Routine UIP session.
NSK-2026-0032,fIPV,1,fIPV-1 (6 Weeks),2026-03-20,2026-03-25,5,UIP-NSK-202603-FIPV-313,PHC-NSK-08,nurse_nsk_08,FALSE,Routine UIP session.
NSK-2026-0032,PCV,1,PCV-1 (6 Weeks),2026-03-20,2026-03-28,8,UIP-NSK-202603-PCV-890,PHC-NSK-08,nurse_nsk_08,FALSE,Routine UIP session.
NSK-2026-0032,OPV,3,OPV-2 (10 Weeks),2026-04-17,2026-05-01,14,UIP-NSK-202605-OPV-578,PHC-NSK-08,nurse_nsk_08,FALSE,Routine UIP session.
NSK-2026-0032,Penta,2,Pentavalent-2 (10 Weeks),2026-04-17,2026-04-28,11,UIP-NSK-202604-PENTA-479,PHC-NSK-08,nurse_nsk_08,FALSE,Routine UIP session.
NSK-2026-0032,Rota,2,Rotavirus-2 (10 Weeks),2026-04-17,2026-05-05,18,UIP-NSK-202605-ROTA-599,PHC-NSK-08,nurse_nsk_08,FALSE,Routine UIP session.
NSK-2026-0032,OPV,4,OPV-3 (14 Weeks),2026-05-15,2026-05-29,14,UIP-NSK-202605-OPV-995,PHC-NSK-08,nurse_nsk_08,FALSE,Routine UIP session.
NSK-2026-0032,Penta,3,Pentavalent-3 (14 Weeks),2026-05-15,2026-05-26,11,UIP-NSK-202605-PENTA-897,PHC-NSK-08,nurse_nsk_08,FALSE,Routine UIP session.
NSK-2026-0032,Rota,3,Rotavirus-3 (14 Weeks),2026-05-15,2026-06-02,18,UIP-NSK-202606-ROTA-947,PHC-NSK-08,nurse_nsk_08,FALSE,Routine UIP session.
NSK-2026-0032,fIPV,2,fIPV-2 (14 Weeks),2026-05-15,2026-05-18,3,UIP-NSK-202605-FIPV-444,PHC-NSK-08,nurse_nsk_08,FALSE,Routine UIP session.
NSK-2026-0032,PCV,2,PCV-2 (14 Weeks),2026-05-15,2026-05-29,14,UIP-NSK-202605-PCV-621,PHC-NSK-08,nurse_nsk_08,FALSE,Routine UIP session.
NSK-2026-0033,BCG,1,BCG (At Birth),2026-02-07,2026-02-07,0,UIP-NSK-202602-BCG-826,PHC-NSK-01,nurse_nsk_01,FALSE,Administered at hospital after delivery.
NSK-2026-0033,OPV,1,OPV Zero Dose (At Birth),2026-02-07,2026-02-07,0,UIP-NSK-202602-OPV-941,PHC-NSK-09,nurse_nsk_09,FALSE,Administered at hospital after delivery.
NSK-2026-0033,HepB,1,Hepatitis B Birth Dose,2026-02-07,2026-02-07,0,UIP-NSK-202602-HEPB-939,PHC-NSK-09,nurse_nsk_09,FALSE,Administered at hospital after delivery.
NSK-2026-0033,OPV,2,OPV-1 (6 Weeks),2026-03-21,2026-03-23,2,UIP-NSK-202603-OPV-160,PHC-NSK-09,nurse_nsk_09,FALSE,Routine UIP session.
NSK-2026-0033,Penta,1,Pentavalent-1 (6 Weeks),2026-03-21,2026-03-24,3,UIP-NSK-202603-PENTA-893,PHC-NSK-09,nurse_nsk_09,FALSE,Routine UIP session.
NSK-2026-0033,Rota,1,Rotavirus-1 (6 Weeks),2026-03-21,2026-03-22,1,UIP-NSK-202603-ROTA-937,PHC-NSK-09,nurse_nsk_09,FALSE,Routine UIP session.
NSK-2026-0033,fIPV,1,fIPV-1 (6 Weeks),2026-03-21,2026-03-21,0,UIP-NSK-202603-FIPV-137,PHC-NSK-09,nurse_nsk_09,FALSE,Routine UIP session.
NSK-2026-0033,PCV,1,PCV-1 (6 Weeks),2026-03-21,2026-03-21,0,UIP-NSK-202603-PCV-436,PHC-NSK-09,nurse_nsk_09,FALSE,Routine UIP session.
NSK-2026-0033,OPV,3,OPV-2 (10 Weeks),2026-04-18,2026-04-20,2,UIP-NSK-202604-OPV-634,PHC-NSK-09,nurse_nsk_09,FALSE,Routine UIP session.
NSK-2026-0033,Penta,2,Pentavalent-2 (10 Weeks),2026-04-18,2026-04-21,3,UIP-NSK-202604-PENTA-362,PHC-NSK-09,nurse_nsk_09,FALSE,Routine UIP session.
NSK-2026-0033,Rota,2,Rotavirus-2 (10 Weeks),2026-04-18,2026-04-19,1,UIP-NSK-202604-ROTA-341,PHC-NSK-09,nurse_nsk_09,FALSE,Routine UIP session.
NSK-2026-0033,OPV,4,OPV-3 (14 Weeks),2026-05-16,2026-05-18,2,UIP-NSK-202605-OPV-965,PHC-NSK-09,nurse_nsk_09,FALSE,Routine UIP session.
NSK-2026-0033,Penta,3,Pentavalent-3 (14 Weeks),2026-05-16,2026-05-19,3,UIP-NSK-202605-PENTA-246,PHC-NSK-09,nurse_nsk_09,FALSE,Routine UIP session.
NSK-2026-0033,Rota,3,Rotavirus-3 (14 Weeks),2026-05-16,2026-05-17,1,UIP-NSK-202605-ROTA-672,PHC-NSK-09,nurse_nsk_09,FALSE,Routine UIP session.
NSK-2026-0033,fIPV,2,fIPV-2 (14 Weeks),2026-05-16,2026-05-18,2,UIP-NSK-202605-FIPV-715,PHC-NSK-09,nurse_nsk_09,FALSE,Routine UIP session.
NSK-2026-0033,PCV,2,PCV-2 (14 Weeks),2026-05-16,2026-05-16,0,UIP-NSK-202605-PCV-994,PHC-NSK-09,nurse_nsk_09,FALSE,Routine UIP session.
NSK-2026-0034,BCG,1,BCG (At Birth),2026-04-10,2026-04-10,0,UIP-NSK-202604-BCG-523,PHC-NSK-01,nurse_nsk_01,FALSE,Administered at hospital after delivery.
NSK-2026-0034,OPV,1,OPV Zero Dose (At Birth),2026-04-10,2026-04-10,0,UIP-NSK-202604-OPV-435,PHC-NSK-01,nurse_nsk_01,FALSE,Administered at hospital after delivery.
NSK-2026-0034,HepB,1,Hepatitis B Birth Dose,2026-04-10,2026-04-10,0,UIP-NSK-202604-HEPB-322,PHC-NSK-01,nurse_nsk_01,FALSE,Administered at hospital after delivery.
NSK-2026-0034,OPV,2,OPV-1 (6 Weeks),2026-05-22,2026-07-13,52,UIP-NSK-202607-OPV-449,PHC-NSK-01,nurse_nsk_01,FALSE,Routine UIP session.
NSK-2026-0034,Rota,1,Rotavirus-1 (6 Weeks),2026-05-22,2026-07-16,55,UIP-NSK-202607-ROTA-433,PHC-NSK-01,nurse_nsk_01,FALSE,Routine UIP session.
NSK-2026-0034,fIPV,1,fIPV-1 (6 Weeks),2026-05-22,2026-06-30,39,UIP-NSK-202606-FIPV-296,PHC-NSK-01,nurse_nsk_01,FALSE,Routine UIP session.
NSK-2026-0035,BCG,1,BCG (At Birth),2026-05-29,2026-06-01,3,UIP-NSK-202606-BCG-505,PHC-NSK-03,nurse_nsk_03,FALSE,Routine UIP session.
NSK-2026-0035,OPV,1,OPV Zero Dose (At Birth),2026-05-29,2026-05-29,0,UIP-NSK-202605-OPV-467,PHC-NSK-03,nurse_nsk_03,FALSE,Administered at hospital after delivery.
NSK-2026-0035,HepB,1,Hepatitis B Birth Dose,2026-05-29,2026-05-29,0,UIP-NSK-202605-HEPB-793,PHC-NSK-01,nurse_nsk_01,FALSE,Administered at hospital after delivery.
NSK-2026-0035,OPV,2,OPV-1 (6 Weeks),2026-07-10,2026-07-13,3,UIP-NSK-202607-OPV-690,PHC-NSK-06,nurse_nsk_06,FALSE,Routine UIP session.
NSK-2026-0035,Penta,1,Pentavalent-1 (6 Weeks),2026-07-10,2026-07-18,8,UIP-NSK-202607-PENTA-852,PHC-NSK-03,nurse_nsk_03,FALSE,Routine UIP session.
NSK-2026-0035,fIPV,1,fIPV-1 (6 Weeks),2026-07-10,2026-07-17,7,UIP-NSK-202607-FIPV-188,PHC-NSK-03,nurse_nsk_03,FALSE,Routine UIP session.
NSK-2026-0035,PCV,1,PCV-1 (6 Weeks),2026-07-10,2026-07-18,8,UIP-NSK-202607-PCV-504,PHC-NSK-07,nurse_nsk_07,FALSE,Routine UIP session.
NSK-2026-0035,OPV,3,OPV-2 (10 Weeks),2026-08-07,2026-08-21,14,UIP-NSK-202608-OPV-559,PHC-NSK-05,nurse_nsk_05,FALSE,Routine UIP session.
NSK-2026-0035,Penta,2,Pentavalent-2 (10 Weeks),2026-08-07,2026-08-23,16,UIP-NSK-202608-PENTA-694,PHC-NSK-03,nurse_nsk_03,FALSE,Routine UIP session.
NSK-2026-0035,Rota,2,Rotavirus-2 (10 Weeks),2026-08-07,2026-08-22,15,UIP-NSK-202608-ROTA-542,PHC-NSK-03,nurse_nsk_03,FALSE,Routine UIP session.
NSK-2026-0035,OPV,4,OPV-3 (14 Weeks),2026-09-04,2026-09-18,14,UIP-NSK-202609-OPV-498,PHC-NSK-03,nurse_nsk_03,FALSE,Routine UIP session.
NSK-2026-0035,Penta,3,Pentavalent-3 (14 Weeks),2026-09-04,2026-09-20,16,UIP-NSK-202609-PENTA-144,PHC-NSK-03,nurse_nsk_03,FALSE,Routine UIP session.
NSK-2026-0035,Rota,3,Rotavirus-3 (14 Weeks),2026-09-04,2026-09-19,15,UIP-NSK-202609-ROTA-373,PHC-NSK-03,nurse_nsk_03,FALSE,Routine UIP session.
NSK-2026-0035,fIPV,2,fIPV-2 (14 Weeks),2026-09-04,2026-09-09,5,UIP-NSK-202609-FIPV-587,PHC-NSK-03,nurse_nsk_03,FALSE,Routine UIP session.
NSK-2026-0035,PCV,2,PCV-2 (14 Weeks),2026-09-04,2026-09-08,4,UIP-NSK-202609-PCV-783,PHC-NSK-03,nurse_nsk_03,FALSE,Routine UIP session.
NSK-2026-0036,OPV,1,OPV Zero Dose (At Birth),2026-02-17,2026-03-19,30,UIP-NSK-202603-OPV-755,PHC-NSK-02,nurse_nsk_02,FALSE,Routine UIP session.
NSK-2026-0036,HepB,1,Hepatitis B Birth Dose,2026-02-17,2026-02-17,0,UIP-NSK-202602-HEPB-783,PHC-NSK-02,nurse_nsk_02,FALSE,Administered at hospital after delivery.
NSK-2026-0036,OPV,2,OPV-1 (6 Weeks),2026-03-31,2026-04-16,16,UIP-NSK-202604-OPV-394,PHC-NSK-02,nurse_nsk_02,FALSE,Routine UIP session.
NSK-2026-0036,Rota,1,Rotavirus-1 (6 Weeks),2026-03-31,2026-04-22,22,UIP-NSK-202604-ROTA-529,PHC-NSK-02,nurse_nsk_02,FALSE,Routine UIP session.
NSK-2026-0036,fIPV,1,fIPV-1 (6 Weeks),2026-03-31,2026-05-02,32,UIP-NSK-202605-FIPV-882,PHC-NSK-02,nurse_nsk_02,FALSE,Routine UIP session.
NSK-2026-0036,PCV,1,PCV-1 (6 Weeks),2026-03-31,2026-05-23,53,UIP-NSK-202605-PCV-430,PHC-NSK-02,nurse_nsk_02,FALSE,Routine UIP session.
NSK-2026-0036,OPV,3,OPV-2 (10 Weeks),2026-04-28,2026-06-20,53,UIP-NSK-202606-OPV-417,PHC-NSK-02,nurse_nsk_02,FALSE,Routine UIP session.
NSK-2026-0036,OPV,4,OPV-3 (14 Weeks),2026-05-26,2026-07-18,53,UIP-NSK-202607-OPV-160,PHC-NSK-02,nurse_nsk_02,FALSE,Routine UIP session.
NSK-2026-0037,BCG,1,BCG (At Birth),2026-07-13,2026-07-13,0,UIP-NSK-202607-BCG-385,PHC-NSK-06,nurse_nsk_06,FALSE,Administered at hospital after delivery.
NSK-2026-0037,OPV,1,OPV Zero Dose (At Birth),2026-07-13,2026-07-13,0,UIP-NSK-202607-OPV-863,PHC-NSK-06,nurse_nsk_06,FALSE,Administered at hospital after delivery.
NSK-2026-0037,HepB,1,Hepatitis B Birth Dose,2026-07-13,2026-07-13,0,UIP-NSK-202607-HEPB-579,PHC-NSK-06,nurse_nsk_06,FALSE,Administered at hospital after delivery.
NSK-2026-0038,BCG,1,BCG (At Birth),2026-06-26,2026-06-26,0,UIP-NSK-202606-BCG-458,PHC-NSK-02,nurse_nsk_02,FALSE,Administered at hospital after delivery.
NSK-2026-0038,OPV,1,OPV Zero Dose (At Birth),2026-06-26,2026-06-26,0,UIP-NSK-202606-OPV-350,PHC-NSK-02,nurse_nsk_02,FALSE,Administered at hospital after delivery.
NSK-2026-0038,HepB,1,Hepatitis B Birth Dose,2026-06-26,2026-06-26,0,UIP-NSK-202606-HEPB-708,PHC-NSK-02,nurse_nsk_02,FALSE,Administered at hospital after delivery.
NSK-2026-0038,OPV,2,OPV-1 (6 Weeks),2026-08-07,2026-08-07,0,UIP-NSK-202608-OPV-560,PHC-NSK-02,nurse_nsk_02,FALSE,Routine UIP session.
NSK-2026-0038,Penta,1,Pentavalent-1 (6 Weeks),2026-08-07,2026-08-09,2,UIP-NSK-202608-PENTA-881,PHC-NSK-02,nurse_nsk_02,FALSE,Routine UIP session.
NSK-2026-0038,Rota,1,Rotavirus-1 (6 Weeks),2026-08-07,2026-08-07,0,UIP-NSK-202608-ROTA-506,PHC-NSK-02,nurse_nsk_02,FALSE,Routine UIP session.
NSK-2026-0038,fIPV,1,fIPV-1 (6 Weeks),2026-08-07,2026-08-07,0,UIP-NSK-202608-FIPV-286,PHC-NSK-03,nurse_nsk_03,FALSE,Routine UIP session.
NSK-2026-0038,PCV,1,PCV-1 (6 Weeks),2026-08-07,2026-08-07,0,UIP-NSK-202608-PCV-617,PHC-NSK-02,nurse_nsk_02,FALSE,Routine UIP session.
NSK-2026-0038,OPV,3,OPV-2 (10 Weeks),2026-09-04,2026-09-04,0,UIP-NSK-202609-OPV-963,PHC-NSK-02,nurse_nsk_02,FALSE,Routine UIP session.
NSK-2026-0038,Penta,2,Pentavalent-2 (10 Weeks),2026-09-04,2026-09-06,2,UIP-NSK-202609-PENTA-996,PHC-NSK-02,nurse_nsk_02,FALSE,Routine UIP session.
NSK-2026-0038,Rota,2,Rotavirus-2 (10 Weeks),2026-09-04,2026-09-04,0,UIP-NSK-202609-ROTA-450,PHC-NSK-02,nurse_nsk_02,FALSE,Routine UIP session.
NSK-2026-0038,OPV,4,OPV-3 (14 Weeks),2026-10-02,2026-10-02,0,UIP-NSK-202610-OPV-690,PHC-NSK-06,nurse_nsk_06,FALSE,Routine UIP session.
NSK-2026-0038,Penta,3,Pentavalent-3 (14 Weeks),2026-10-02,2026-10-04,2,UIP-NSK-202610-PENTA-553,PHC-NSK-02,nurse_nsk_02,FALSE,Routine UIP session.
NSK-2026-0038,Rota,3,Rotavirus-3 (14 Weeks),2026-10-02,2026-10-02,0,UIP-NSK-202610-ROTA-738,PHC-NSK-02,nurse_nsk_02,FALSE,Routine UIP session.
NSK-2026-0038,fIPV,2,fIPV-2 (14 Weeks),2026-10-02,2026-10-02,0,UIP-NSK-202610-FIPV-545,PHC-NSK-02,nurse_nsk_02,FALSE,Routine UIP session.
NSK-2026-0038,PCV,2,PCV-2 (14 Weeks),2026-10-02,2026-10-02,0,UIP-NSK-202610-PCV-157,PHC-NSK-02,nurse_nsk_02,FALSE,Routine UIP session.
NSK-2026-0039,BCG,1,BCG (At Birth),2026-06-30,2026-06-30,0,UIP-NSK-202606-BCG-618,PHC-NSK-06,nurse_nsk_06,FALSE,Administered at hospital after delivery.
NSK-2026-0039,OPV,1,OPV Zero Dose (At Birth),2026-06-30,2026-06-30,0,UIP-NSK-202606-OPV-616,PHC-NSK-03,nurse_nsk_03,FALSE,Administered at hospital after delivery.
NSK-2026-0039,fIPV,1,fIPV-1 (6 Weeks),2026-08-11,2026-09-03,23,UIP-NSK-202609-FIPV-374,PHC-NSK-03,nurse_nsk_03,FALSE,Routine UIP session.
NSK-2026-0039,PCV,1,PCV-1 (6 Weeks),2026-08-11,2026-09-21,41,UIP-NSK-202609-PCV-229,PHC-NSK-03,nurse_nsk_03,FALSE,Routine UIP session.
NSK-2026-0040,BCG,1,BCG (At Birth),2026-05-08,2026-05-08,0,UIP-NSK-202605-BCG-293,PHC-NSK-01,nurse_nsk_01,FALSE,Administered at hospital after delivery.
NSK-2026-0040,OPV,1,OPV Zero Dose (At Birth),2026-05-08,2026-05-08,0,UIP-NSK-202605-OPV-265,PHC-NSK-01,nurse_nsk_01,FALSE,Administered at hospital after delivery.
NSK-2026-0040,HepB,1,Hepatitis B Birth Dose,2026-05-08,2026-05-10,2,UIP-NSK-202605-HEPB-217,PHC-NSK-01,nurse_nsk_01,FALSE,Routine UIP session.
NSK-2026-0040,OPV,2,OPV-1 (6 Weeks),2026-06-19,2026-06-20,1,UIP-NSK-202606-OPV-678,PHC-NSK-01,nurse_nsk_01,FALSE,Routine UIP session.
NSK-2026-0040,Penta,1,Pentavalent-1 (6 Weeks),2026-06-19,2026-07-02,13,UIP-NSK-202607-PENTA-438,PHC-NSK-01,nurse_nsk_01,FALSE,Routine UIP session.
NSK-2026-0040,Rota,1,Rotavirus-1 (6 Weeks),2026-06-19,2026-06-20,1,UIP-NSK-202606-ROTA-191,PHC-NSK-01,nurse_nsk_01,FALSE,Routine UIP session.
NSK-2026-0040,fIPV,1,fIPV-1 (6 Weeks),2026-06-19,2026-06-25,6,UIP-NSK-202606-FIPV-535,PHC-NSK-01,nurse_nsk_01,FALSE,Routine UIP session.
NSK-2026-0040,PCV,1,PCV-1 (6 Weeks),2026-06-19,2026-06-22,3,UIP-NSK-202606-PCV-767,PHC-NSK-01,nurse_nsk_01,FALSE,Routine UIP session.
NSK-2026-0040,OPV,3,OPV-2 (10 Weeks),2026-07-17,2026-07-20,3,UIP-NSK-202607-OPV-774,PHC-NSK-01,nurse_nsk_01,FALSE,Routine UIP session.
NSK-2026-0040,Penta,2,Pentavalent-2 (10 Weeks),2026-07-17,2026-07-30,13,UIP-NSK-202607-PENTA-445,PHC-NSK-01,nurse_nsk_01,FALSE,Routine UIP session.
NSK-2026-0040,Rota,2,Rotavirus-2 (10 Weeks),2026-07-17,2026-08-03,17,UIP-NSK-202608-ROTA-239,PHC-NSK-01,nurse_nsk_01,FALSE,Routine UIP session.
NSK-2026-0040,OPV,4,OPV-3 (14 Weeks),2026-08-14,2026-08-20,6,UIP-NSK-202608-OPV-308,PHC-NSK-01,nurse_nsk_01,FALSE,Routine UIP session.
NSK-2026-0040,Penta,3,Pentavalent-3 (14 Weeks),2026-08-14,2026-08-27,13,UIP-NSK-202608-PENTA-148,PHC-NSK-01,nurse_nsk_01,FALSE,Routine UIP session.
NSK-2026-0040,Rota,3,Rotavirus-3 (14 Weeks),2026-08-14,2026-08-31,17,UIP-NSK-202608-ROTA-408,PHC-NSK-01,nurse_nsk_01,FALSE,Routine UIP session.
NSK-2026-0040,fIPV,2,fIPV-2 (14 Weeks),2026-08-14,2026-08-17,3,UIP-NSK-202608-FIPV-334,PHC-NSK-01,nurse_nsk_01,FALSE,Routine UIP session.
NSK-2026-0040,PCV,2,PCV-2 (14 Weeks),2026-08-14,2026-08-21,7,UIP-NSK-202608-PCV-908,PHC-NSK-01,nurse_nsk_01,FALSE,Routine UIP session.
NSK-2026-0041,BCG,1,BCG (At Birth),2026-07-23,2026-07-23,0,UIP-NSK-202607-BCG-997,PHC-NSK-07,nurse_nsk_07,FALSE,Administered at hospital after delivery.
NSK-2026-0041,OPV,1,OPV Zero Dose (At Birth),2026-07-23,2026-07-23,0,UIP-NSK-202607-OPV-598,PHC-NSK-07,nurse_nsk_07,FALSE,Administered at hospital after delivery.
NSK-2026-0041,HepB,1,Hepatitis B Birth Dose,2026-07-23,2026-07-23,0,UIP-NSK-202607-HEPB-822,PHC-NSK-07,nurse_nsk_07,FALSE,Administered at hospital after delivery.
NSK-2026-0041,OPV,2,OPV-1 (6 Weeks),2026-09-03,2026-09-03,0,UIP-NSK-202609-OPV-979,PHC-NSK-07,nurse_nsk_07,FALSE,Routine UIP session.
NSK-2026-0041,Penta,1,Pentavalent-1 (6 Weeks),2026-09-03,2026-09-03,0,UIP-NSK-202609-PENTA-900,PHC-NSK-07,nurse_nsk_07,FALSE,Routine UIP session.
NSK-2026-0041,Rota,1,Rotavirus-1 (6 Weeks),2026-09-03,2026-09-06,3,UIP-NSK-202609-ROTA-665,PHC-NSK-07,nurse_nsk_07,FALSE,Routine UIP session.
NSK-2026-0041,fIPV,1,fIPV-1 (6 Weeks),2026-09-03,2026-09-03,0,UIP-NSK-202609-FIPV-438,PHC-NSK-07,nurse_nsk_07,FALSE,Routine UIP session.
NSK-2026-0041,PCV,1,PCV-1 (6 Weeks),2026-09-03,2026-09-03,0,UIP-NSK-202609-PCV-733,PHC-NSK-07,nurse_nsk_07,FALSE,Routine UIP session.
NSK-2026-0041,OPV,3,OPV-2 (10 Weeks),2026-10-01,2026-10-03,2,UIP-NSK-202610-OPV-415,PHC-NSK-07,nurse_nsk_07,FALSE,Routine UIP session.
NSK-2026-0041,Penta,2,Pentavalent-2 (10 Weeks),2026-10-01,2026-10-01,0,UIP-NSK-202610-PENTA-103,PHC-NSK-07,nurse_nsk_07,FALSE,Routine UIP session.
NSK-2026-0041,Rota,2,Rotavirus-2 (10 Weeks),2026-10-01,2026-10-04,3,UIP-NSK-202610-ROTA-702,PHC-NSK-07,nurse_nsk_07,FALSE,Routine UIP session.
NSK-2026-0042,BCG,1,BCG (At Birth),2026-09-26,2026-09-26,0,UIP-NSK-202609-BCG-247,PHC-NSK-07,nurse_nsk_07,FALSE,Administered at hospital after delivery.
NSK-2026-0042,OPV,1,OPV Zero Dose (At Birth),2026-09-26,2026-09-26,0,UIP-NSK-202609-OPV-258,PHC-NSK-07,nurse_nsk_07,FALSE,Administered at hospital after delivery.
NSK-2026-0043,BCG,1,BCG (At Birth),2026-08-21,2026-08-21,0,UIP-NSK-202608-BCG-198,PHC-NSK-02,nurse_nsk_02,FALSE,Administered at hospital after delivery.
NSK-2026-0043,HepB,1,Hepatitis B Birth Dose,2026-08-21,2026-08-21,0,UIP-NSK-202608-HEPB-112,PHC-NSK-02,nurse_nsk_02,FALSE,Administered at hospital after delivery.
NSK-2026-0043,OPV,2,OPV-1 (6 Weeks),2026-10-02,2026-10-05,3,UIP-NSK-202610-OPV-609,PHC-NSK-02,nurse_nsk_02,FALSE,Routine UIP session.
NSK-2026-0043,Penta,1,Pentavalent-1 (6 Weeks),2026-10-02,2026-10-03,1,UIP-NSK-202610-PENTA-226,PHC-NSK-02,nurse_nsk_02,FALSE,Routine UIP session.
NSK-2026-0043,Rota,1,Rotavirus-1 (6 Weeks),2026-10-02,2026-10-02,0,UIP-NSK-202610-ROTA-696,PHC-NSK-02,nurse_nsk_02,FALSE,Routine UIP session.
NSK-2026-0043,fIPV,1,fIPV-1 (6 Weeks),2026-10-02,2026-10-02,0,UIP-NSK-202610-FIPV-483,PHC-NSK-02,nurse_nsk_02,FALSE,Routine UIP session.
NSK-2026-0043,PCV,1,PCV-1 (6 Weeks),2026-10-02,2026-10-03,1,UIP-NSK-202610-PCV-131,PHC-NSK-02,nurse_nsk_02,FALSE,Routine UIP session.
NSK-2026-0044,BCG,1,BCG (At Birth),2026-09-25,2026-09-25,0,UIP-NSK-202609-BCG-280,PHC-NSK-01,nurse_nsk_01,FALSE,Administered at hospital after delivery.
NSK-2026-0044,OPV,1,OPV Zero Dose (At Birth),2026-09-25,2026-09-25,0,UIP-NSK-202609-OPV-812,PHC-NSK-07,nurse_nsk_07,FALSE,Administered at hospital after delivery.
NSK-2026-0044,HepB,1,Hepatitis B Birth Dose,2026-09-25,2026-09-25,0,UIP-NSK-202609-HEPB-468,PHC-NSK-01,nurse_nsk_01,FALSE,Administered at hospital after delivery.
NSK-2026-0045,BCG,1,BCG (At Birth),2026-08-28,2026-09-09,12,UIP-NSK-202609-BCG-875,PHC-NSK-01,nurse_nsk_01,FALSE,Routine UIP session.
NSK-2026-0045,OPV,1,OPV Zero Dose (At Birth),2026-08-28,2026-08-28,0,UIP-NSK-202608-OPV-688,PHC-NSK-01,nurse_nsk_01,FALSE,Administered at hospital after delivery.
NSK-2026-0045,HepB,1,Hepatitis B Birth Dose,2026-08-28,2026-08-28,0,UIP-NSK-202608-HEPB-451,PHC-NSK-01,nurse_nsk_01,FALSE,Administered at hospital after delivery.
NSK-2026-0046,OPV,1,OPV Zero Dose (At Birth),2026-04-21,2026-04-22,1,UIP-NSK-202604-OPV-667,PHC-NSK-03,nurse_nsk_03,FALSE,Routine UIP session.
NSK-2026-0046,HepB,1,Hepatitis B Birth Dose,2026-04-21,2026-04-21,0,UIP-NSK-202604-HEPB-743,PHC-NSK-03,nurse_nsk_03,FALSE,Administered at hospital after delivery.
NSK-2026-0046,OPV,2,OPV-1 (6 Weeks),2026-06-02,2026-06-15,13,UIP-NSK-202606-OPV-343,PHC-NSK-03,nurse_nsk_03,FALSE,Routine UIP session.
NSK-2026-0046,Penta,1,Pentavalent-1 (6 Weeks),2026-06-02,2026-06-08,6,UIP-NSK-202606-PENTA-521,PHC-NSK-03,nurse_nsk_03,FALSE,Routine UIP session.
NSK-2026-0046,Rota,1,Rotavirus-1 (6 Weeks),2026-06-02,2026-06-19,17,UIP-NSK-202606-ROTA-569,PHC-NSK-03,nurse_nsk_03,FALSE,Routine UIP session.
NSK-2026-0046,fIPV,1,fIPV-1 (6 Weeks),2026-06-02,2026-06-06,4,UIP-NSK-202606-FIPV-762,PHC-NSK-03,nurse_nsk_03,FALSE,Routine UIP session.
NSK-2026-0046,PCV,1,PCV-1 (6 Weeks),2026-06-02,2026-06-08,6,UIP-NSK-202606-PCV-445,PHC-NSK-03,nurse_nsk_03,FALSE,Routine UIP session.
NSK-2026-0046,OPV,3,OPV-2 (10 Weeks),2026-06-30,2026-07-13,13,UIP-NSK-202607-OPV-345,PHC-NSK-08,nurse_nsk_08,FALSE,Routine UIP session.
NSK-2026-0046,Penta,2,Pentavalent-2 (10 Weeks),2026-06-30,2026-07-07,7,UIP-NSK-202607-PENTA-465,PHC-NSK-03,nurse_nsk_03,FALSE,Routine UIP session.
NSK-2026-0046,Rota,2,Rotavirus-2 (10 Weeks),2026-06-30,2026-07-17,17,UIP-NSK-202607-ROTA-534,PHC-NSK-03,nurse_nsk_03,FALSE,Routine UIP session.
NSK-2026-0046,OPV,4,OPV-3 (14 Weeks),2026-07-28,2026-08-10,13,UIP-NSK-202608-OPV-967,PHC-NSK-03,nurse_nsk_03,FALSE,Routine UIP session.
NSK-2026-0046,Penta,3,Pentavalent-3 (14 Weeks),2026-07-28,2026-08-04,7,UIP-NSK-202608-PENTA-143,PHC-NSK-03,nurse_nsk_03,FALSE,Routine UIP session.
NSK-2026-0046,Rota,3,Rotavirus-3 (14 Weeks),2026-07-28,2026-08-14,17,UIP-NSK-202608-ROTA-987,PHC-NSK-03,nurse_nsk_03,FALSE,Routine UIP session.
NSK-2026-0046,fIPV,2,fIPV-2 (14 Weeks),2026-07-28,2026-07-29,1,UIP-NSK-202607-FIPV-255,PHC-NSK-04,nurse_nsk_04,FALSE,Routine UIP session.
NSK-2026-0046,PCV,2,PCV-2 (14 Weeks),2026-07-28,2026-08-07,10,UIP-NSK-202608-PCV-341,PHC-NSK-03,nurse_nsk_03,FALSE,Routine UIP session.
NSK-2026-0047,BCG,1,BCG (At Birth),2026-09-20,2026-09-20,0,UIP-NSK-202609-BCG-625,PHC-NSK-02,nurse_nsk_02,FALSE,Administered at hospital after delivery.
NSK-2026-0047,OPV,1,OPV Zero Dose (At Birth),2026-09-20,2026-09-20,0,UIP-NSK-202609-OPV-486,PHC-NSK-02,nurse_nsk_02,FALSE,Administered at hospital after delivery.
NSK-2026-0047,HepB,1,Hepatitis B Birth Dose,2026-09-20,2026-09-20,0,UIP-NSK-202609-HEPB-777,PHC-NSK-02,nurse_nsk_02,FALSE,Administered at hospital after delivery.
NSK-2026-0048,BCG,1,BCG (At Birth),2026-03-14,2026-03-14,0,UIP-NSK-202603-BCG-323,PHC-NSK-09,nurse_nsk_09,FALSE,Administered at hospital after delivery.
NSK-2026-0048,OPV,1,OPV Zero Dose (At Birth),2026-03-14,2026-03-14,0,UIP-NSK-202603-OPV-849,PHC-NSK-09,nurse_nsk_09,FALSE,Administered at hospital after delivery.
NSK-2026-0048,HepB,1,Hepatitis B Birth Dose,2026-03-14,2026-03-14,0,UIP-NSK-202603-HEPB-491,PHC-NSK-09,nurse_nsk_09,FALSE,Administered at hospital after delivery.
NSK-2026-0048,OPV,2,OPV-1 (6 Weeks),2026-04-25,2026-04-25,0,UIP-NSK-202604-OPV-132,PHC-NSK-09,nurse_nsk_09,FALSE,Routine UIP session.
NSK-2026-0048,Penta,1,Pentavalent-1 (6 Weeks),2026-04-25,2026-04-27,2,UIP-NSK-202604-PENTA-373,PHC-NSK-09,nurse_nsk_09,FALSE,Routine UIP session.
NSK-2026-0048,Rota,1,Rotavirus-1 (6 Weeks),2026-04-25,2026-04-25,0,UIP-NSK-202604-ROTA-202,PHC-NSK-09,nurse_nsk_09,FALSE,Routine UIP session.
NSK-2026-0048,fIPV,1,fIPV-1 (6 Weeks),2026-04-25,2026-04-28,3,UIP-NSK-202604-FIPV-407,PHC-NSK-09,nurse_nsk_09,FALSE,Routine UIP session.
NSK-2026-0048,PCV,1,PCV-1 (6 Weeks),2026-04-25,2026-04-27,2,UIP-NSK-202604-PCV-309,PHC-NSK-09,nurse_nsk_09,FALSE,Routine UIP session.
NSK-2026-0048,OPV,3,OPV-2 (10 Weeks),2026-05-23,2026-05-24,1,UIP-NSK-202605-OPV-339,PHC-NSK-09,nurse_nsk_09,FALSE,Routine UIP session.
NSK-2026-0048,Penta,2,Pentavalent-2 (10 Weeks),2026-05-23,2026-05-26,3,UIP-NSK-202605-PENTA-418,PHC-NSK-09,nurse_nsk_09,FALSE,Routine UIP session.
NSK-2026-0048,Rota,2,Rotavirus-2 (10 Weeks),2026-05-23,2026-05-23,0,UIP-NSK-202605-ROTA-623,PHC-NSK-10,nurse_nsk_10,FALSE,Routine UIP session.
NSK-2026-0048,OPV,4,OPV-3 (14 Weeks),2026-06-20,2026-06-21,1,UIP-NSK-202606-OPV-619,PHC-NSK-09,nurse_nsk_09,FALSE,Routine UIP session.
NSK-2026-0048,Penta,3,Pentavalent-3 (14 Weeks),2026-06-20,2026-06-23,3,UIP-NSK-202606-PENTA-374,PHC-NSK-09,nurse_nsk_09,FALSE,Routine UIP session.
NSK-2026-0048,Rota,3,Rotavirus-3 (14 Weeks),2026-06-20,2026-06-20,0,UIP-NSK-202606-ROTA-113,PHC-NSK-09,nurse_nsk_09,FALSE,Routine UIP session.
NSK-2026-0048,fIPV,2,fIPV-2 (14 Weeks),2026-06-20,2026-06-20,0,UIP-NSK-202606-FIPV-144,PHC-NSK-09,nurse_nsk_09,FALSE,Routine UIP session.
NSK-2026-0048,PCV,2,PCV-2 (14 Weeks),2026-06-20,2026-06-21,1,UIP-NSK-202606-PCV-679,PHC-NSK-09,nurse_nsk_09,FALSE,Routine UIP session.
NSK-2026-0049,BCG,1,BCG (At Birth),2026-06-01,2026-06-01,0,UIP-NSK-202606-BCG-564,PHC-NSK-07,nurse_nsk_07,FALSE,Administered at hospital after delivery.
NSK-2026-0049,OPV,1,OPV Zero Dose (At Birth),2026-06-01,2026-06-01,0,UIP-NSK-202606-OPV-383,PHC-NSK-03,nurse_nsk_03,FALSE,Administered at hospital after delivery.
NSK-2026-0049,HepB,1,Hepatitis B Birth Dose,2026-06-01,2026-06-01,0,UIP-NSK-202606-HEPB-429,PHC-NSK-03,nurse_nsk_03,FALSE,Administered at hospital after delivery.
NSK-2026-0049,OPV,2,OPV-1 (6 Weeks),2026-07-13,2026-07-13,0,UIP-NSK-202607-OPV-743,PHC-NSK-03,nurse_nsk_03,FALSE,Routine UIP session.
NSK-2026-0049,Penta,1,Pentavalent-1 (6 Weeks),2026-07-13,2026-07-15,2,UIP-NSK-202607-PENTA-443,PHC-NSK-03,nurse_nsk_03,FALSE,Routine UIP session.
NSK-2026-0049,Rota,1,Rotavirus-1 (6 Weeks),2026-07-13,2026-07-13,0,UIP-NSK-202607-ROTA-140,PHC-NSK-03,nurse_nsk_03,FALSE,Routine UIP session.
NSK-2026-0049,fIPV,1,fIPV-1 (6 Weeks),2026-07-13,2026-07-13,0,UIP-NSK-202607-FIPV-224,PHC-NSK-01,nurse_nsk_01,FALSE,Routine UIP session.
NSK-2026-0049,PCV,1,PCV-1 (6 Weeks),2026-07-13,2026-07-13,0,UIP-NSK-202607-PCV-979,PHC-NSK-03,nurse_nsk_03,FALSE,Routine UIP session.
NSK-2026-0049,OPV,3,OPV-2 (10 Weeks),2026-08-10,2026-08-10,0,UIP-NSK-202608-OPV-364,PHC-NSK-03,nurse_nsk_03,FALSE,Routine UIP session.
NSK-2026-0049,Penta,2,Pentavalent-2 (10 Weeks),2026-08-10,2026-08-12,2,UIP-NSK-202608-PENTA-832,PHC-NSK-03,nurse_nsk_03,FALSE,Routine UIP session.
NSK-2026-0049,Rota,2,Rotavirus-2 (10 Weeks),2026-08-10,2026-08-11,1,UIP-NSK-202608-ROTA-969,PHC-NSK-03,nurse_nsk_03,FALSE,Routine UIP session.
NSK-2026-0049,OPV,4,OPV-3 (14 Weeks),2026-09-07,2026-09-07,0,UIP-NSK-202609-OPV-145,PHC-NSK-03,nurse_nsk_03,FALSE,Routine UIP session.
NSK-2026-0049,Penta,3,Pentavalent-3 (14 Weeks),2026-09-07,2026-09-09,2,UIP-NSK-202609-PENTA-600,PHC-NSK-03,nurse_nsk_03,FALSE,Routine UIP session.
NSK-2026-0049,Rota,3,Rotavirus-3 (14 Weeks),2026-09-07,2026-09-08,1,UIP-NSK-202609-ROTA-521,PHC-NSK-03,nurse_nsk_03,FALSE,Routine UIP session.
NSK-2026-0049,fIPV,2,fIPV-2 (14 Weeks),2026-09-07,2026-09-09,2,UIP-NSK-202609-FIPV-811,PHC-NSK-05,nurse_nsk_05,FALSE,Routine UIP session.
NSK-2026-0049,PCV,2,PCV-2 (14 Weeks),2026-09-07,2026-09-07,0,UIP-NSK-202609-PCV-635,PHC-NSK-03,nurse_nsk_03,FALSE,Routine UIP session.
NSK-2026-0050,OPV,1,OPV Zero Dose (At Birth),2026-05-04,2026-05-04,0,UIP-NSK-202605-OPV-926,PHC-NSK-08,nurse_nsk_08,FALSE,Administered at hospital after delivery.
NSK-2026-0050,HepB,1,Hepatitis B Birth Dose,2026-05-04,2026-05-04,0,UIP-NSK-202605-HEPB-285,PHC-NSK-08,nurse_nsk_08,FALSE,Administered at hospital after delivery.
NSK-2026-0050,OPV,2,OPV-1 (6 Weeks),2026-06-15,2026-06-17,2,UIP-NSK-202606-OPV-825,PHC-NSK-08,nurse_nsk_08,FALSE,Routine UIP session.
NSK-2026-0050,Penta,1,Pentavalent-1 (6 Weeks),2026-06-15,2026-06-15,0,UIP-NSK-202606-PENTA-156,PHC-NSK-08,nurse_nsk_08,FALSE,Routine UIP session.
NSK-2026-0050,Rota,1,Rotavirus-1 (6 Weeks),2026-06-15,2026-06-15,0,UIP-NSK-202606-ROTA-136,PHC-NSK-08,nurse_nsk_08,FALSE,Routine UIP session.
NSK-2026-0050,fIPV,1,fIPV-1 (6 Weeks),2026-06-15,2026-06-16,1,UIP-NSK-202606-FIPV-965,PHC-NSK-08,nurse_nsk_08,FALSE,Routine UIP session.
NSK-2026-0050,PCV,1,PCV-1 (6 Weeks),2026-06-15,2026-06-15,0,UIP-NSK-202606-PCV-728,PHC-NSK-08,nurse_nsk_08,FALSE,Routine UIP session.
NSK-2026-0050,OPV,3,OPV-2 (10 Weeks),2026-07-13,2026-07-15,2,UIP-NSK-202607-OPV-742,PHC-NSK-08,nurse_nsk_08,FALSE,Routine UIP session.
NSK-2026-0050,Penta,2,Pentavalent-2 (10 Weeks),2026-07-13,2026-07-13,0,UIP-NSK-202607-PENTA-370,PHC-NSK-08,nurse_nsk_08,FALSE,Routine UIP session.
NSK-2026-0050,Rota,2,Rotavirus-2 (10 Weeks),2026-07-13,2026-07-13,0,UIP-NSK-202607-ROTA-432,PHC-NSK-08,nurse_nsk_08,FALSE,Routine UIP session.
NSK-2026-0050,OPV,4,OPV-3 (14 Weeks),2026-08-10,2026-08-12,2,UIP-NSK-202608-OPV-446,PHC-NSK-10,nurse_nsk_10,FALSE,Routine UIP session.
NSK-2026-0050,Penta,3,Pentavalent-3 (14 Weeks),2026-08-10,2026-08-10,0,UIP-NSK-202608-PENTA-932,PHC-NSK-08,nurse_nsk_08,FALSE,Routine UIP session.
NSK-2026-0050,Rota,3,Rotavirus-3 (14 Weeks),2026-08-10,2026-08-10,0,UIP-NSK-202608-ROTA-172,PHC-NSK-08,nurse_nsk_08,FALSE,Routine UIP session.
NSK-2026-0050,fIPV,2,fIPV-2 (14 Weeks),2026-08-10,2026-08-10,0,UIP-NSK-202608-FIPV-839,PHC-NSK-08,nurse_nsk_08,FALSE,Routine UIP session.
NSK-2026-0050,PCV,2,PCV-2 (14 Weeks),2026-08-10,2026-08-13,3,UIP-NSK-202608-PCV-531,PHC-NSK-08,nurse_nsk_08,FALSE,Routine UIP session.
NSK-2026-0051,OPV,1,OPV Zero Dose (At Birth),2026-04-18,2026-04-18,0,UIP-NSK-202604-OPV-467,PHC-NSK-03,nurse_nsk_03,FALSE,Administered at hospital after delivery.
NSK-2026-0051,HepB,1,Hepatitis B Birth Dose,2026-04-18,2026-04-18,0,UIP-NSK-202604-HEPB-182,PHC-NSK-03,nurse_nsk_03,FALSE,Administered at hospital after delivery.
NSK-2026-0051,OPV,2,OPV-1 (6 Weeks),2026-05-30,2026-06-01,2,UIP-NSK-202606-OPV-594,PHC-NSK-03,nurse_nsk_03,FALSE,Routine UIP session.
NSK-2026-0051,Penta,1,Pentavalent-1 (6 Weeks),2026-05-30,2026-05-30,0,UIP-NSK-202605-PENTA-872,PHC-NSK-03,nurse_nsk_03,FALSE,Routine UIP session.
NSK-2026-0051,Rota,1,Rotavirus-1 (6 Weeks),2026-05-30,2026-05-30,0,UIP-NSK-202605-ROTA-288,PHC-NSK-03,nurse_nsk_03,FALSE,Routine UIP session.
NSK-2026-0051,fIPV,1,fIPV-1 (6 Weeks),2026-05-30,2026-05-30,0,UIP-NSK-202605-FIPV-187,PHC-NSK-03,nurse_nsk_03,FALSE,Routine UIP session.
NSK-2026-0051,PCV,1,PCV-1 (6 Weeks),2026-05-30,2026-06-02,3,UIP-NSK-202606-PCV-886,PHC-NSK-03,nurse_nsk_03,FALSE,Routine UIP session.
NSK-2026-0051,OPV,3,OPV-2 (10 Weeks),2026-06-27,2026-06-29,2,UIP-NSK-202606-OPV-539,PHC-NSK-03,nurse_nsk_03,FALSE,Routine UIP session.
NSK-2026-0051,Penta,2,Pentavalent-2 (10 Weeks),2026-06-27,2026-06-27,0,UIP-NSK-202606-PENTA-783,PHC-NSK-03,nurse_nsk_03,FALSE,Routine UIP session.
NSK-2026-0051,Rota,2,Rotavirus-2 (10 Weeks),2026-06-27,2026-06-30,3,UIP-NSK-202606-ROTA-809,PHC-NSK-03,nurse_nsk_03,FALSE,Routine UIP session.
NSK-2026-0051,OPV,4,OPV-3 (14 Weeks),2026-07-25,2026-07-27,2,UIP-NSK-202607-OPV-368,PHC-NSK-03,nurse_nsk_03,FALSE,Routine UIP session.
NSK-2026-0051,Penta,3,Pentavalent-3 (14 Weeks),2026-07-25,2026-07-25,0,UIP-NSK-202607-PENTA-107,PHC-NSK-03,nurse_nsk_03,FALSE,Routine UIP session.
NSK-2026-0051,Rota,3,Rotavirus-3 (14 Weeks),2026-07-25,2026-07-28,3,UIP-NSK-202607-ROTA-264,PHC-NSK-03,nurse_nsk_03,FALSE,Routine UIP session.
NSK-2026-0051,fIPV,2,fIPV-2 (14 Weeks),2026-07-25,2026-07-27,2,UIP-NSK-202607-FIPV-292,PHC-NSK-03,nurse_nsk_03,FALSE,Routine UIP session.
NSK-2026-0051,PCV,2,PCV-2 (14 Weeks),2026-07-25,2026-07-25,0,UIP-NSK-202607-PCV-857,PHC-NSK-03,nurse_nsk_03,FALSE,Routine UIP session.
NSK-2026-0052,BCG,1,BCG (At Birth),2026-03-31,2026-03-31,0,UIP-NSK-202603-BCG-360,PHC-NSK-03,nurse_nsk_03,FALSE,Administered at hospital after delivery.
NSK-2026-0052,OPV,1,OPV Zero Dose (At Birth),2026-03-31,2026-03-31,0,UIP-NSK-202603-OPV-140,PHC-NSK-03,nurse_nsk_03,FALSE,Administered at hospital after delivery.
NSK-2026-0052,HepB,1,Hepatitis B Birth Dose,2026-03-31,2026-03-31,0,UIP-NSK-202603-HEPB-435,PHC-NSK-03,nurse_nsk_03,FALSE,Administered at hospital after delivery.
NSK-2026-0052,OPV,2,OPV-1 (6 Weeks),2026-05-12,2026-05-12,0,UIP-NSK-202605-OPV-465,PHC-NSK-03,nurse_nsk_03,FALSE,Routine UIP session.
NSK-2026-0052,Penta,1,Pentavalent-1 (6 Weeks),2026-05-12,2026-05-12,0,UIP-NSK-202605-PENTA-902,PHC-NSK-03,nurse_nsk_03,FALSE,Routine UIP session.
NSK-2026-0052,Rota,1,Rotavirus-1 (6 Weeks),2026-05-12,2026-05-14,2,UIP-NSK-202605-ROTA-417,PHC-NSK-03,nurse_nsk_03,FALSE,Routine UIP session.
NSK-2026-0052,fIPV,1,fIPV-1 (6 Weeks),2026-05-12,2026-05-12,0,UIP-NSK-202605-FIPV-482,PHC-NSK-03,nurse_nsk_03,FALSE,Routine UIP session.
NSK-2026-0052,PCV,1,PCV-1 (6 Weeks),2026-05-12,2026-05-12,0,UIP-NSK-202605-PCV-630,PHC-NSK-03,nurse_nsk_03,FALSE,Routine UIP session.
NSK-2026-0052,OPV,3,OPV-2 (10 Weeks),2026-06-09,2026-06-09,0,UIP-NSK-202606-OPV-666,PHC-NSK-03,nurse_nsk_03,FALSE,Routine UIP session.
NSK-2026-0052,Penta,2,Pentavalent-2 (10 Weeks),2026-06-09,2026-06-10,1,UIP-NSK-202606-PENTA-153,PHC-NSK-03,nurse_nsk_03,FALSE,Routine UIP session.
NSK-2026-0052,Rota,2,Rotavirus-2 (10 Weeks),2026-06-09,2026-06-11,2,UIP-NSK-202606-ROTA-822,PHC-NSK-03,nurse_nsk_03,FALSE,Routine UIP session.
NSK-2026-0052,OPV,4,OPV-3 (14 Weeks),2026-07-07,2026-07-07,0,UIP-NSK-202607-OPV-197,PHC-NSK-03,nurse_nsk_03,FALSE,Routine UIP session.
NSK-2026-0052,Penta,3,Pentavalent-3 (14 Weeks),2026-07-07,2026-07-08,1,UIP-NSK-202607-PENTA-882,PHC-NSK-06,nurse_nsk_06,FALSE,Routine UIP session.
NSK-2026-0052,Rota,3,Rotavirus-3 (14 Weeks),2026-07-07,2026-07-09,2,UIP-NSK-202607-ROTA-165,PHC-NSK-03,nurse_nsk_03,FALSE,Routine UIP session.
NSK-2026-0052,fIPV,2,fIPV-2 (14 Weeks),2026-07-07,2026-07-07,0,UIP-NSK-202607-FIPV-871,PHC-NSK-03,nurse_nsk_03,FALSE,Routine UIP session.
NSK-2026-0052,PCV,2,PCV-2 (14 Weeks),2026-07-07,2026-07-07,0,UIP-NSK-202607-PCV-651,PHC-NSK-03,nurse_nsk_03,FALSE,Routine UIP session.
NSK-2026-0053,BCG,1,BCG (At Birth),2026-03-26,2026-04-02,7,UIP-NSK-202604-BCG-991,PHC-NSK-06,nurse_nsk_06,FALSE,Routine UIP session.
NSK-2026-0053,OPV,1,OPV Zero Dose (At Birth),2026-03-26,2026-03-26,0,UIP-NSK-202603-OPV-679,PHC-NSK-06,nurse_nsk_06,FALSE,Administered at hospital after delivery.
NSK-2026-0053,HepB,1,Hepatitis B Birth Dose,2026-03-26,2026-03-26,0,UIP-NSK-202603-HEPB-259,PHC-NSK-06,nurse_nsk_06,FALSE,Administered at hospital after delivery.
NSK-2026-0053,OPV,2,OPV-1 (6 Weeks),2026-05-07,2026-05-20,13,UIP-NSK-202605-OPV-580,PHC-NSK-06,nurse_nsk_06,FALSE,Routine UIP session.
NSK-2026-0053,Penta,1,Pentavalent-1 (6 Weeks),2026-05-07,2026-05-11,4,UIP-NSK-202605-PENTA-759,PHC-NSK-06,nurse_nsk_06,FALSE,Routine UIP session.
NSK-2026-0053,Rota,1,Rotavirus-1 (6 Weeks),2026-05-07,2026-05-24,17,UIP-NSK-202605-ROTA-564,PHC-NSK-07,nurse_nsk_07,FALSE,Routine UIP session.
NSK-2026-0053,fIPV,1,fIPV-1 (6 Weeks),2026-05-07,2026-05-13,6,UIP-NSK-202605-FIPV-961,PHC-NSK-06,nurse_nsk_06,FALSE,Routine UIP session.
NSK-2026-0053,OPV,3,OPV-2 (10 Weeks),2026-06-04,2026-06-17,13,UIP-NSK-202606-OPV-416,PHC-NSK-06,nurse_nsk_06,FALSE,Routine UIP session.
NSK-2026-0053,Penta,2,Pentavalent-2 (10 Weeks),2026-06-04,2026-06-12,8,UIP-NSK-202606-PENTA-930,PHC-NSK-06,nurse_nsk_06,FALSE,Routine UIP session.
NSK-2026-0053,Rota,2,Rotavirus-2 (10 Weeks),2026-06-04,2026-06-21,17,UIP-NSK-202606-ROTA-608,PHC-NSK-06,nurse_nsk_06,FALSE,Routine UIP session.
NSK-2026-0053,OPV,4,OPV-3 (14 Weeks),2026-07-02,2026-07-15,13,UIP-NSK-202607-OPV-794,PHC-NSK-06,nurse_nsk_06,FALSE,Routine UIP session.
NSK-2026-0053,Penta,3,Pentavalent-3 (14 Weeks),2026-07-02,2026-07-10,8,UIP-NSK-202607-PENTA-368,PHC-NSK-06,nurse_nsk_06,FALSE,Routine UIP session.
NSK-2026-0053,Rota,3,Rotavirus-3 (14 Weeks),2026-07-02,2026-07-19,17,UIP-NSK-202607-ROTA-906,PHC-NSK-06,nurse_nsk_06,FALSE,Routine UIP session.
NSK-2026-0053,fIPV,2,fIPV-2 (14 Weeks),2026-07-02,2026-07-14,12,UIP-NSK-202607-FIPV-759,PHC-NSK-06,nurse_nsk_06,FALSE,Routine UIP session.
NSK-2026-0053,PCV,2,PCV-2 (14 Weeks),2026-07-02,2026-07-06,4,UIP-NSK-202607-PCV-533,PHC-NSK-06,nurse_nsk_06,FALSE,Routine UIP session.
NSK-2026-0054,BCG,1,BCG (At Birth),2026-05-14,2026-05-14,0,UIP-NSK-202605-BCG-583,PHC-NSK-03,nurse_nsk_03,FALSE,Administered at hospital after delivery.
NSK-2026-0054,OPV,1,OPV Zero Dose (At Birth),2026-05-14,2026-05-14,0,UIP-NSK-202605-OPV-274,PHC-NSK-07,nurse_nsk_07,FALSE,Administered at hospital after delivery.
NSK-2026-0054,HepB,1,Hepatitis B Birth Dose,2026-05-14,2026-05-14,0,UIP-NSK-202605-HEPB-416,PHC-NSK-07,nurse_nsk_07,FALSE,Administered at hospital after delivery.
NSK-2026-0054,OPV,2,OPV-1 (6 Weeks),2026-06-25,2026-07-13,18,UIP-NSK-202607-OPV-818,PHC-NSK-07,nurse_nsk_07,FALSE,Routine UIP session.
NSK-2026-0054,Penta,1,Pentavalent-1 (6 Weeks),2026-06-25,2026-07-02,7,UIP-NSK-202607-PENTA-900,PHC-NSK-07,nurse_nsk_07,FALSE,Routine UIP session.
NSK-2026-0054,Rota,1,Rotavirus-1 (6 Weeks),2026-06-25,2026-07-09,14,UIP-NSK-202607-ROTA-523,PHC-NSK-07,nurse_nsk_07,FALSE,Routine UIP session.
NSK-2026-0054,fIPV,1,fIPV-1 (6 Weeks),2026-06-25,2026-07-08,13,UIP-NSK-202607-FIPV-288,PHC-NSK-07,nurse_nsk_07,FALSE,Routine UIP session.
NSK-2026-0054,PCV,1,PCV-1 (6 Weeks),2026-06-25,2026-06-26,1,UIP-NSK-202606-PCV-976,PHC-NSK-07,nurse_nsk_07,FALSE,Routine UIP session.
NSK-2026-0054,OPV,3,OPV-2 (10 Weeks),2026-07-23,2026-08-10,18,UIP-NSK-202608-OPV-586,PHC-NSK-07,nurse_nsk_07,FALSE,Routine UIP session.
NSK-2026-0054,Penta,2,Pentavalent-2 (10 Weeks),2026-07-23,2026-08-06,14,UIP-NSK-202608-PENTA-854,PHC-NSK-07,nurse_nsk_07,FALSE,Routine UIP session.
NSK-2026-0054,Rota,2,Rotavirus-2 (10 Weeks),2026-07-23,2026-08-09,17,UIP-NSK-202608-ROTA-135,PHC-NSK-07,nurse_nsk_07,FALSE,Routine UIP session.
NSK-2026-0054,OPV,4,OPV-3 (14 Weeks),2026-08-20,2026-09-07,18,UIP-NSK-202609-OPV-449,PHC-NSK-07,nurse_nsk_07,FALSE,Routine UIP session.
NSK-2026-0054,Penta,3,Pentavalent-3 (14 Weeks),2026-08-20,2026-09-03,14,UIP-NSK-202609-PENTA-459,PHC-NSK-09,nurse_nsk_09,FALSE,Routine UIP session.
NSK-2026-0054,fIPV,2,fIPV-2 (14 Weeks),2026-08-20,2026-08-23,3,UIP-NSK-202608-FIPV-906,PHC-NSK-07,nurse_nsk_07,FALSE,Routine UIP session.
NSK-2026-0054,PCV,2,PCV-2 (14 Weeks),2026-08-20,2026-08-25,5,UIP-NSK-202608-PCV-345,PHC-NSK-07,nurse_nsk_07,FALSE,Routine UIP session.
NSK-2026-0055,BCG,1,BCG (At Birth),2026-06-19,2026-06-19,0,UIP-NSK-202606-BCG-584,PHC-NSK-04,nurse_nsk_04,FALSE,Administered at hospital after delivery.
NSK-2026-0055,OPV,1,OPV Zero Dose (At Birth),2026-06-19,2026-06-19,0,UIP-NSK-202606-OPV-386,PHC-NSK-04,nurse_nsk_04,FALSE,Administered at hospital after delivery.
NSK-2026-0055,HepB,1,Hepatitis B Birth Dose,2026-06-19,2026-06-19,0,UIP-NSK-202606-HEPB-806,PHC-NSK-04,nurse_nsk_04,FALSE,Administered at hospital after delivery.
NSK-2026-0055,Penta,1,Pentavalent-1 (6 Weeks),2026-07-31,2026-08-17,17,UIP-NSK-202608-PENTA-602,PHC-NSK-07,nurse_nsk_07,FALSE,Routine UIP session.
NSK-2026-0055,Rota,1,Rotavirus-1 (6 Weeks),2026-07-31,2026-08-07,7,UIP-NSK-202608-ROTA-824,PHC-NSK-04,nurse_nsk_04,FALSE,Routine UIP session.
NSK-2026-0055,fIPV,1,fIPV-1 (6 Weeks),2026-07-31,2026-08-05,5,UIP-NSK-202608-FIPV-708,PHC-NSK-04,nurse_nsk_04,FALSE,Routine UIP session.
NSK-2026-0055,PCV,1,PCV-1 (6 Weeks),2026-07-31,2026-08-06,6,UIP-NSK-202608-PCV-985,PHC-NSK-04,nurse_nsk_04,FALSE,Routine UIP session.
NSK-2026-0055,OPV,3,OPV-2 (10 Weeks),2026-08-28,2026-08-28,0,UIP-NSK-202608-OPV-309,PHC-NSK-04,nurse_nsk_04,FALSE,Routine UIP session.
NSK-2026-0055,Penta,2,Pentavalent-2 (10 Weeks),2026-08-28,2026-09-17,20,UIP-NSK-202609-PENTA-726,PHC-NSK-04,nurse_nsk_04,FALSE,Routine UIP session.
NSK-2026-0055,Rota,2,Rotavirus-2 (10 Weeks),2026-08-28,2026-09-04,7,UIP-NSK-202609-ROTA-949,PHC-NSK-04,nurse_nsk_04,FALSE,Routine UIP session.
NSK-2026-0055,OPV,4,OPV-3 (14 Weeks),2026-09-25,2026-10-01,6,UIP-NSK-202610-OPV-218,PHC-NSK-04,nurse_nsk_04,FALSE,Routine UIP session.
NSK-2026-0055,Rota,3,Rotavirus-3 (14 Weeks),2026-09-25,2026-10-03,8,UIP-NSK-202610-ROTA-802,PHC-NSK-04,nurse_nsk_04,FALSE,Routine UIP session.
NSK-2026-0056,BCG,1,BCG (At Birth),2026-04-07,2026-04-07,0,UIP-NSK-202604-BCG-257,PHC-NSK-02,nurse_nsk_02,FALSE,Administered at hospital after delivery.
NSK-2026-0056,OPV,1,OPV Zero Dose (At Birth),2026-04-07,2026-04-07,0,UIP-NSK-202604-OPV-637,PHC-NSK-06,nurse_nsk_06,FALSE,Administered at hospital after delivery.
NSK-2026-0056,HepB,1,Hepatitis B Birth Dose,2026-04-07,2026-04-07,0,UIP-NSK-202604-HEPB-950,PHC-NSK-02,nurse_nsk_02,FALSE,Administered at hospital after delivery.
NSK-2026-0056,OPV,2,OPV-1 (6 Weeks),2026-05-19,2026-05-26,7,UIP-NSK-202605-OPV-584,PHC-NSK-02,nurse_nsk_02,FALSE,Routine UIP session.
NSK-2026-0056,Penta,1,Pentavalent-1 (6 Weeks),2026-05-19,2026-05-29,10,UIP-NSK-202605-PENTA-124,PHC-NSK-02,nurse_nsk_02,FALSE,Routine UIP session.
NSK-2026-0056,Rota,1,Rotavirus-1 (6 Weeks),2026-05-19,2026-06-07,19,UIP-NSK-202606-ROTA-561,PHC-NSK-02,nurse_nsk_02,FALSE,Routine UIP session.
NSK-2026-0056,fIPV,1,fIPV-1 (6 Weeks),2026-05-19,2026-05-25,6,UIP-NSK-202605-FIPV-933,PHC-NSK-02,nurse_nsk_02,FALSE,Routine UIP session.
NSK-2026-0056,PCV,1,PCV-1 (6 Weeks),2026-05-19,2026-05-27,8,UIP-NSK-202605-PCV-993,PHC-NSK-02,nurse_nsk_02,FALSE,Routine UIP session.
NSK-2026-0056,Rota,2,Rotavirus-2 (10 Weeks),2026-06-16,2026-07-05,19,UIP-NSK-202607-ROTA-364,PHC-NSK-02,nurse_nsk_02,FALSE,Routine UIP session.
NSK-2026-0056,Penta,3,Pentavalent-3 (14 Weeks),2026-07-14,2026-07-21,7,UIP-NSK-202607-PENTA-400,PHC-NSK-02,nurse_nsk_02,FALSE,Routine UIP session.
NSK-2026-0056,Rota,3,Rotavirus-3 (14 Weeks),2026-07-14,2026-08-02,19,UIP-NSK-202608-ROTA-473,PHC-NSK-02,nurse_nsk_02,FALSE,Routine UIP session.
NSK-2026-0056,fIPV,2,fIPV-2 (14 Weeks),2026-07-14,2026-07-26,12,UIP-NSK-202607-FIPV-146,PHC-NSK-02,nurse_nsk_02,FALSE,Routine UIP session.
NSK-2026-0056,PCV,2,PCV-2 (14 Weeks),2026-07-14,2026-07-16,2,UIP-NSK-202607-PCV-401,PHC-NSK-02,nurse_nsk_02,FALSE,Routine UIP session.
NSK-2026-0057,BCG,1,BCG (At Birth),2026-06-30,2026-06-30,0,UIP-NSK-202606-BCG-973,PHC-NSK-02,nurse_nsk_02,FALSE,Administered at hospital after delivery.
NSK-2026-0057,OPV,1,OPV Zero Dose (At Birth),2026-06-30,2026-06-30,0,UIP-NSK-202606-OPV-252,PHC-NSK-02,nurse_nsk_02,FALSE,Administered at hospital after delivery.
NSK-2026-0057,HepB,1,Hepatitis B Birth Dose,2026-06-30,2026-06-30,0,UIP-NSK-202606-HEPB-619,PHC-NSK-02,nurse_nsk_02,FALSE,Administered at hospital after delivery.
NSK-2026-0057,OPV,2,OPV-1 (6 Weeks),2026-08-11,2026-08-12,1,UIP-NSK-202608-OPV-292,PHC-NSK-02,nurse_nsk_02,FALSE,Routine UIP session.
NSK-2026-0057,Penta,1,Pentavalent-1 (6 Weeks),2026-08-11,2026-08-13,2,UIP-NSK-202608-PENTA-288,PHC-NSK-02,nurse_nsk_02,FALSE,Routine UIP session.
NSK-2026-0057,Rota,1,Rotavirus-1 (6 Weeks),2026-08-11,2026-08-11,0,UIP-NSK-202608-ROTA-483,PHC-NSK-02,nurse_nsk_02,FALSE,Routine UIP session.
NSK-2026-0057,fIPV,1,fIPV-1 (6 Weeks),2026-08-11,2026-08-11,0,UIP-NSK-202608-FIPV-368,PHC-NSK-02,nurse_nsk_02,FALSE,Routine UIP session.
NSK-2026-0057,Penta,2,Pentavalent-2 (10 Weeks),2026-09-08,2026-09-18,10,UIP-NSK-202609-PENTA-157,PHC-NSK-02,nurse_nsk_02,FALSE,Routine UIP session.
NSK-2026-0057,Rota,2,Rotavirus-2 (10 Weeks),2026-09-08,2026-09-08,0,UIP-NSK-202609-ROTA-692,PHC-NSK-02,nurse_nsk_02,FALSE,Routine UIP session.
NSK-2026-0058,BCG,1,BCG (At Birth),2026-06-09,2026-06-09,0,UIP-NSK-202606-BCG-465,PHC-NSK-02,nurse_nsk_02,FALSE,Administered at hospital after delivery.
NSK-2026-0058,OPV,1,OPV Zero Dose (At Birth),2026-06-09,2026-06-09,0,UIP-NSK-202606-OPV-365,PHC-NSK-02,nurse_nsk_02,FALSE,Administered at hospital after delivery.
NSK-2026-0058,HepB,1,Hepatitis B Birth Dose,2026-06-09,2026-06-09,0,UIP-NSK-202606-HEPB-884,PHC-NSK-02,nurse_nsk_02,FALSE,Administered at hospital after delivery.
NSK-2026-0058,OPV,2,OPV-1 (6 Weeks),2026-07-21,2026-07-21,0,UIP-NSK-202607-OPV-407,PHC-NSK-02,nurse_nsk_02,FALSE,Routine UIP session.
NSK-2026-0058,Penta,1,Pentavalent-1 (6 Weeks),2026-07-21,2026-07-22,1,UIP-NSK-202607-PENTA-745,PHC-NSK-02,nurse_nsk_02,FALSE,Routine UIP session.
NSK-2026-0058,Rota,1,Rotavirus-1 (6 Weeks),2026-07-21,2026-07-24,3,UIP-NSK-202607-ROTA-956,PHC-NSK-02,nurse_nsk_02,FALSE,Routine UIP session.
NSK-2026-0058,fIPV,1,fIPV-1 (6 Weeks),2026-07-21,2026-07-21,0,UIP-NSK-202607-FIPV-911,PHC-NSK-02,nurse_nsk_02,FALSE,Routine UIP session.
NSK-2026-0058,PCV,1,PCV-1 (6 Weeks),2026-07-21,2026-07-21,0,UIP-NSK-202607-PCV-764,PHC-NSK-02,nurse_nsk_02,FALSE,Routine UIP session.
NSK-2026-0058,OPV,3,OPV-2 (10 Weeks),2026-08-18,2026-08-18,0,UIP-NSK-202608-OPV-850,PHC-NSK-01,nurse_nsk_01,FALSE,Routine UIP session.
NSK-2026-0058,Penta,2,Pentavalent-2 (10 Weeks),2026-08-18,2026-08-19,1,UIP-NSK-202608-PENTA-600,PHC-NSK-02,nurse_nsk_02,FALSE,Routine UIP session.
NSK-2026-0058,Rota,2,Rotavirus-2 (10 Weeks),2026-08-18,2026-08-21,3,UIP-NSK-202608-ROTA-799,PHC-NSK-02,nurse_nsk_02,FALSE,Routine UIP session.
NSK-2026-0058,OPV,4,OPV-3 (14 Weeks),2026-09-15,2026-09-15,0,UIP-NSK-202609-OPV-455,PHC-NSK-08,nurse_nsk_08,FALSE,Routine UIP session.
NSK-2026-0058,Penta,3,Pentavalent-3 (14 Weeks),2026-09-15,2026-09-20,5,UIP-NSK-202609-PENTA-529,PHC-NSK-02,nurse_nsk_02,FALSE,Routine UIP session.
NSK-2026-0058,Rota,3,Rotavirus-3 (14 Weeks),2026-09-15,2026-09-18,3,UIP-NSK-202609-ROTA-336,PHC-NSK-02,nurse_nsk_02,FALSE,Routine UIP session.
NSK-2026-0058,fIPV,2,fIPV-2 (14 Weeks),2026-09-15,2026-09-15,0,UIP-NSK-202609-FIPV-324,PHC-NSK-02,nurse_nsk_02,FALSE,Routine UIP session.
NSK-2026-0058,PCV,2,PCV-2 (14 Weeks),2026-09-15,2026-09-15,0,UIP-NSK-202609-PCV-823,PHC-NSK-02,nurse_nsk_02,FALSE,Routine UIP session.
NSK-2026-0059,BCG,1,BCG (At Birth),2026-01-24,2026-01-24,0,UIP-NSK-202601-BCG-986,PHC-NSK-07,nurse_nsk_07,FALSE,Administered at hospital after delivery.
NSK-2026-0059,OPV,1,OPV Zero Dose (At Birth),2026-01-24,2026-01-24,0,UIP-NSK-202601-OPV-266,PHC-NSK-07,nurse_nsk_07,FALSE,Administered at hospital after delivery.
NSK-2026-0059,HepB,1,Hepatitis B Birth Dose,2026-01-24,2026-01-24,0,UIP-NSK-202601-HEPB-632,PHC-NSK-07,nurse_nsk_07,FALSE,Administered at hospital after delivery.
NSK-2026-0059,OPV,2,OPV-1 (6 Weeks),2026-03-07,2026-03-17,10,UIP-NSK-202603-OPV-232,PHC-NSK-07,nurse_nsk_07,FALSE,Routine UIP session.
NSK-2026-0059,Penta,1,Pentavalent-1 (6 Weeks),2026-03-07,2026-03-19,12,UIP-NSK-202603-PENTA-924,PHC-NSK-10,nurse_nsk_10,FALSE,Routine UIP session.
NSK-2026-0059,Rota,1,Rotavirus-1 (6 Weeks),2026-03-07,2026-03-11,4,UIP-NSK-202603-ROTA-593,PHC-NSK-07,nurse_nsk_07,FALSE,Routine UIP session.
NSK-2026-0059,fIPV,1,fIPV-1 (6 Weeks),2026-03-07,2026-03-14,7,UIP-NSK-202603-FIPV-437,PHC-NSK-07,nurse_nsk_07,FALSE,Routine UIP session.
NSK-2026-0059,PCV,1,PCV-1 (6 Weeks),2026-03-07,2026-03-18,11,UIP-NSK-202603-PCV-298,PHC-NSK-07,nurse_nsk_07,FALSE,Routine UIP session.
NSK-2026-0059,OPV,3,OPV-2 (10 Weeks),2026-04-04,2026-04-14,10,UIP-NSK-202604-OPV-842,PHC-NSK-07,nurse_nsk_07,FALSE,Routine UIP session.
NSK-2026-0059,Penta,2,Pentavalent-2 (10 Weeks),2026-04-04,2026-04-16,12,UIP-NSK-202604-PENTA-283,PHC-NSK-07,nurse_nsk_07,FALSE,Routine UIP session.
NSK-2026-0059,Rota,2,Rotavirus-2 (10 Weeks),2026-04-04,2026-04-13,9,UIP-NSK-202604-ROTA-198,PHC-NSK-07,nurse_nsk_07,FALSE,Routine UIP session.
NSK-2026-0059,OPV,4,OPV-3 (14 Weeks),2026-05-02,2026-05-12,10,UIP-NSK-202605-OPV-583,PHC-NSK-07,nurse_nsk_07,FALSE,Routine UIP session.
NSK-2026-0059,Penta,3,Pentavalent-3 (14 Weeks),2026-05-02,2026-05-14,12,UIP-NSK-202605-PENTA-148,PHC-NSK-07,nurse_nsk_07,FALSE,Routine UIP session.
NSK-2026-0059,fIPV,2,fIPV-2 (14 Weeks),2026-05-02,2026-05-06,4,UIP-NSK-202605-FIPV-389,PHC-NSK-07,nurse_nsk_07,FALSE,Routine UIP session.
NSK-2026-0059,PCV,2,PCV-2 (14 Weeks),2026-05-02,2026-05-04,2,UIP-NSK-202605-PCV-261,PHC-NSK-07,nurse_nsk_07,FALSE,Routine UIP session.
NSK-2026-0060,BCG,1,BCG (At Birth),2026-08-19,2026-08-19,0,UIP-NSK-202608-BCG-926,PHC-NSK-01,nurse_nsk_01,FALSE,Administered at hospital after delivery.
NSK-2026-0060,OPV,1,OPV Zero Dose (At Birth),2026-08-19,2026-08-19,0,UIP-NSK-202608-OPV-341,PHC-NSK-01,nurse_nsk_01,FALSE,Administered at hospital after delivery.
NSK-2026-0060,HepB,1,Hepatitis B Birth Dose,2026-08-19,2026-08-19,0,UIP-NSK-202608-HEPB-298,PHC-NSK-01,nurse_nsk_01,FALSE,Administered at hospital after delivery.
NSK-2026-0060,OPV,2,OPV-1 (6 Weeks),2026-09-30,2026-09-30,0,UIP-NSK-202609-OPV-542,PHC-NSK-08,nurse_nsk_08,FALSE,Routine UIP session.
NSK-2026-0060,Penta,1,Pentavalent-1 (6 Weeks),2026-09-30,2026-10-02,2,UIP-NSK-202610-PENTA-549,PHC-NSK-01,nurse_nsk_01,FALSE,Routine UIP session.
NSK-2026-0060,Rota,1,Rotavirus-1 (6 Weeks),2026-09-30,2026-09-30,0,UIP-NSK-202609-ROTA-214,PHC-NSK-01,nurse_nsk_01,FALSE,Routine UIP session.
NSK-2026-0060,fIPV,1,fIPV-1 (6 Weeks),2026-09-30,2026-10-03,3,UIP-NSK-202610-FIPV-540,PHC-NSK-01,nurse_nsk_01,FALSE,Routine UIP session.
NSK-2026-0060,PCV,1,PCV-1 (6 Weeks),2026-09-30,2026-09-30,0,UIP-NSK-202609-PCV-219,PHC-NSK-01,nurse_nsk_01,FALSE,Routine UIP session.
NSK-2026-0061,BCG,1,BCG (At Birth),2026-03-18,2026-03-18,0,UIP-NSK-202603-BCG-593,PHC-NSK-04,nurse_nsk_04,FALSE,Administered at hospital after delivery.
NSK-2026-0061,OPV,1,OPV Zero Dose (At Birth),2026-03-18,2026-03-18,0,UIP-NSK-202603-OPV-165,PHC-NSK-04,nurse_nsk_04,FALSE,Administered at hospital after delivery.
NSK-2026-0061,HepB,1,Hepatitis B Birth Dose,2026-03-18,2026-03-18,0,UIP-NSK-202603-HEPB-883,PHC-NSK-04,nurse_nsk_04,FALSE,Administered at hospital after delivery.
NSK-2026-0061,OPV,2,OPV-1 (6 Weeks),2026-04-29,2026-06-09,41,UIP-NSK-202606-OPV-490,PHC-NSK-04,nurse_nsk_04,FALSE,Routine UIP session.
NSK-2026-0061,Rota,1,Rotavirus-1 (6 Weeks),2026-04-29,2026-06-08,40,UIP-NSK-202606-ROTA-633,PHC-NSK-04,nurse_nsk_04,FALSE,Routine UIP session.
NSK-2026-0061,fIPV,1,fIPV-1 (6 Weeks),2026-04-29,2026-05-29,30,UIP-NSK-202605-FIPV-273,PHC-NSK-04,nurse_nsk_04,FALSE,Routine UIP session.
NSK-2026-0061,PCV,1,PCV-1 (6 Weeks),2026-04-29,2026-05-18,19,UIP-NSK-202605-PCV-286,PHC-NSK-04,nurse_nsk_04,FALSE,Routine UIP session.
NSK-2026-0061,fIPV,2,fIPV-2 (14 Weeks),2026-06-24,2026-07-07,13,UIP-NSK-202607-FIPV-497,PHC-NSK-04,nurse_nsk_04,FALSE,Routine UIP session.
NSK-2026-0061,PCV,2,PCV-2 (14 Weeks),2026-06-24,2026-08-05,42,UIP-NSK-202608-PCV-657,PHC-NSK-04,nurse_nsk_04,FALSE,Routine UIP session.
NSK-2026-0062,BCG,1,BCG (At Birth),2026-01-04,2026-01-04,0,UIP-NSK-202601-BCG-227,PHC-NSK-03,nurse_nsk_03,FALSE,Administered at hospital after delivery.
NSK-2026-0062,OPV,1,OPV Zero Dose (At Birth),2026-01-04,2026-01-04,0,UIP-NSK-202601-OPV-836,PHC-NSK-04,nurse_nsk_04,FALSE,Administered at hospital after delivery.
NSK-2026-0062,HepB,1,Hepatitis B Birth Dose,2026-01-04,2026-01-04,0,UIP-NSK-202601-HEPB-886,PHC-NSK-03,nurse_nsk_03,FALSE,Administered at hospital after delivery.
NSK-2026-0062,OPV,2,OPV-1 (6 Weeks),2026-02-15,2026-02-15,0,UIP-NSK-202602-OPV-585,PHC-NSK-05,nurse_nsk_05,FALSE,Routine UIP session.
NSK-2026-0062,Penta,1,Pentavalent-1 (6 Weeks),2026-02-15,2026-02-15,0,UIP-NSK-202602-PENTA-530,PHC-NSK-03,nurse_nsk_03,FALSE,Routine UIP session.
NSK-2026-0062,Rota,1,Rotavirus-1 (6 Weeks),2026-02-15,2026-02-15,0,UIP-NSK-202602-ROTA-477,PHC-NSK-03,nurse_nsk_03,FALSE,Routine UIP session.
NSK-2026-0062,fIPV,1,fIPV-1 (6 Weeks),2026-02-15,2026-02-15,0,UIP-NSK-202602-FIPV-853,PHC-NSK-03,nurse_nsk_03,FALSE,Routine UIP session.
NSK-2026-0062,PCV,1,PCV-1 (6 Weeks),2026-02-15,2026-02-17,2,UIP-NSK-202602-PCV-199,PHC-NSK-03,nurse_nsk_03,FALSE,Routine UIP session.
NSK-2026-0062,OPV,3,OPV-2 (10 Weeks),2026-03-15,2026-03-16,1,UIP-NSK-202603-OPV-259,PHC-NSK-03,nurse_nsk_03,FALSE,Routine UIP session.
NSK-2026-0062,Penta,2,Pentavalent-2 (10 Weeks),2026-03-15,2026-03-15,0,UIP-NSK-202603-PENTA-330,PHC-NSK-03,nurse_nsk_03,FALSE,Routine UIP session.
NSK-2026-0062,Rota,2,Rotavirus-2 (10 Weeks),2026-03-15,2026-03-15,0,UIP-NSK-202603-ROTA-234,PHC-NSK-10,nurse_nsk_10,FALSE,Routine UIP session.
NSK-2026-0062,OPV,4,OPV-3 (14 Weeks),2026-04-12,2026-04-19,7,UIP-NSK-202604-OPV-230,PHC-NSK-03,nurse_nsk_03,FALSE,Routine UIP session.
NSK-2026-0062,Penta,3,Pentavalent-3 (14 Weeks),2026-04-12,2026-04-12,0,UIP-NSK-202604-PENTA-444,PHC-NSK-03,nurse_nsk_03,FALSE,Routine UIP session.
NSK-2026-0062,Rota,3,Rotavirus-3 (14 Weeks),2026-04-12,2026-04-12,0,UIP-NSK-202604-ROTA-177,PHC-NSK-03,nurse_nsk_03,FALSE,Routine UIP session.
NSK-2026-0062,fIPV,2,fIPV-2 (14 Weeks),2026-04-12,2026-04-12,0,UIP-NSK-202604-FIPV-946,PHC-NSK-03,nurse_nsk_03,FALSE,Routine UIP session.
NSK-2026-0062,PCV,2,PCV-2 (14 Weeks),2026-04-12,2026-04-12,0,UIP-NSK-202604-PCV-407,PHC-NSK-03,nurse_nsk_03,FALSE,Routine UIP session.
NSK-2026-0062,MR,1,MR-1 (9-12 Months),2026-10-04,2026-10-04,0,UIP-NSK-202610-MR-968,PHC-NSK-03,nurse_nsk_03,FALSE,Routine UIP session.
NSK-2026-0062,PCV,3,PCV Booster (9 Months),2026-10-04,2026-10-04,0,UIP-NSK-202610-PCV-164,PHC-NSK-03,nurse_nsk_03,FALSE,Routine UIP session.
NSK-2026-0063,BCG,1,BCG (At Birth),2026-01-22,2026-01-22,0,UIP-NSK-202601-BCG-911,PHC-NSK-10,nurse_nsk_10,FALSE,Administered at hospital after delivery.
NSK-2026-0063,OPV,1,OPV Zero Dose (At Birth),2026-01-22,2026-01-22,0,UIP-NSK-202601-OPV-873,PHC-NSK-10,nurse_nsk_10,FALSE,Administered at hospital after delivery.
NSK-2026-0063,HepB,1,Hepatitis B Birth Dose,2026-01-22,2026-01-22,0,UIP-NSK-202601-HEPB-738,PHC-NSK-10,nurse_nsk_10,FALSE,Administered at hospital after delivery.
NSK-2026-0063,OPV,2,OPV-1 (6 Weeks),2026-03-05,2026-03-16,11,UIP-NSK-202603-OPV-335,PHC-NSK-07,nurse_nsk_07,FALSE,Routine UIP session.
NSK-2026-0063,Penta,1,Pentavalent-1 (6 Weeks),2026-03-05,2026-03-12,7,UIP-NSK-202603-PENTA-660,PHC-NSK-02,nurse_nsk_02,FALSE,Routine UIP session.
NSK-2026-0063,Rota,1,Rotavirus-1 (6 Weeks),2026-03-05,2026-03-15,10,UIP-NSK-202603-ROTA-581,PHC-NSK-10,nurse_nsk_10,FALSE,Routine UIP session.
NSK-2026-0063,fIPV,1,fIPV-1 (6 Weeks),2026-03-05,2026-03-07,2,UIP-NSK-202603-FIPV-542,PHC-NSK-10,nurse_nsk_10,FALSE,Routine UIP session.
NSK-2026-0063,PCV,1,PCV-1 (6 Weeks),2026-03-05,2026-03-06,1,UIP-NSK-202603-PCV-932,PHC-NSK-10,nurse_nsk_10,FALSE,Routine UIP session.
NSK-2026-0063,OPV,3,OPV-2 (10 Weeks),2026-04-02,2026-04-14,12,UIP-NSK-202604-OPV-937,PHC-NSK-10,nurse_nsk_10,FALSE,Routine UIP session.
NSK-2026-0063,Penta,2,Pentavalent-2 (10 Weeks),2026-04-02,2026-04-18,16,UIP-NSK-202604-PENTA-661,PHC-NSK-10,nurse_nsk_10,FALSE,Routine UIP session.
NSK-2026-0063,Rota,2,Rotavirus-2 (10 Weeks),2026-04-02,2026-04-16,14,UIP-NSK-202604-ROTA-135,PHC-NSK-10,nurse_nsk_10,FALSE,Routine UIP session.
NSK-2026-0063,OPV,4,OPV-3 (14 Weeks),2026-04-30,2026-05-12,12,UIP-NSK-202605-OPV-609,PHC-NSK-10,nurse_nsk_10,FALSE,Routine UIP session.
NSK-2026-0063,Penta,3,Pentavalent-3 (14 Weeks),2026-04-30,2026-05-16,16,UIP-NSK-202605-PENTA-366,PHC-NSK-07,nurse_nsk_07,FALSE,Routine UIP session.
NSK-2026-0063,Rota,3,Rotavirus-3 (14 Weeks),2026-04-30,2026-05-14,14,UIP-NSK-202605-ROTA-391,PHC-NSK-10,nurse_nsk_10,FALSE,Routine UIP session.
NSK-2026-0063,fIPV,2,fIPV-2 (14 Weeks),2026-04-30,2026-05-06,6,UIP-NSK-202605-FIPV-755,PHC-NSK-10,nurse_nsk_10,TRUE,Mild fever and local swelling; resolved in 48 hours.
NSK-2026-0063,PCV,2,PCV-2 (14 Weeks),2026-04-30,2026-05-15,15,UIP-NSK-202605-PCV-424,PHC-NSK-10,nurse_nsk_10,FALSE,Routine UIP session.
NSK-2026-0064,BCG,1,BCG (At Birth),2026-09-22,2026-09-22,0,UIP-NSK-202609-BCG-549,PHC-NSK-07,nurse_nsk_07,FALSE,Administered at hospital after delivery.
NSK-2026-0064,OPV,1,OPV Zero Dose (At Birth),2026-09-22,2026-09-22,0,UIP-NSK-202609-OPV-450,PHC-NSK-07,nurse_nsk_07,FALSE,Administered at hospital after delivery.
NSK-2026-0064,HepB,1,Hepatitis B Birth Dose,2026-09-22,2026-09-22,0,UIP-NSK-202609-HEPB-512,PHC-NSK-07,nurse_nsk_07,FALSE,Administered at hospital after delivery.
NSK-2026-0065,BCG,1,BCG (At Birth),2026-09-17,2026-09-17,0,UIP-NSK-202609-BCG-468,PHC-NSK-10,nurse_nsk_10,FALSE,Administered at hospital after delivery.
NSK-2026-0065,OPV,1,OPV Zero Dose (At Birth),2026-09-17,2026-09-17,0,UIP-NSK-202609-OPV-135,PHC-NSK-10,nurse_nsk_10,FALSE,Administered at hospital after delivery.
NSK-2026-0065,HepB,1,Hepatitis B Birth Dose,2026-09-17,2026-09-17,0,UIP-NSK-202609-HEPB-438,PHC-NSK-05,nurse_nsk_05,FALSE,Administered at hospital after delivery.
NSK-2026-0066,BCG,1,BCG (At Birth),2026-04-21,2026-04-26,5,UIP-NSK-202604-BCG-819,PHC-NSK-02,nurse_nsk_02,FALSE,Routine UIP session.
NSK-2026-0066,OPV,1,OPV Zero Dose (At Birth),2026-04-21,2026-04-21,0,UIP-NSK-202604-OPV-714,PHC-NSK-02,nurse_nsk_02,FALSE,Administered at hospital after delivery.
NSK-2026-0066,HepB,1,Hepatitis B Birth Dose,2026-04-21,2026-04-21,0,UIP-NSK-202604-HEPB-226,PHC-NSK-02,nurse_nsk_02,FALSE,Administered at hospital after delivery.
NSK-2026-0066,OPV,2,OPV-1 (6 Weeks),2026-06-02,2026-06-09,7,UIP-NSK-202606-OPV-363,PHC-NSK-02,nurse_nsk_02,FALSE,Routine UIP session.
NSK-2026-0066,Penta,1,Pentavalent-1 (6 Weeks),2026-06-02,2026-06-02,0,UIP-NSK-202606-PENTA-757,PHC-NSK-02,nurse_nsk_02,FALSE,Routine UIP session.
NSK-2026-0066,Rota,1,Rotavirus-1 (6 Weeks),2026-06-02,2026-06-04,2,UIP-NSK-202606-ROTA-597,PHC-NSK-10,nurse_nsk_10,FALSE,Routine UIP session.
NSK-2026-0066,fIPV,1,fIPV-1 (6 Weeks),2026-06-02,2026-06-02,0,UIP-NSK-202606-FIPV-228,PHC-NSK-02,nurse_nsk_02,FALSE,Routine UIP session.
NSK-2026-0066,PCV,1,PCV-1 (6 Weeks),2026-06-02,2026-06-02,0,UIP-NSK-202606-PCV-620,PHC-NSK-02,nurse_nsk_02,FALSE,Routine UIP session.
NSK-2026-0066,OPV,3,OPV-2 (10 Weeks),2026-06-30,2026-07-07,7,UIP-NSK-202607-OPV-882,PHC-NSK-02,nurse_nsk_02,FALSE,Routine UIP session.
NSK-2026-0066,Penta,2,Pentavalent-2 (10 Weeks),2026-06-30,2026-06-30,0,UIP-NSK-202606-PENTA-413,PHC-NSK-02,nurse_nsk_02,FALSE,Routine UIP session.
NSK-2026-0066,Rota,2,Rotavirus-2 (10 Weeks),2026-06-30,2026-07-02,2,UIP-NSK-202607-ROTA-227,PHC-NSK-02,nurse_nsk_02,FALSE,Routine UIP session.
NSK-2026-0066,OPV,4,OPV-3 (14 Weeks),2026-07-28,2026-08-04,7,UIP-NSK-202608-OPV-565,PHC-NSK-02,nurse_nsk_02,FALSE,Routine UIP session.
NSK-2026-0066,Penta,3,Pentavalent-3 (14 Weeks),2026-07-28,2026-07-28,0,UIP-NSK-202607-PENTA-256,PHC-NSK-02,nurse_nsk_02,FALSE,Routine UIP session.
NSK-2026-0066,Rota,3,Rotavirus-3 (14 Weeks),2026-07-28,2026-07-30,2,UIP-NSK-202607-ROTA-614,PHC-NSK-02,nurse_nsk_02,FALSE,Routine UIP session.
NSK-2026-0066,fIPV,2,fIPV-2 (14 Weeks),2026-07-28,2026-07-28,0,UIP-NSK-202607-FIPV-888,PHC-NSK-02,nurse_nsk_02,FALSE,Routine UIP session.
NSK-2026-0066,PCV,2,PCV-2 (14 Weeks),2026-07-28,2026-07-31,3,UIP-NSK-202607-PCV-742,PHC-NSK-02,nurse_nsk_02,FALSE,Routine UIP session.
NSK-2026-0067,BCG,1,BCG (At Birth),2026-03-02,2026-03-02,0,UIP-NSK-202603-BCG-203,PHC-NSK-04,nurse_nsk_04,FALSE,Administered at hospital after delivery.
NSK-2026-0067,OPV,1,OPV Zero Dose (At Birth),2026-03-02,2026-03-02,0,UIP-NSK-202603-OPV-697,PHC-NSK-04,nurse_nsk_04,FALSE,Administered at hospital after delivery.
NSK-2026-0067,HepB,1,Hepatitis B Birth Dose,2026-03-02,2026-03-02,0,UIP-NSK-202603-HEPB-152,PHC-NSK-04,nurse_nsk_04,FALSE,Administered at hospital after delivery.
NSK-2026-0067,OPV,2,OPV-1 (6 Weeks),2026-04-13,2026-04-13,0,UIP-NSK-202604-OPV-351,PHC-NSK-04,nurse_nsk_04,FALSE,Routine UIP session.
NSK-2026-0067,Penta,1,Pentavalent-1 (6 Weeks),2026-04-13,2026-04-13,0,UIP-NSK-202604-PENTA-621,PHC-NSK-04,nurse_nsk_04,FALSE,Routine UIP session.
NSK-2026-0067,Rota,1,Rotavirus-1 (6 Weeks),2026-04-13,2026-04-16,3,UIP-NSK-202604-ROTA-825,PHC-NSK-04,nurse_nsk_04,FALSE,Routine UIP session.
NSK-2026-0067,fIPV,1,fIPV-1 (6 Weeks),2026-04-13,2026-04-14,1,UIP-NSK-202604-FIPV-219,PHC-NSK-04,nurse_nsk_04,FALSE,Routine UIP session.
NSK-2026-0067,PCV,1,PCV-1 (6 Weeks),2026-04-13,2026-04-13,0,UIP-NSK-202604-PCV-837,PHC-NSK-04,nurse_nsk_04,FALSE,Routine UIP session.
NSK-2026-0067,OPV,3,OPV-2 (10 Weeks),2026-05-11,2026-05-13,2,UIP-NSK-202605-OPV-673,PHC-NSK-04,nurse_nsk_04,FALSE,Routine UIP session.
NSK-2026-0067,Penta,2,Pentavalent-2 (10 Weeks),2026-05-11,2026-05-11,0,UIP-NSK-202605-PENTA-931,PHC-NSK-04,nurse_nsk_04,FALSE,Routine UIP session.
NSK-2026-0067,Rota,2,Rotavirus-2 (10 Weeks),2026-05-11,2026-05-14,3,UIP-NSK-202605-ROTA-685,PHC-NSK-04,nurse_nsk_04,FALSE,Routine UIP session.
NSK-2026-0067,OPV,4,OPV-3 (14 Weeks),2026-06-08,2026-06-10,2,UIP-NSK-202606-OPV-268,PHC-NSK-04,nurse_nsk_04,FALSE,Routine UIP session.
NSK-2026-0067,Penta,3,Pentavalent-3 (14 Weeks),2026-06-08,2026-06-17,9,UIP-NSK-202606-PENTA-139,PHC-NSK-04,nurse_nsk_04,FALSE,Routine UIP session.
NSK-2026-0067,Rota,3,Rotavirus-3 (14 Weeks),2026-06-08,2026-06-11,3,UIP-NSK-202606-ROTA-542,PHC-NSK-04,nurse_nsk_04,FALSE,Routine UIP session.
NSK-2026-0067,fIPV,2,fIPV-2 (14 Weeks),2026-06-08,2026-06-08,0,UIP-NSK-202606-FIPV-215,PHC-NSK-04,nurse_nsk_04,FALSE,Routine UIP session.
NSK-2026-0067,PCV,2,PCV-2 (14 Weeks),2026-06-08,2026-06-08,0,UIP-NSK-202606-PCV-679,PHC-NSK-04,nurse_nsk_04,FALSE,Routine UIP session.
NSK-2026-0068,BCG,1,BCG (At Birth),2026-03-03,2026-03-03,0,UIP-NSK-202603-BCG-166,PHC-NSK-06,nurse_nsk_06,FALSE,Administered at hospital after delivery.
NSK-2026-0068,OPV,1,OPV Zero Dose (At Birth),2026-03-03,2026-03-03,0,UIP-NSK-202603-OPV-382,PHC-NSK-06,nurse_nsk_06,FALSE,Administered at hospital after delivery.
NSK-2026-0068,OPV,2,OPV-1 (6 Weeks),2026-04-14,2026-04-20,6,UIP-NSK-202604-OPV-235,PHC-NSK-06,nurse_nsk_06,FALSE,Routine UIP session.
NSK-2026-0068,Penta,1,Pentavalent-1 (6 Weeks),2026-04-14,2026-04-27,13,UIP-NSK-202604-PENTA-142,PHC-NSK-06,nurse_nsk_06,FALSE,Routine UIP session.
NSK-2026-0068,Rota,1,Rotavirus-1 (6 Weeks),2026-04-14,2026-04-19,5,UIP-NSK-202604-ROTA-882,PHC-NSK-06,nurse_nsk_06,FALSE,Routine UIP session.
NSK-2026-0068,fIPV,1,fIPV-1 (6 Weeks),2026-04-14,2026-04-19,5,UIP-NSK-202604-FIPV-921,PHC-NSK-06,nurse_nsk_06,FALSE,Routine UIP session.
NSK-2026-0068,PCV,1,PCV-1 (6 Weeks),2026-04-14,2026-04-18,4,UIP-NSK-202604-PCV-134,PHC-NSK-06,nurse_nsk_06,FALSE,Routine UIP session.
NSK-2026-0068,OPV,3,OPV-2 (10 Weeks),2026-05-12,2026-05-18,6,UIP-NSK-202605-OPV-859,PHC-NSK-06,nurse_nsk_06,FALSE,Routine UIP session.
NSK-2026-0068,Penta,2,Pentavalent-2 (10 Weeks),2026-05-12,2026-05-25,13,UIP-NSK-202605-PENTA-955,PHC-NSK-06,nurse_nsk_06,FALSE,Routine UIP session.
NSK-2026-0068,OPV,4,OPV-3 (14 Weeks),2026-06-09,2026-06-15,6,UIP-NSK-202606-OPV-602,PHC-NSK-06,nurse_nsk_06,FALSE,Routine UIP session.
NSK-2026-0068,Penta,3,Pentavalent-3 (14 Weeks),2026-06-09,2026-06-22,13,UIP-NSK-202606-PENTA-367,PHC-NSK-06,nurse_nsk_06,FALSE,Routine UIP session.
NSK-2026-0068,Rota,3,Rotavirus-3 (14 Weeks),2026-06-09,2026-06-12,3,UIP-NSK-202606-ROTA-594,PHC-NSK-06,nurse_nsk_06,FALSE,Routine UIP session.
NSK-2026-0068,fIPV,2,fIPV-2 (14 Weeks),2026-06-09,2026-06-15,6,UIP-NSK-202606-FIPV-336,PHC-NSK-06,nurse_nsk_06,FALSE,Routine UIP session.
NSK-2026-0068,PCV,2,PCV-2 (14 Weeks),2026-06-09,2026-06-22,13,UIP-NSK-202606-PCV-220,PHC-NSK-06,nurse_nsk_06,FALSE,Routine UIP session.
NSK-2026-0069,BCG,1,BCG (At Birth),2026-05-31,2026-05-31,0,UIP-NSK-202605-BCG-137,PHC-NSK-05,nurse_nsk_05,FALSE,Administered at hospital after delivery.
NSK-2026-0069,OPV,1,OPV Zero Dose (At Birth),2026-05-31,2026-05-31,0,UIP-NSK-202605-OPV-678,PHC-NSK-05,nurse_nsk_05,FALSE,Administered at hospital after delivery.
NSK-2026-0069,HepB,1,Hepatitis B Birth Dose,2026-05-31,2026-05-31,0,UIP-NSK-202605-HEPB-879,PHC-NSK-05,nurse_nsk_05,FALSE,Administered at hospital after delivery.
NSK-2026-0069,Penta,1,Pentavalent-1 (6 Weeks),2026-07-12,2026-08-30,49,UIP-NSK-202608-PENTA-235,PHC-NSK-02,nurse_nsk_02,FALSE,Routine UIP session.
NSK-2026-0069,Penta,2,Pentavalent-2 (10 Weeks),2026-08-09,2026-09-27,49,UIP-NSK-202609-PENTA-733,PHC-NSK-08,nurse_nsk_08,FALSE,Routine UIP session.
NSK-2026-0070,BCG,1,BCG (At Birth),2026-03-09,2026-03-09,0,UIP-NSK-202603-BCG-333,PHC-NSK-08,nurse_nsk_08,FALSE,Administered at hospital after delivery.
NSK-2026-0070,OPV,1,OPV Zero Dose (At Birth),2026-03-09,2026-03-09,0,UIP-NSK-202603-OPV-271,PHC-NSK-08,nurse_nsk_08,FALSE,Administered at hospital after delivery.
NSK-2026-0070,HepB,1,Hepatitis B Birth Dose,2026-03-09,2026-03-09,0,UIP-NSK-202603-HEPB-503,PHC-NSK-08,nurse_nsk_08,FALSE,Administered at hospital after delivery.
NSK-2026-0070,OPV,2,OPV-1 (6 Weeks),2026-04-20,2026-05-30,40,UIP-NSK-202605-OPV-992,PHC-NSK-08,nurse_nsk_08,FALSE,Routine UIP session.
NSK-2026-0070,Rota,1,Rotavirus-1 (6 Weeks),2026-04-20,2026-05-28,38,UIP-NSK-202605-ROTA-396,PHC-NSK-08,nurse_nsk_08,FALSE,Routine UIP session.
NSK-2026-0070,fIPV,1,fIPV-1 (6 Weeks),2026-04-20,2026-05-28,38,UIP-NSK-202605-FIPV-968,PHC-NSK-08,nurse_nsk_08,FALSE,Routine UIP session.
NSK-2026-0070,PCV,1,PCV-1 (6 Weeks),2026-04-20,2026-05-03,13,UIP-NSK-202605-PCV-650,PHC-NSK-08,nurse_nsk_08,FALSE,Routine UIP session.
NSK-2026-0070,Rota,2,Rotavirus-2 (10 Weeks),2026-05-18,2026-07-01,44,UIP-NSK-202607-ROTA-244,PHC-NSK-08,nurse_nsk_08,FALSE,Routine UIP session.
NSK-2026-0070,PCV,2,PCV-2 (14 Weeks),2026-06-15,2026-08-10,56,UIP-NSK-202608-PCV-777,PHC-NSK-08,nurse_nsk_08,FALSE,Routine UIP session.
NSK-2026-0071,BCG,1,BCG (At Birth),2026-09-30,2026-09-30,0,UIP-NSK-202609-BCG-970,PHC-NSK-09,nurse_nsk_09,FALSE,Administered at hospital after delivery.
NSK-2026-0071,OPV,1,OPV Zero Dose (At Birth),2026-09-30,2026-09-30,0,UIP-NSK-202609-OPV-593,PHC-NSK-09,nurse_nsk_09,FALSE,Administered at hospital after delivery.
NSK-2026-0072,BCG,1,BCG (At Birth),2026-08-16,2026-08-16,0,UIP-NSK-202608-BCG-651,PHC-NSK-10,nurse_nsk_10,FALSE,Administered at hospital after delivery.
NSK-2026-0072,OPV,1,OPV Zero Dose (At Birth),2026-08-16,2026-08-16,0,UIP-NSK-202608-OPV-114,PHC-NSK-10,nurse_nsk_10,FALSE,Administered at hospital after delivery.
NSK-2026-0072,HepB,1,Hepatitis B Birth Dose,2026-08-16,2026-08-16,0,UIP-NSK-202608-HEPB-470,PHC-NSK-10,nurse_nsk_10,FALSE,Administered at hospital after delivery.
NSK-2026-0072,OPV,2,OPV-1 (6 Weeks),2026-09-27,2026-09-27,0,UIP-NSK-202609-OPV-738,PHC-NSK-06,nurse_nsk_06,FALSE,Routine UIP session.
NSK-2026-0072,Penta,1,Pentavalent-1 (6 Weeks),2026-09-27,2026-09-27,0,UIP-NSK-202609-PENTA-166,PHC-NSK-10,nurse_nsk_10,FALSE,Routine UIP session.
NSK-2026-0072,fIPV,1,fIPV-1 (6 Weeks),2026-09-27,2026-09-27,0,UIP-NSK-202609-FIPV-215,PHC-NSK-10,nurse_nsk_10,FALSE,Routine UIP session.
NSK-2026-0072,PCV,1,PCV-1 (6 Weeks),2026-09-27,2026-09-27,0,UIP-NSK-202609-PCV-893,PHC-NSK-10,nurse_nsk_10,FALSE,Routine UIP session.
NSK-2026-0073,BCG,1,BCG (At Birth),2026-05-19,2026-05-19,0,UIP-NSK-202605-BCG-589,PHC-NSK-08,nurse_nsk_08,FALSE,Administered at hospital after delivery.
NSK-2026-0073,OPV,1,OPV Zero Dose (At Birth),2026-05-19,2026-05-19,0,UIP-NSK-202605-OPV-907,PHC-NSK-04,nurse_nsk_04,FALSE,Administered at hospital after delivery.
NSK-2026-0073,HepB,1,Hepatitis B Birth Dose,2026-05-19,2026-05-19,0,UIP-NSK-202605-HEPB-548,PHC-NSK-08,nurse_nsk_08,FALSE,Administered at hospital after delivery.
NSK-2026-0073,OPV,2,OPV-1 (6 Weeks),2026-06-30,2026-07-03,3,UIP-NSK-202607-OPV-959,PHC-NSK-08,nurse_nsk_08,FALSE,Routine UIP session.
NSK-2026-0073,Penta,1,Pentavalent-1 (6 Weeks),2026-06-30,2026-06-30,0,UIP-NSK-202606-PENTA-631,PHC-NSK-08,nurse_nsk_08,FALSE,Routine UIP session.
NSK-2026-0073,Rota,1,Rotavirus-1 (6 Weeks),2026-06-30,2026-06-30,0,UIP-NSK-202606-ROTA-921,PHC-NSK-08,nurse_nsk_08,TRUE,Mild fever and local swelling; resolved in 48 hours.
NSK-2026-0073,fIPV,1,fIPV-1 (6 Weeks),2026-06-30,2026-06-30,0,UIP-NSK-202606-FIPV-244,PHC-NSK-08,nurse_nsk_08,FALSE,Routine UIP session.
NSK-2026-0073,PCV,1,PCV-1 (6 Weeks),2026-06-30,2026-07-01,1,UIP-NSK-202607-PCV-494,PHC-NSK-08,nurse_nsk_08,FALSE,Routine UIP session.
NSK-2026-0073,OPV,3,OPV-2 (10 Weeks),2026-07-28,2026-07-31,3,UIP-NSK-202607-OPV-135,PHC-NSK-08,nurse_nsk_08,FALSE,Routine UIP session.
NSK-2026-0073,Penta,2,Pentavalent-2 (10 Weeks),2026-07-28,2026-07-30,2,UIP-NSK-202607-PENTA-658,PHC-NSK-08,nurse_nsk_08,TRUE,Mild fever and local swelling; resolved in 48 hours.
NSK-2026-0073,Rota,2,Rotavirus-2 (10 Weeks),2026-07-28,2026-07-28,0,UIP-NSK-202607-ROTA-393,PHC-NSK-08,nurse_nsk_08,FALSE,Routine UIP session.
NSK-2026-0073,OPV,4,OPV-3 (14 Weeks),2026-08-25,2026-08-28,3,UIP-NSK-202608-OPV-117,PHC-NSK-08,nurse_nsk_08,FALSE,Routine UIP session.
NSK-2026-0073,Penta,3,Pentavalent-3 (14 Weeks),2026-08-25,2026-08-27,2,UIP-NSK-202608-PENTA-388,PHC-NSK-08,nurse_nsk_08,FALSE,Routine UIP session.
NSK-2026-0073,Rota,3,Rotavirus-3 (14 Weeks),2026-08-25,2026-08-27,2,UIP-NSK-202608-ROTA-807,PHC-NSK-08,nurse_nsk_08,FALSE,Routine UIP session.
NSK-2026-0073,fIPV,2,fIPV-2 (14 Weeks),2026-08-25,2026-08-25,0,UIP-NSK-202608-FIPV-662,PHC-NSK-08,nurse_nsk_08,FALSE,Routine UIP session.
NSK-2026-0073,PCV,2,PCV-2 (14 Weeks),2026-08-25,2026-08-25,0,UIP-NSK-202608-PCV-933,PHC-NSK-08,nurse_nsk_08,FALSE,Routine UIP session.
NSK-2026-0074,BCG,1,BCG (At Birth),2026-02-02,2026-02-02,0,UIP-NSK-202602-BCG-768,PHC-NSK-09,nurse_nsk_09,FALSE,Administered at hospital after delivery.
NSK-2026-0074,OPV,1,OPV Zero Dose (At Birth),2026-02-02,2026-02-02,0,UIP-NSK-202602-OPV-747,PHC-NSK-09,nurse_nsk_09,FALSE,Administered at hospital after delivery.
NSK-2026-0074,HepB,1,Hepatitis B Birth Dose,2026-02-02,2026-02-02,0,UIP-NSK-202602-HEPB-949,PHC-NSK-09,nurse_nsk_09,FALSE,Administered at hospital after delivery.
NSK-2026-0074,OPV,2,OPV-1 (6 Weeks),2026-03-16,2026-03-16,0,UIP-NSK-202603-OPV-924,PHC-NSK-09,nurse_nsk_09,FALSE,Routine UIP session.
NSK-2026-0074,Penta,1,Pentavalent-1 (6 Weeks),2026-03-16,2026-03-16,0,UIP-NSK-202603-PENTA-720,PHC-NSK-09,nurse_nsk_09,FALSE,Routine UIP session.
NSK-2026-0074,Rota,1,Rotavirus-1 (6 Weeks),2026-03-16,2026-03-16,0,UIP-NSK-202603-ROTA-495,PHC-NSK-09,nurse_nsk_09,FALSE,Routine UIP session.
NSK-2026-0074,fIPV,1,fIPV-1 (6 Weeks),2026-03-16,2026-03-16,0,UIP-NSK-202603-FIPV-850,PHC-NSK-09,nurse_nsk_09,FALSE,Routine UIP session.
NSK-2026-0074,PCV,1,PCV-1 (6 Weeks),2026-03-16,2026-03-19,3,UIP-NSK-202603-PCV-230,PHC-NSK-09,nurse_nsk_09,FALSE,Routine UIP session.
NSK-2026-0074,OPV,3,OPV-2 (10 Weeks),2026-04-13,2026-04-13,0,UIP-NSK-202604-OPV-529,PHC-NSK-09,nurse_nsk_09,FALSE,Routine UIP session.
NSK-2026-0074,Penta,2,Pentavalent-2 (10 Weeks),2026-04-13,2026-04-13,0,UIP-NSK-202604-PENTA-297,PHC-NSK-09,nurse_nsk_09,FALSE,Routine UIP session.
NSK-2026-0074,Rota,2,Rotavirus-2 (10 Weeks),2026-04-13,2026-04-23,10,UIP-NSK-202604-ROTA-463,PHC-NSK-09,nurse_nsk_09,FALSE,Routine UIP session.
NSK-2026-0074,OPV,4,OPV-3 (14 Weeks),2026-05-11,2026-05-11,0,UIP-NSK-202605-OPV-737,PHC-NSK-09,nurse_nsk_09,FALSE,Routine UIP session.
NSK-2026-0074,Penta,3,Pentavalent-3 (14 Weeks),2026-05-11,2026-05-20,9,UIP-NSK-202605-PENTA-717,PHC-NSK-09,nurse_nsk_09,FALSE,Routine UIP session.
NSK-2026-0074,Rota,3,Rotavirus-3 (14 Weeks),2026-05-11,2026-05-21,10,UIP-NSK-202605-ROTA-324,PHC-NSK-09,nurse_nsk_09,FALSE,Routine UIP session.
NSK-2026-0074,fIPV,2,fIPV-2 (14 Weeks),2026-05-11,2026-05-11,0,UIP-NSK-202605-FIPV-160,PHC-NSK-09,nurse_nsk_09,FALSE,Routine UIP session.
NSK-2026-0074,PCV,2,PCV-2 (14 Weeks),2026-05-11,2026-05-11,0,UIP-NSK-202605-PCV-575,PHC-NSK-09,nurse_nsk_09,FALSE,Routine UIP session.
NSK-2026-0075,BCG,1,BCG (At Birth),2026-02-22,2026-02-22,0,UIP-NSK-202602-BCG-583,PHC-NSK-07,nurse_nsk_07,FALSE,Administered at hospital after delivery.
NSK-2026-0075,OPV,1,OPV Zero Dose (At Birth),2026-02-22,2026-02-22,0,UIP-NSK-202602-OPV-834,PHC-NSK-07,nurse_nsk_07,FALSE,Administered at hospital after delivery.
NSK-2026-0075,HepB,1,Hepatitis B Birth Dose,2026-02-22,2026-02-22,0,UIP-NSK-202602-HEPB-451,PHC-NSK-07,nurse_nsk_07,FALSE,Administered at hospital after delivery.
NSK-2026-0075,OPV,2,OPV-1 (6 Weeks),2026-04-05,2026-04-05,0,UIP-NSK-202604-OPV-625,PHC-NSK-07,nurse_nsk_07,FALSE,Routine UIP session.
NSK-2026-0075,Penta,1,Pentavalent-1 (6 Weeks),2026-04-05,2026-04-05,0,UIP-NSK-202604-PENTA-417,PHC-NSK-07,nurse_nsk_07,FALSE,Routine UIP session.
NSK-2026-0075,Rota,1,Rotavirus-1 (6 Weeks),2026-04-05,2026-04-08,3,UIP-NSK-202604-ROTA-551,PHC-NSK-07,nurse_nsk_07,FALSE,Routine UIP session.
NSK-2026-0075,fIPV,1,fIPV-1 (6 Weeks),2026-04-05,2026-04-05,0,UIP-NSK-202604-FIPV-659,PHC-NSK-07,nurse_nsk_07,FALSE,Routine UIP session.
NSK-2026-0075,PCV,1,PCV-1 (6 Weeks),2026-04-05,2026-04-06,1,UIP-NSK-202604-PCV-407,PHC-NSK-07,nurse_nsk_07,TRUE,Mild fever and local swelling; resolved in 48 hours.
NSK-2026-0075,OPV,3,OPV-2 (10 Weeks),2026-05-03,2026-05-03,0,UIP-NSK-202605-OPV-432,PHC-NSK-07,nurse_nsk_07,FALSE,Routine UIP session.
NSK-2026-0075,Penta,2,Pentavalent-2 (10 Weeks),2026-05-03,2026-05-03,0,UIP-NSK-202605-PENTA-246,PHC-NSK-07,nurse_nsk_07,FALSE,Routine UIP session.
NSK-2026-0075,Rota,2,Rotavirus-2 (10 Weeks),2026-05-03,2026-05-06,3,UIP-NSK-202605-ROTA-250,PHC-NSK-07,nurse_nsk_07,FALSE,Routine UIP session.
NSK-2026-0075,OPV,4,OPV-3 (14 Weeks),2026-05-31,2026-06-01,1,UIP-NSK-202606-OPV-239,PHC-NSK-07,nurse_nsk_07,FALSE,Routine UIP session.
NSK-2026-0075,Penta,3,Pentavalent-3 (14 Weeks),2026-05-31,2026-05-31,0,UIP-NSK-202605-PENTA-541,PHC-NSK-07,nurse_nsk_07,FALSE,Routine UIP session.
NSK-2026-0075,Rota,3,Rotavirus-3 (14 Weeks),2026-05-31,2026-06-03,3,UIP-NSK-202606-ROTA-435,PHC-NSK-07,nurse_nsk_07,FALSE,Routine UIP session.
NSK-2026-0075,fIPV,2,fIPV-2 (14 Weeks),2026-05-31,2026-05-31,0,UIP-NSK-202605-FIPV-779,PHC-NSK-07,nurse_nsk_07,FALSE,Routine UIP session.
NSK-2026-0075,PCV,2,PCV-2 (14 Weeks),2026-05-31,2026-05-31,0,UIP-NSK-202605-PCV-125,PHC-NSK-07,nurse_nsk_07,FALSE,Routine UIP session.
NSK-2026-0076,BCG,1,BCG (At Birth),2026-01-18,2026-01-18,0,UIP-NSK-202601-BCG-329,PHC-NSK-04,nurse_nsk_04,FALSE,Administered at hospital after delivery.
NSK-2026-0076,OPV,1,OPV Zero Dose (At Birth),2026-01-18,2026-01-18,0,UIP-NSK-202601-OPV-423,PHC-NSK-04,nurse_nsk_04,FALSE,Administered at hospital after delivery.
NSK-2026-0076,HepB,1,Hepatitis B Birth Dose,2026-01-18,2026-01-18,0,UIP-NSK-202601-HEPB-202,PHC-NSK-04,nurse_nsk_04,FALSE,Administered at hospital after delivery.
NSK-2026-0076,OPV,2,OPV-1 (6 Weeks),2026-03-01,2026-03-01,0,UIP-NSK-202603-OPV-400,PHC-NSK-04,nurse_nsk_04,FALSE,Routine UIP session.
NSK-2026-0076,Penta,1,Pentavalent-1 (6 Weeks),2026-03-01,2026-03-03,2,UIP-NSK-202603-PENTA-857,PHC-NSK-04,nurse_nsk_04,FALSE,Routine UIP session.
NSK-2026-0076,Rota,1,Rotavirus-1 (6 Weeks),2026-03-01,2026-03-01,0,UIP-NSK-202603-ROTA-926,PHC-NSK-04,nurse_nsk_04,FALSE,Routine UIP session.
NSK-2026-0076,fIPV,1,fIPV-1 (6 Weeks),2026-03-01,2026-03-01,0,UIP-NSK-202603-FIPV-592,PHC-NSK-04,nurse_nsk_04,FALSE,Routine UIP session.
NSK-2026-0076,PCV,1,PCV-1 (6 Weeks),2026-03-01,2026-03-01,0,UIP-NSK-202603-PCV-493,PHC-NSK-04,nurse_nsk_04,FALSE,Routine UIP session.
NSK-2026-0076,OPV,3,OPV-2 (10 Weeks),2026-03-29,2026-03-29,0,UIP-NSK-202603-OPV-847,PHC-NSK-04,nurse_nsk_04,FALSE,Routine UIP session.
NSK-2026-0076,Penta,2,Pentavalent-2 (10 Weeks),2026-03-29,2026-03-31,2,UIP-NSK-202603-PENTA-984,PHC-NSK-04,nurse_nsk_04,FALSE,Routine UIP session.
NSK-2026-0076,Rota,2,Rotavirus-2 (10 Weeks),2026-03-29,2026-03-29,0,UIP-NSK-202603-ROTA-157,PHC-NSK-04,nurse_nsk_04,FALSE,Routine UIP session.
NSK-2026-0076,OPV,4,OPV-3 (14 Weeks),2026-04-26,2026-04-26,0,UIP-NSK-202604-OPV-641,PHC-NSK-04,nurse_nsk_04,FALSE,Routine UIP session.
NSK-2026-0076,Penta,3,Pentavalent-3 (14 Weeks),2026-04-26,2026-04-28,2,UIP-NSK-202604-PENTA-502,PHC-NSK-04,nurse_nsk_04,FALSE,Routine UIP session.
NSK-2026-0076,Rota,3,Rotavirus-3 (14 Weeks),2026-04-26,2026-04-29,3,UIP-NSK-202604-ROTA-878,PHC-NSK-04,nurse_nsk_04,FALSE,Routine UIP session.
NSK-2026-0076,fIPV,2,fIPV-2 (14 Weeks),2026-04-26,2026-04-26,0,UIP-NSK-202604-FIPV-466,PHC-NSK-04,nurse_nsk_04,FALSE,Routine UIP session.
NSK-2026-0076,PCV,2,PCV-2 (14 Weeks),2026-04-26,2026-04-29,3,UIP-NSK-202604-PCV-487,PHC-NSK-04,nurse_nsk_04,FALSE,Routine UIP session.
NSK-2026-0077,BCG,1,BCG (At Birth),2026-01-17,2026-01-17,0,UIP-NSK-202601-BCG-677,PHC-NSK-08,nurse_nsk_08,FALSE,Administered at hospital after delivery.
NSK-2026-0077,OPV,1,OPV Zero Dose (At Birth),2026-01-17,2026-01-17,0,UIP-NSK-202601-OPV-524,PHC-NSK-08,nurse_nsk_08,FALSE,Administered at hospital after delivery.
NSK-2026-0077,HepB,1,Hepatitis B Birth Dose,2026-01-17,2026-01-17,0,UIP-NSK-202601-HEPB-879,PHC-NSK-08,nurse_nsk_08,FALSE,Administered at hospital after delivery.
NSK-2026-0077,OPV,2,OPV-1 (6 Weeks),2026-02-28,2026-03-01,1,UIP-NSK-202603-OPV-978,PHC-NSK-09,nurse_nsk_09,FALSE,Routine UIP session.
NSK-2026-0077,Penta,1,Pentavalent-1 (6 Weeks),2026-02-28,2026-02-28,0,UIP-NSK-202602-PENTA-894,PHC-NSK-08,nurse_nsk_08,FALSE,Routine UIP session.
NSK-2026-0077,Rota,1,Rotavirus-1 (6 Weeks),2026-02-28,2026-02-28,0,UIP-NSK-202602-ROTA-248,PHC-NSK-08,nurse_nsk_08,FALSE,Routine UIP session.
NSK-2026-0077,fIPV,1,fIPV-1 (6 Weeks),2026-02-28,2026-02-28,0,UIP-NSK-202602-FIPV-274,PHC-NSK-08,nurse_nsk_08,FALSE,Routine UIP session.
NSK-2026-0077,PCV,1,PCV-1 (6 Weeks),2026-02-28,2026-03-02,2,UIP-NSK-202603-PCV-944,PHC-NSK-04,nurse_nsk_04,FALSE,Routine UIP session.
NSK-2026-0077,OPV,3,OPV-2 (10 Weeks),2026-03-28,2026-03-29,1,UIP-NSK-202603-OPV-287,PHC-NSK-08,nurse_nsk_08,FALSE,Routine UIP session.
NSK-2026-0077,Penta,2,Pentavalent-2 (10 Weeks),2026-03-28,2026-03-29,1,UIP-NSK-202603-PENTA-467,PHC-NSK-08,nurse_nsk_08,FALSE,Routine UIP session.
NSK-2026-0077,Rota,2,Rotavirus-2 (10 Weeks),2026-03-28,2026-03-31,3,UIP-NSK-202603-ROTA-968,PHC-NSK-08,nurse_nsk_08,FALSE,Routine UIP session.
NSK-2026-0077,OPV,4,OPV-3 (14 Weeks),2026-04-25,2026-04-26,1,UIP-NSK-202604-OPV-294,PHC-NSK-08,nurse_nsk_08,FALSE,Routine UIP session.
NSK-2026-0077,Penta,3,Pentavalent-3 (14 Weeks),2026-04-25,2026-04-26,1,UIP-NSK-202604-PENTA-872,PHC-NSK-08,nurse_nsk_08,FALSE,Routine UIP session.
NSK-2026-0077,Rota,3,Rotavirus-3 (14 Weeks),2026-04-25,2026-04-28,3,UIP-NSK-202604-ROTA-952,PHC-NSK-08,nurse_nsk_08,FALSE,Routine UIP session.
NSK-2026-0077,fIPV,2,fIPV-2 (14 Weeks),2026-04-25,2026-04-25,0,UIP-NSK-202604-FIPV-112,PHC-NSK-08,nurse_nsk_08,FALSE,Routine UIP session.
NSK-2026-0077,PCV,2,PCV-2 (14 Weeks),2026-04-25,2026-04-25,0,UIP-NSK-202604-PCV-565,PHC-NSK-08,nurse_nsk_08,FALSE,Routine UIP session.
NSK-2026-0078,BCG,1,BCG (At Birth),2026-05-10,2026-05-10,0,UIP-NSK-202605-BCG-938,PHC-NSK-06,nurse_nsk_06,FALSE,Administered at hospital after delivery.
NSK-2026-0078,HepB,1,Hepatitis B Birth Dose,2026-05-10,2026-05-10,0,UIP-NSK-202605-HEPB-912,PHC-NSK-05,nurse_nsk_05,FALSE,Administered at hospital after delivery.
NSK-2026-0078,Penta,1,Pentavalent-1 (6 Weeks),2026-06-21,2026-08-04,44,UIP-NSK-202608-PENTA-373,PHC-NSK-05,nurse_nsk_05,FALSE,Routine UIP session.
NSK-2026-0078,fIPV,1,fIPV-1 (6 Weeks),2026-06-21,2026-07-23,32,UIP-NSK-202607-FIPV-335,PHC-NSK-03,nurse_nsk_03,FALSE,Routine UIP session.
NSK-2026-0078,Penta,2,Pentavalent-2 (10 Weeks),2026-07-19,2026-09-01,44,UIP-NSK-202609-PENTA-603,PHC-NSK-05,nurse_nsk_05,FALSE,Routine UIP session.
NSK-2026-0078,fIPV,2,fIPV-2 (14 Weeks),2026-08-16,2026-09-02,17,UIP-NSK-202609-FIPV-463,PHC-NSK-05,nurse_nsk_05,FALSE,Routine UIP session.
NSK-2026-0079,BCG,1,BCG (At Birth),2026-03-30,2026-03-30,0,UIP-NSK-202603-BCG-372,PHC-NSK-03,nurse_nsk_03,FALSE,Administered at hospital after delivery.
NSK-2026-0079,OPV,1,OPV Zero Dose (At Birth),2026-03-30,2026-03-30,0,UIP-NSK-202603-OPV-329,PHC-NSK-03,nurse_nsk_03,FALSE,Administered at hospital after delivery.
NSK-2026-0079,HepB,1,Hepatitis B Birth Dose,2026-03-30,2026-03-30,0,UIP-NSK-202603-HEPB-927,PHC-NSK-03,nurse_nsk_03,FALSE,Administered at hospital after delivery.
NSK-2026-0079,OPV,2,OPV-1 (6 Weeks),2026-05-11,2026-05-11,0,UIP-NSK-202605-OPV-542,PHC-NSK-03,nurse_nsk_03,FALSE,Routine UIP session.
NSK-2026-0079,Penta,1,Pentavalent-1 (6 Weeks),2026-05-11,2026-05-11,0,UIP-NSK-202605-PENTA-461,PHC-NSK-03,nurse_nsk_03,FALSE,Routine UIP session.
NSK-2026-0079,Rota,1,Rotavirus-1 (6 Weeks),2026-05-11,2026-05-13,2,UIP-NSK-202605-ROTA-322,PHC-NSK-03,nurse_nsk_03,FALSE,Routine UIP session.
NSK-2026-0079,fIPV,1,fIPV-1 (6 Weeks),2026-05-11,2026-05-11,0,UIP-NSK-202605-FIPV-269,PHC-NSK-03,nurse_nsk_03,FALSE,Routine UIP session.
NSK-2026-0079,PCV,1,PCV-1 (6 Weeks),2026-05-11,2026-05-11,0,UIP-NSK-202605-PCV-201,PHC-NSK-03,nurse_nsk_03,FALSE,Routine UIP session.
NSK-2026-0079,OPV,3,OPV-2 (10 Weeks),2026-06-08,2026-06-08,0,UIP-NSK-202606-OPV-771,PHC-NSK-03,nurse_nsk_03,FALSE,Routine UIP session.
NSK-2026-0079,Penta,2,Pentavalent-2 (10 Weeks),2026-06-08,2026-06-09,1,UIP-NSK-202606-PENTA-691,PHC-NSK-03,nurse_nsk_03,FALSE,Routine UIP session.
NSK-2026-0079,OPV,4,OPV-3 (14 Weeks),2026-07-06,2026-07-06,0,UIP-NSK-202607-OPV-714,PHC-NSK-03,nurse_nsk_03,FALSE,Routine UIP session.
NSK-2026-0079,Penta,3,Pentavalent-3 (14 Weeks),2026-07-06,2026-07-07,1,UIP-NSK-202607-PENTA-417,PHC-NSK-03,nurse_nsk_03,FALSE,Routine UIP session.
NSK-2026-0079,Rota,3,Rotavirus-3 (14 Weeks),2026-07-06,2026-07-06,0,UIP-NSK-202607-ROTA-553,PHC-NSK-03,nurse_nsk_03,FALSE,Routine UIP session.
NSK-2026-0079,fIPV,2,fIPV-2 (14 Weeks),2026-07-06,2026-07-06,0,UIP-NSK-202607-FIPV-834,PHC-NSK-06,nurse_nsk_06,FALSE,Routine UIP session.
NSK-2026-0079,PCV,2,PCV-2 (14 Weeks),2026-07-06,2026-07-07,1,UIP-NSK-202607-PCV-759,PHC-NSK-03,nurse_nsk_03,FALSE,Routine UIP session.
NSK-2026-0080,BCG,1,BCG (At Birth),2026-08-23,2026-08-23,0,UIP-NSK-202608-BCG-213,PHC-NSK-07,nurse_nsk_07,FALSE,Administered at hospital after delivery.
NSK-2026-0080,OPV,1,OPV Zero Dose (At Birth),2026-08-23,2026-08-23,0,UIP-NSK-202608-OPV-386,PHC-NSK-07,nurse_nsk_07,FALSE,Administered at hospital after delivery.
NSK-2026-0080,HepB,1,Hepatitis B Birth Dose,2026-08-23,2026-08-23,0,UIP-NSK-202608-HEPB-340,PHC-NSK-07,nurse_nsk_07,FALSE,Administered at hospital after delivery.
NSK-2026-0081,BCG,1,BCG (At Birth),2026-04-29,2026-04-29,0,UIP-NSK-202604-BCG-296,PHC-NSK-07,nurse_nsk_07,FALSE,Administered at hospital after delivery.
NSK-2026-0081,OPV,1,OPV Zero Dose (At Birth),2026-04-29,2026-04-29,0,UIP-NSK-202604-OPV-626,PHC-NSK-07,nurse_nsk_07,FALSE,Administered at hospital after delivery.
NSK-2026-0081,HepB,1,Hepatitis B Birth Dose,2026-04-29,2026-04-29,0,UIP-NSK-202604-HEPB-191,PHC-NSK-07,nurse_nsk_07,FALSE,Administered at hospital after delivery.
NSK-2026-0081,OPV,2,OPV-1 (6 Weeks),2026-06-10,2026-06-10,0,UIP-NSK-202606-OPV-379,PHC-NSK-07,nurse_nsk_07,FALSE,Routine UIP session.
NSK-2026-0081,Penta,1,Pentavalent-1 (6 Weeks),2026-06-10,2026-06-10,0,UIP-NSK-202606-PENTA-186,PHC-NSK-07,nurse_nsk_07,FALSE,Routine UIP session.
NSK-2026-0081,Rota,1,Rotavirus-1 (6 Weeks),2026-06-10,2026-06-10,0,UIP-NSK-202606-ROTA-694,PHC-NSK-07,nurse_nsk_07,FALSE,Routine UIP session.
NSK-2026-0081,fIPV,1,fIPV-1 (6 Weeks),2026-06-10,2026-06-10,0,UIP-NSK-202606-FIPV-126,PHC-NSK-08,nurse_nsk_08,FALSE,Routine UIP session.
NSK-2026-0081,PCV,1,PCV-1 (6 Weeks),2026-06-10,2026-06-10,0,UIP-NSK-202606-PCV-109,PHC-NSK-07,nurse_nsk_07,FALSE,Routine UIP session.
NSK-2026-0081,OPV,3,OPV-2 (10 Weeks),2026-07-08,2026-07-08,0,UIP-NSK-202607-OPV-306,PHC-NSK-07,nurse_nsk_07,FALSE,Routine UIP session.
NSK-2026-0081,Penta,2,Pentavalent-2 (10 Weeks),2026-07-08,2026-07-08,0,UIP-NSK-202607-PENTA-235,PHC-NSK-07,nurse_nsk_07,FALSE,Routine UIP session.
NSK-2026-0081,Rota,2,Rotavirus-2 (10 Weeks),2026-07-08,2026-07-08,0,UIP-NSK-202607-ROTA-183,PHC-NSK-07,nurse_nsk_07,FALSE,Routine UIP session.
NSK-2026-0081,OPV,4,OPV-3 (14 Weeks),2026-08-05,2026-08-05,0,UIP-NSK-202608-OPV-469,PHC-NSK-07,nurse_nsk_07,FALSE,Routine UIP session.
NSK-2026-0081,Penta,3,Pentavalent-3 (14 Weeks),2026-08-05,2026-08-05,0,UIP-NSK-202608-PENTA-588,PHC-NSK-07,nurse_nsk_07,FALSE,Routine UIP session.
NSK-2026-0081,Rota,3,Rotavirus-3 (14 Weeks),2026-08-05,2026-08-05,0,UIP-NSK-202608-ROTA-377,PHC-NSK-07,nurse_nsk_07,FALSE,Routine UIP session.
NSK-2026-0081,PCV,2,PCV-2 (14 Weeks),2026-08-05,2026-08-05,0,UIP-NSK-202608-PCV-929,PHC-NSK-07,nurse_nsk_07,FALSE,Routine UIP session.
NSK-2026-0082,BCG,1,BCG (At Birth),2026-06-26,2026-06-26,0,UIP-NSK-202606-BCG-847,PHC-NSK-09,nurse_nsk_09,FALSE,Administered at hospital after delivery.
NSK-2026-0082,OPV,1,OPV Zero Dose (At Birth),2026-06-26,2026-06-26,0,UIP-NSK-202606-OPV-408,PHC-NSK-09,nurse_nsk_09,FALSE,Administered at hospital after delivery.
NSK-2026-0082,HepB,1,Hepatitis B Birth Dose,2026-06-26,2026-06-26,0,UIP-NSK-202606-HEPB-965,PHC-NSK-09,nurse_nsk_09,FALSE,Administered at hospital after delivery.
NSK-2026-0082,OPV,2,OPV-1 (6 Weeks),2026-08-07,2026-08-07,0,UIP-NSK-202608-OPV-902,PHC-NSK-09,nurse_nsk_09,FALSE,Routine UIP session.
NSK-2026-0082,Penta,1,Pentavalent-1 (6 Weeks),2026-08-07,2026-08-07,0,UIP-NSK-202608-PENTA-415,PHC-NSK-09,nurse_nsk_09,FALSE,Routine UIP session.
NSK-2026-0082,Rota,1,Rotavirus-1 (6 Weeks),2026-08-07,2026-08-07,0,UIP-NSK-202608-ROTA-182,PHC-NSK-09,nurse_nsk_09,FALSE,Routine UIP session.
NSK-2026-0082,fIPV,1,fIPV-1 (6 Weeks),2026-08-07,2026-08-07,0,UIP-NSK-202608-FIPV-394,PHC-NSK-09,nurse_nsk_09,FALSE,Routine UIP session.
NSK-2026-0082,PCV,1,PCV-1 (6 Weeks),2026-08-07,2026-08-07,0,UIP-NSK-202608-PCV-226,PHC-NSK-09,nurse_nsk_09,FALSE,Routine UIP session.
NSK-2026-0082,OPV,3,OPV-2 (10 Weeks),2026-09-04,2026-09-04,0,UIP-NSK-202609-OPV-393,PHC-NSK-09,nurse_nsk_09,FALSE,Routine UIP session.
NSK-2026-0082,Penta,2,Pentavalent-2 (10 Weeks),2026-09-04,2026-09-05,1,UIP-NSK-202609-PENTA-577,PHC-NSK-09,nurse_nsk_09,FALSE,Routine UIP session.
NSK-2026-0082,Rota,2,Rotavirus-2 (10 Weeks),2026-09-04,2026-09-04,0,UIP-NSK-202609-ROTA-771,PHC-NSK-06,nurse_nsk_06,FALSE,Routine UIP session.
NSK-2026-0082,OPV,4,OPV-3 (14 Weeks),2026-10-02,2026-10-02,0,UIP-NSK-202610-OPV-718,PHC-NSK-09,nurse_nsk_09,FALSE,Routine UIP session.
NSK-2026-0082,Penta,3,Pentavalent-3 (14 Weeks),2026-10-02,2026-10-03,1,UIP-NSK-202610-PENTA-598,PHC-NSK-09,nurse_nsk_09,FALSE,Routine UIP session.
NSK-2026-0082,Rota,3,Rotavirus-3 (14 Weeks),2026-10-02,2026-10-02,0,UIP-NSK-202610-ROTA-311,PHC-NSK-09,nurse_nsk_09,FALSE,Routine UIP session.
NSK-2026-0082,fIPV,2,fIPV-2 (14 Weeks),2026-10-02,2026-10-02,0,UIP-NSK-202610-FIPV-657,PHC-NSK-01,nurse_nsk_01,FALSE,Routine UIP session.
NSK-2026-0082,PCV,2,PCV-2 (14 Weeks),2026-10-02,2026-10-03,1,UIP-NSK-202610-PCV-270,PHC-NSK-09,nurse_nsk_09,FALSE,Routine UIP session.
NSK-2026-0083,BCG,1,BCG (At Birth),2026-03-14,2026-03-14,0,UIP-NSK-202603-BCG-170,PHC-NSK-09,nurse_nsk_09,FALSE,Administered at hospital after delivery.
NSK-2026-0083,OPV,1,OPV Zero Dose (At Birth),2026-03-14,2026-03-14,0,UIP-NSK-202603-OPV-645,PHC-NSK-09,nurse_nsk_09,FALSE,Administered at hospital after delivery.
NSK-2026-0083,HepB,1,Hepatitis B Birth Dose,2026-03-14,2026-03-14,0,UIP-NSK-202603-HEPB-620,PHC-NSK-09,nurse_nsk_09,FALSE,Administered at hospital after delivery.
NSK-2026-0083,OPV,2,OPV-1 (6 Weeks),2026-04-25,2026-04-25,0,UIP-NSK-202604-OPV-260,PHC-NSK-09,nurse_nsk_09,FALSE,Routine UIP session.
NSK-2026-0083,Penta,1,Pentavalent-1 (6 Weeks),2026-04-25,2026-04-25,0,UIP-NSK-202604-PENTA-168,PHC-NSK-09,nurse_nsk_09,FALSE,Routine UIP session.
NSK-2026-0083,Rota,1,Rotavirus-1 (6 Weeks),2026-04-25,2026-04-25,0,UIP-NSK-202604-ROTA-295,PHC-NSK-09,nurse_nsk_09,FALSE,Routine UIP session.
NSK-2026-0083,fIPV,1,fIPV-1 (6 Weeks),2026-04-25,2026-04-25,0,UIP-NSK-202604-FIPV-524,PHC-NSK-09,nurse_nsk_09,FALSE,Routine UIP session.
NSK-2026-0083,PCV,1,PCV-1 (6 Weeks),2026-04-25,2026-04-25,0,UIP-NSK-202604-PCV-449,PHC-NSK-09,nurse_nsk_09,FALSE,Routine UIP session.
NSK-2026-0083,OPV,3,OPV-2 (10 Weeks),2026-05-23,2026-05-23,0,UIP-NSK-202605-OPV-862,PHC-NSK-09,nurse_nsk_09,FALSE,Routine UIP session.
NSK-2026-0083,Penta,2,Pentavalent-2 (10 Weeks),2026-05-23,2026-05-23,0,UIP-NSK-202605-PENTA-361,PHC-NSK-09,nurse_nsk_09,FALSE,Routine UIP session.
NSK-2026-0083,Rota,2,Rotavirus-2 (10 Weeks),2026-05-23,2026-05-23,0,UIP-NSK-202605-ROTA-825,PHC-NSK-05,nurse_nsk_05,FALSE,Routine UIP session.
NSK-2026-0083,OPV,4,OPV-3 (14 Weeks),2026-06-20,2026-06-24,4,UIP-NSK-202606-OPV-642,PHC-NSK-09,nurse_nsk_09,FALSE,Routine UIP session.
NSK-2026-0083,Penta,3,Pentavalent-3 (14 Weeks),2026-06-20,2026-06-21,1,UIP-NSK-202606-PENTA-633,PHC-NSK-09,nurse_nsk_09,FALSE,Routine UIP session.
NSK-2026-0083,Rota,3,Rotavirus-3 (14 Weeks),2026-06-20,2026-06-21,1,UIP-NSK-202606-ROTA-750,PHC-NSK-09,nurse_nsk_09,FALSE,Routine UIP session.
NSK-2026-0083,fIPV,2,fIPV-2 (14 Weeks),2026-06-20,2026-06-20,0,UIP-NSK-202606-FIPV-510,PHC-NSK-09,nurse_nsk_09,FALSE,Routine UIP session.
NSK-2026-0083,PCV,2,PCV-2 (14 Weeks),2026-06-20,2026-06-23,3,UIP-NSK-202606-PCV-968,PHC-NSK-09,nurse_nsk_09,FALSE,Routine UIP session.
NSK-2026-0084,BCG,1,BCG (At Birth),2026-08-11,2026-08-11,0,UIP-NSK-202608-BCG-131,PHC-NSK-04,nurse_nsk_04,FALSE,Administered at hospital after delivery.
NSK-2026-0084,OPV,1,OPV Zero Dose (At Birth),2026-08-11,2026-08-11,0,UIP-NSK-202608-OPV-338,PHC-NSK-04,nurse_nsk_04,FALSE,Administered at hospital after delivery.
NSK-2026-0084,HepB,1,Hepatitis B Birth Dose,2026-08-11,2026-08-12,1,UIP-NSK-202608-HEPB-495,PHC-NSK-04,nurse_nsk_04,FALSE,Routine UIP session.
NSK-2026-0084,OPV,2,OPV-1 (6 Weeks),2026-09-22,2026-09-22,0,UIP-NSK-202609-OPV-345,PHC-NSK-04,nurse_nsk_04,TRUE,Mild fever and local swelling; resolved in 48 hours.
NSK-2026-0084,Penta,1,Pentavalent-1 (6 Weeks),2026-09-22,2026-09-22,0,UIP-NSK-202609-PENTA-188,PHC-NSK-07,nurse_nsk_07,FALSE,Routine UIP session.
NSK-2026-0084,fIPV,1,fIPV-1 (6 Weeks),2026-09-22,2026-09-22,0,UIP-NSK-202609-FIPV-230,PHC-NSK-04,nurse_nsk_04,FALSE,Routine UIP session.
NSK-2026-0084,PCV,1,PCV-1 (6 Weeks),2026-09-22,2026-09-22,0,UIP-NSK-202609-PCV-759,PHC-NSK-04,nurse_nsk_04,FALSE,Routine UIP session.
NSK-2026-0085,BCG,1,BCG (At Birth),2026-01-01,2026-01-01,0,UIP-NSK-202601-BCG-458,PHC-NSK-06,nurse_nsk_06,FALSE,Administered at hospital after delivery.
NSK-2026-0085,OPV,1,OPV Zero Dose (At Birth),2026-01-01,2026-01-01,0,UIP-NSK-202601-OPV-224,PHC-NSK-06,nurse_nsk_06,FALSE,Administered at hospital after delivery.
NSK-2026-0085,HepB,1,Hepatitis B Birth Dose,2026-01-01,2026-01-01,0,UIP-NSK-202601-HEPB-695,PHC-NSK-06,nurse_nsk_06,FALSE,Administered at hospital after delivery.
NSK-2026-0085,OPV,2,OPV-1 (6 Weeks),2026-02-12,2026-02-14,2,UIP-NSK-202602-OPV-169,PHC-NSK-06,nurse_nsk_06,FALSE,Routine UIP session.
NSK-2026-0085,Penta,1,Pentavalent-1 (6 Weeks),2026-02-12,2026-02-12,0,UIP-NSK-202602-PENTA-692,PHC-NSK-08,nurse_nsk_08,FALSE,Routine UIP session.
NSK-2026-0085,Rota,1,Rotavirus-1 (6 Weeks),2026-02-12,2026-02-12,0,UIP-NSK-202602-ROTA-798,PHC-NSK-06,nurse_nsk_06,FALSE,Routine UIP session.
NSK-2026-0085,fIPV,1,fIPV-1 (6 Weeks),2026-02-12,2026-02-12,0,UIP-NSK-202602-FIPV-255,PHC-NSK-06,nurse_nsk_06,FALSE,Routine UIP session.
NSK-2026-0085,PCV,1,PCV-1 (6 Weeks),2026-02-12,2026-02-12,0,UIP-NSK-202602-PCV-731,PHC-NSK-06,nurse_nsk_06,FALSE,Routine UIP session.
NSK-2026-0085,OPV,3,OPV-2 (10 Weeks),2026-03-12,2026-03-14,2,UIP-NSK-202603-OPV-104,PHC-NSK-06,nurse_nsk_06,FALSE,Routine UIP session.
NSK-2026-0085,Penta,2,Pentavalent-2 (10 Weeks),2026-03-12,2026-03-12,0,UIP-NSK-202603-PENTA-324,PHC-NSK-06,nurse_nsk_06,FALSE,Routine UIP session.
NSK-2026-0085,Rota,2,Rotavirus-2 (10 Weeks),2026-03-12,2026-03-12,0,UIP-NSK-202603-ROTA-293,PHC-NSK-06,nurse_nsk_06,FALSE,Routine UIP session.
NSK-2026-0085,OPV,4,OPV-3 (14 Weeks),2026-04-09,2026-04-19,10,UIP-NSK-202604-OPV-100,PHC-NSK-06,nurse_nsk_06,FALSE,Routine UIP session.
NSK-2026-0085,Penta,3,Pentavalent-3 (14 Weeks),2026-04-09,2026-04-09,0,UIP-NSK-202604-PENTA-662,PHC-NSK-06,nurse_nsk_06,FALSE,Routine UIP session.
NSK-2026-0085,fIPV,2,fIPV-2 (14 Weeks),2026-04-09,2026-04-09,0,UIP-NSK-202604-FIPV-663,PHC-NSK-06,nurse_nsk_06,FALSE,Routine UIP session.
NSK-2026-0085,PCV,2,PCV-2 (14 Weeks),2026-04-09,2026-04-16,7,UIP-NSK-202604-PCV-137,PHC-NSK-06,nurse_nsk_06,FALSE,Routine UIP session.
NSK-2026-0085,MR,1,MR-1 (9-12 Months),2026-10-01,2026-10-01,0,UIP-NSK-202610-MR-465,PHC-NSK-06,nurse_nsk_06,FALSE,Routine UIP session.
NSK-2026-0085,PCV,3,PCV Booster (9 Months),2026-10-01,2026-10-03,2,UIP-NSK-202610-PCV-537,PHC-NSK-06,nurse_nsk_06,FALSE,Routine UIP session.
NSK-2026-0086,BCG,1,BCG (At Birth),2026-03-07,2026-03-07,0,UIP-NSK-202603-BCG-137,PHC-NSK-10,nurse_nsk_10,FALSE,Administered at hospital after delivery.
NSK-2026-0086,OPV,1,OPV Zero Dose (At Birth),2026-03-07,2026-03-07,0,UIP-NSK-202603-OPV-831,PHC-NSK-10,nurse_nsk_10,FALSE,Administered at hospital after delivery.
NSK-2026-0086,HepB,1,Hepatitis B Birth Dose,2026-03-07,2026-03-07,0,UIP-NSK-202603-HEPB-747,PHC-NSK-10,nurse_nsk_10,FALSE,Administered at hospital after delivery.
NSK-2026-0086,OPV,2,OPV-1 (6 Weeks),2026-04-18,2026-04-26,8,UIP-NSK-202604-OPV-901,PHC-NSK-10,nurse_nsk_10,FALSE,Routine UIP session.
NSK-2026-0086,Rota,1,Rotavirus-1 (6 Weeks),2026-04-18,2026-04-24,6,UIP-NSK-202604-ROTA-492,PHC-NSK-10,nurse_nsk_10,FALSE,Routine UIP session.
NSK-2026-0086,fIPV,1,fIPV-1 (6 Weeks),2026-04-18,2026-05-01,13,UIP-NSK-202605-FIPV-475,PHC-NSK-10,nurse_nsk_10,FALSE,Routine UIP session.
NSK-2026-0086,PCV,1,PCV-1 (6 Weeks),2026-04-18,2026-05-02,14,UIP-NSK-202605-PCV-994,PHC-NSK-10,nurse_nsk_10,FALSE,Routine UIP session.
NSK-2026-0086,OPV,3,OPV-2 (10 Weeks),2026-05-16,2026-05-24,8,UIP-NSK-202605-OPV-601,PHC-NSK-10,nurse_nsk_10,FALSE,Routine UIP session.
NSK-2026-0086,Penta,2,Pentavalent-2 (10 Weeks),2026-05-16,2026-05-27,11,UIP-NSK-202605-PENTA-364,PHC-NSK-10,nurse_nsk_10,FALSE,Routine UIP session.
NSK-2026-0086,Rota,2,Rotavirus-2 (10 Weeks),2026-05-16,2026-05-28,12,UIP-NSK-202605-ROTA-209,PHC-NSK-10,nurse_nsk_10,FALSE,Routine UIP session.
NSK-2026-0086,OPV,4,OPV-3 (14 Weeks),2026-06-13,2026-06-22,9,UIP-NSK-202606-OPV-132,PHC-NSK-10,nurse_nsk_10,FALSE,Routine UIP session.
NSK-2026-0086,Penta,3,Pentavalent-3 (14 Weeks),2026-06-13,2026-06-24,11,UIP-NSK-202606-PENTA-534,PHC-NSK-10,nurse_nsk_10,FALSE,Routine UIP session.
NSK-2026-0086,Rota,3,Rotavirus-3 (14 Weeks),2026-06-13,2026-06-25,12,UIP-NSK-202606-ROTA-269,PHC-NSK-10,nurse_nsk_10,FALSE,Routine UIP session.
NSK-2026-0086,fIPV,2,fIPV-2 (14 Weeks),2026-06-13,2026-06-16,3,UIP-NSK-202606-FIPV-245,PHC-NSK-10,nurse_nsk_10,FALSE,Routine UIP session.
NSK-2026-0086,PCV,2,PCV-2 (14 Weeks),2026-06-13,2026-06-24,11,UIP-NSK-202606-PCV-388,PHC-NSK-10,nurse_nsk_10,FALSE,Routine UIP session.
NSK-2026-0087,BCG,1,BCG (At Birth),2026-08-01,2026-08-01,0,UIP-NSK-202608-BCG-960,PHC-NSK-04,nurse_nsk_04,FALSE,Administered at hospital after delivery.
NSK-2026-0087,OPV,1,OPV Zero Dose (At Birth),2026-08-01,2026-08-01,0,UIP-NSK-202608-OPV-247,PHC-NSK-08,nurse_nsk_08,FALSE,Administered at hospital after delivery.
NSK-2026-0087,HepB,1,Hepatitis B Birth Dose,2026-08-01,2026-08-01,0,UIP-NSK-202608-HEPB-710,PHC-NSK-08,nurse_nsk_08,FALSE,Administered at hospital after delivery.
NSK-2026-0087,OPV,2,OPV-1 (6 Weeks),2026-09-12,2026-09-19,7,UIP-NSK-202609-OPV-753,PHC-NSK-08,nurse_nsk_08,FALSE,Routine UIP session.
NSK-2026-0087,Penta,1,Pentavalent-1 (6 Weeks),2026-09-12,2026-09-22,10,UIP-NSK-202609-PENTA-499,PHC-NSK-08,nurse_nsk_08,FALSE,Routine UIP session.
NSK-2026-0087,Rota,1,Rotavirus-1 (6 Weeks),2026-09-12,2026-09-17,5,UIP-NSK-202609-ROTA-370,PHC-NSK-08,nurse_nsk_08,FALSE,Routine UIP session.
NSK-2026-0087,PCV,1,PCV-1 (6 Weeks),2026-09-12,2026-09-13,1,UIP-NSK-202609-PCV-974,PHC-NSK-08,nurse_nsk_08,FALSE,Routine UIP session.
NSK-2026-0088,BCG,1,BCG (At Birth),2026-03-23,2026-03-23,0,UIP-NSK-202603-BCG-236,PHC-NSK-08,nurse_nsk_08,FALSE,Administered at hospital after delivery.
NSK-2026-0088,OPV,1,OPV Zero Dose (At Birth),2026-03-23,2026-03-23,0,UIP-NSK-202603-OPV-242,PHC-NSK-08,nurse_nsk_08,FALSE,Administered at hospital after delivery.
NSK-2026-0088,OPV,2,OPV-1 (6 Weeks),2026-05-04,2026-05-04,0,UIP-NSK-202605-OPV-987,PHC-NSK-08,nurse_nsk_08,FALSE,Routine UIP session.
NSK-2026-0088,Penta,1,Pentavalent-1 (6 Weeks),2026-05-04,2026-05-04,0,UIP-NSK-202605-PENTA-933,PHC-NSK-08,nurse_nsk_08,FALSE,Routine UIP session.
NSK-2026-0088,Rota,1,Rotavirus-1 (6 Weeks),2026-05-04,2026-05-04,0,UIP-NSK-202605-ROTA-648,PHC-NSK-08,nurse_nsk_08,FALSE,Routine UIP session.
NSK-2026-0088,fIPV,1,fIPV-1 (6 Weeks),2026-05-04,2026-05-04,0,UIP-NSK-202605-FIPV-587,PHC-NSK-08,nurse_nsk_08,FALSE,Routine UIP session.
NSK-2026-0088,PCV,1,PCV-1 (6 Weeks),2026-05-04,2026-05-05,1,UIP-NSK-202605-PCV-104,PHC-NSK-08,nurse_nsk_08,FALSE,Routine UIP session.
NSK-2026-0088,OPV,3,OPV-2 (10 Weeks),2026-06-01,2026-06-01,0,UIP-NSK-202606-OPV-237,PHC-NSK-08,nurse_nsk_08,FALSE,Routine UIP session.
NSK-2026-0088,Rota,2,Rotavirus-2 (10 Weeks),2026-06-01,2026-06-02,1,UIP-NSK-202606-ROTA-248,PHC-NSK-08,nurse_nsk_08,FALSE,Routine UIP session.
NSK-2026-0088,OPV,4,OPV-3 (14 Weeks),2026-06-29,2026-07-02,3,UIP-NSK-202607-OPV-268,PHC-NSK-08,nurse_nsk_08,FALSE,Routine UIP session.
NSK-2026-0088,Penta,3,Pentavalent-3 (14 Weeks),2026-06-29,2026-06-29,0,UIP-NSK-202606-PENTA-680,PHC-NSK-03,nurse_nsk_03,FALSE,Routine UIP session.
NSK-2026-0088,Rota,3,Rotavirus-3 (14 Weeks),2026-06-29,2026-06-30,1,UIP-NSK-202606-ROTA-636,PHC-NSK-08,nurse_nsk_08,FALSE,Routine UIP session.
NSK-2026-0088,fIPV,2,fIPV-2 (14 Weeks),2026-06-29,2026-06-29,0,UIP-NSK-202606-FIPV-834,PHC-NSK-08,nurse_nsk_08,FALSE,Routine UIP session.
NSK-2026-0088,PCV,2,PCV-2 (14 Weeks),2026-06-29,2026-06-29,0,UIP-NSK-202606-PCV-942,PHC-NSK-08,nurse_nsk_08,FALSE,Routine UIP session.
NSK-2026-0089,BCG,1,BCG (At Birth),2026-07-16,2026-07-16,0,UIP-NSK-202607-BCG-361,PHC-NSK-01,nurse_nsk_01,FALSE,Administered at hospital after delivery.
NSK-2026-0089,OPV,1,OPV Zero Dose (At Birth),2026-07-16,2026-07-16,0,UIP-NSK-202607-OPV-866,PHC-NSK-01,nurse_nsk_01,FALSE,Administered at hospital after delivery.
NSK-2026-0089,HepB,1,Hepatitis B Birth Dose,2026-07-16,2026-07-16,0,UIP-NSK-202607-HEPB-831,PHC-NSK-01,nurse_nsk_01,FALSE,Administered at hospital after delivery.
NSK-2026-0089,OPV,2,OPV-1 (6 Weeks),2026-08-27,2026-08-27,0,UIP-NSK-202608-OPV-719,PHC-NSK-01,nurse_nsk_01,FALSE,Routine UIP session.
NSK-2026-0089,Penta,1,Pentavalent-1 (6 Weeks),2026-08-27,2026-08-27,0,UIP-NSK-202608-PENTA-468,PHC-NSK-01,nurse_nsk_01,FALSE,Routine UIP session.
NSK-2026-0089,Rota,1,Rotavirus-1 (6 Weeks),2026-08-27,2026-08-27,0,UIP-NSK-202608-ROTA-897,PHC-NSK-01,nurse_nsk_01,FALSE,Routine UIP session.
NSK-2026-0089,fIPV,1,fIPV-1 (6 Weeks),2026-08-27,2026-08-27,0,UIP-NSK-202608-FIPV-633,PHC-NSK-05,nurse_nsk_05,FALSE,Routine UIP session.
NSK-2026-0089,PCV,1,PCV-1 (6 Weeks),2026-08-27,2026-08-27,0,UIP-NSK-202608-PCV-831,PHC-NSK-01,nurse_nsk_01,FALSE,Routine UIP session.
NSK-2026-0089,OPV,3,OPV-2 (10 Weeks),2026-09-24,2026-09-24,0,UIP-NSK-202609-OPV-457,PHC-NSK-01,nurse_nsk_01,FALSE,Routine UIP session.
NSK-2026-0089,Penta,2,Pentavalent-2 (10 Weeks),2026-09-24,2026-09-24,0,UIP-NSK-202609-PENTA-457,PHC-NSK-01,nurse_nsk_01,TRUE,Mild fever and local swelling; resolved in 48 hours.
NSK-2026-0089,Rota,2,Rotavirus-2 (10 Weeks),2026-09-24,2026-09-27,3,UIP-NSK-202609-ROTA-641,PHC-NSK-01,nurse_nsk_01,FALSE,Routine UIP session.
NSK-2026-0090,BCG,1,BCG (At Birth),2026-03-19,2026-03-19,0,UIP-NSK-202603-BCG-588,PHC-NSK-09,nurse_nsk_09,FALSE,Administered at hospital after delivery.
NSK-2026-0090,HepB,1,Hepatitis B Birth Dose,2026-03-19,2026-03-19,0,UIP-NSK-202603-HEPB-342,PHC-NSK-09,nurse_nsk_09,FALSE,Administered at hospital after delivery.
NSK-2026-0090,Penta,1,Pentavalent-1 (6 Weeks),2026-04-30,2026-06-12,43,UIP-NSK-202606-PENTA-865,PHC-NSK-09,nurse_nsk_09,FALSE,Routine UIP session.
NSK-2026-0090,fIPV,1,fIPV-1 (6 Weeks),2026-04-30,2026-05-29,29,UIP-NSK-202605-FIPV-707,PHC-NSK-09,nurse_nsk_09,FALSE,Routine UIP session.
NSK-2026-0090,PCV,1,PCV-1 (6 Weeks),2026-04-30,2026-06-01,32,UIP-NSK-202606-PCV-572,PHC-NSK-09,nurse_nsk_09,FALSE,Routine UIP session.
NSK-2026-0090,Penta,2,Pentavalent-2 (10 Weeks),2026-05-28,2026-07-10,43,UIP-NSK-202607-PENTA-255,PHC-NSK-09,nurse_nsk_09,FALSE,Routine UIP session.
NSK-2026-0090,Penta,3,Pentavalent-3 (14 Weeks),2026-06-25,2026-08-07,43,UIP-NSK-202608-PENTA-683,PHC-NSK-09,nurse_nsk_09,FALSE,Routine UIP session.
NSK-2026-0091,OPV,1,OPV Zero Dose (At Birth),2026-04-20,2026-04-20,0,UIP-NSK-202604-OPV-537,PHC-NSK-06,nurse_nsk_06,FALSE,Administered at hospital after delivery.
NSK-2026-0091,HepB,1,Hepatitis B Birth Dose,2026-04-20,2026-04-20,0,UIP-NSK-202604-HEPB-559,PHC-NSK-04,nurse_nsk_04,FALSE,Administered at hospital after delivery.
NSK-2026-0091,OPV,2,OPV-1 (6 Weeks),2026-06-01,2026-06-01,0,UIP-NSK-202606-OPV-993,PHC-NSK-06,nurse_nsk_06,FALSE,Routine UIP session.
NSK-2026-0091,Penta,1,Pentavalent-1 (6 Weeks),2026-06-01,2026-06-01,0,UIP-NSK-202606-PENTA-754,PHC-NSK-06,nurse_nsk_06,FALSE,Routine UIP session.
NSK-2026-0091,Rota,1,Rotavirus-1 (6 Weeks),2026-06-01,2026-06-01,0,UIP-NSK-202606-ROTA-282,PHC-NSK-06,nurse_nsk_06,FALSE,Routine UIP session.
NSK-2026-0091,fIPV,1,fIPV-1 (6 Weeks),2026-06-01,2026-06-03,2,UIP-NSK-202606-FIPV-285,PHC-NSK-06,nurse_nsk_06,FALSE,Routine UIP session.
NSK-2026-0091,PCV,1,PCV-1 (6 Weeks),2026-06-01,2026-06-01,0,UIP-NSK-202606-PCV-836,PHC-NSK-06,nurse_nsk_06,FALSE,Routine UIP session.
NSK-2026-0091,OPV,3,OPV-2 (10 Weeks),2026-06-29,2026-06-29,0,UIP-NSK-202606-OPV-426,PHC-NSK-06,nurse_nsk_06,FALSE,Routine UIP session.
NSK-2026-0091,Penta,2,Pentavalent-2 (10 Weeks),2026-06-29,2026-06-30,1,UIP-NSK-202606-PENTA-688,PHC-NSK-05,nurse_nsk_05,FALSE,Routine UIP session.
NSK-2026-0091,Rota,2,Rotavirus-2 (10 Weeks),2026-06-29,2026-07-02,3,UIP-NSK-202607-ROTA-263,PHC-NSK-06,nurse_nsk_06,FALSE,Routine UIP session.
NSK-2026-0091,OPV,4,OPV-3 (14 Weeks),2026-07-27,2026-07-27,0,UIP-NSK-202607-OPV-985,PHC-NSK-06,nurse_nsk_06,FALSE,Routine UIP session.
NSK-2026-0091,Penta,3,Pentavalent-3 (14 Weeks),2026-07-27,2026-07-28,1,UIP-NSK-202607-PENTA-119,PHC-NSK-06,nurse_nsk_06,FALSE,Routine UIP session.
NSK-2026-0091,Rota,3,Rotavirus-3 (14 Weeks),2026-07-27,2026-07-30,3,UIP-NSK-202607-ROTA-211,PHC-NSK-06,nurse_nsk_06,TRUE,Mild fever and local swelling; resolved in 48 hours.
NSK-2026-0091,fIPV,2,fIPV-2 (14 Weeks),2026-07-27,2026-07-27,0,UIP-NSK-202607-FIPV-192,PHC-NSK-06,nurse_nsk_06,FALSE,Routine UIP session.
NSK-2026-0091,PCV,2,PCV-2 (14 Weeks),2026-07-27,2026-07-27,0,UIP-NSK-202607-PCV-875,PHC-NSK-10,nurse_nsk_10,FALSE,Routine UIP session.
NSK-2026-0092,BCG,1,BCG (At Birth),2026-05-10,2026-05-10,0,UIP-NSK-202605-BCG-428,PHC-NSK-05,nurse_nsk_05,FALSE,Administered at hospital after delivery.
NSK-2026-0092,OPV,1,OPV Zero Dose (At Birth),2026-05-10,2026-05-10,0,UIP-NSK-202605-OPV-217,PHC-NSK-05,nurse_nsk_05,FALSE,Administered at hospital after delivery.
NSK-2026-0092,OPV,2,OPV-1 (6 Weeks),2026-06-21,2026-06-23,2,UIP-NSK-202606-OPV-756,PHC-NSK-05,nurse_nsk_05,FALSE,Routine UIP session.
NSK-2026-0092,Penta,1,Pentavalent-1 (6 Weeks),2026-06-21,2026-06-21,0,UIP-NSK-202606-PENTA-556,PHC-NSK-05,nurse_nsk_05,FALSE,Routine UIP session.
NSK-2026-0092,Rota,1,Rotavirus-1 (6 Weeks),2026-06-21,2026-06-21,0,UIP-NSK-202606-ROTA-515,PHC-NSK-05,nurse_nsk_05,FALSE,Routine UIP session.
NSK-2026-0092,fIPV,1,fIPV-1 (6 Weeks),2026-06-21,2026-06-21,0,UIP-NSK-202606-FIPV-182,PHC-NSK-05,nurse_nsk_05,FALSE,Routine UIP session.
NSK-2026-0092,PCV,1,PCV-1 (6 Weeks),2026-06-21,2026-06-23,2,UIP-NSK-202606-PCV-366,PHC-NSK-05,nurse_nsk_05,FALSE,Routine UIP session.
NSK-2026-0092,OPV,3,OPV-2 (10 Weeks),2026-07-19,2026-07-21,2,UIP-NSK-202607-OPV-177,PHC-NSK-05,nurse_nsk_05,FALSE,Routine UIP session.
NSK-2026-0092,Penta,2,Pentavalent-2 (10 Weeks),2026-07-19,2026-07-20,1,UIP-NSK-202607-PENTA-543,PHC-NSK-05,nurse_nsk_05,FALSE,Routine UIP session.
NSK-2026-0092,OPV,4,OPV-3 (14 Weeks),2026-08-16,2026-08-18,2,UIP-NSK-202608-OPV-530,PHC-NSK-05,nurse_nsk_05,FALSE,Routine UIP session.
NSK-2026-0092,Rota,3,Rotavirus-3 (14 Weeks),2026-08-16,2026-08-16,0,UIP-NSK-202608-ROTA-596,PHC-NSK-05,nurse_nsk_05,FALSE,Routine UIP session.
NSK-2026-0092,fIPV,2,fIPV-2 (14 Weeks),2026-08-16,2026-08-16,0,UIP-NSK-202608-FIPV-653,PHC-NSK-05,nurse_nsk_05,FALSE,Routine UIP session.
NSK-2026-0092,PCV,2,PCV-2 (14 Weeks),2026-08-16,2026-08-16,0,UIP-NSK-202608-PCV-675,PHC-NSK-05,nurse_nsk_05,FALSE,Routine UIP session.
NSK-2026-0093,BCG,1,BCG (At Birth),2026-02-03,2026-02-03,0,UIP-NSK-202602-BCG-378,PHC-NSK-06,nurse_nsk_06,FALSE,Administered at hospital after delivery.
NSK-2026-0093,OPV,1,OPV Zero Dose (At Birth),2026-02-03,2026-02-03,0,UIP-NSK-202602-OPV-163,PHC-NSK-06,nurse_nsk_06,FALSE,Administered at hospital after delivery.
NSK-2026-0093,HepB,1,Hepatitis B Birth Dose,2026-02-03,2026-02-03,0,UIP-NSK-202602-HEPB-792,PHC-NSK-06,nurse_nsk_06,FALSE,Administered at hospital after delivery.
NSK-2026-0093,OPV,2,OPV-1 (6 Weeks),2026-03-17,2026-04-27,41,UIP-NSK-202604-OPV-717,PHC-NSK-06,nurse_nsk_06,FALSE,Routine UIP session.
NSK-2026-0093,fIPV,1,fIPV-1 (6 Weeks),2026-03-17,2026-04-21,35,UIP-NSK-202604-FIPV-626,PHC-NSK-06,nurse_nsk_06,FALSE,Routine UIP session.
NSK-2026-0093,PCV,1,PCV-1 (6 Weeks),2026-03-17,2026-03-29,12,UIP-NSK-202603-PCV-392,PHC-NSK-06,nurse_nsk_06,FALSE,Routine UIP session.
NSK-2026-0093,OPV,3,OPV-2 (10 Weeks),2026-04-14,2026-05-25,41,UIP-NSK-202605-OPV-919,PHC-NSK-06,nurse_nsk_06,FALSE,Routine UIP session.
NSK-2026-0093,Penta,2,Pentavalent-2 (10 Weeks),2026-04-14,2026-06-05,52,UIP-NSK-202606-PENTA-594,PHC-NSK-06,nurse_nsk_06,FALSE,Routine UIP session.
NSK-2026-0093,fIPV,2,fIPV-2 (14 Weeks),2026-05-12,2026-06-15,34,UIP-NSK-202606-FIPV-304,PHC-NSK-06,nurse_nsk_06,FALSE,Routine UIP session.
NSK-2026-0094,BCG,1,BCG (At Birth),2026-07-30,2026-07-30,0,UIP-NSK-202607-BCG-701,PHC-NSK-04,nurse_nsk_04,FALSE,Administered at hospital after delivery.
NSK-2026-0094,OPV,1,OPV Zero Dose (At Birth),2026-07-30,2026-07-30,0,UIP-NSK-202607-OPV-844,PHC-NSK-04,nurse_nsk_04,FALSE,Administered at hospital after delivery.
NSK-2026-0094,HepB,1,Hepatitis B Birth Dose,2026-07-30,2026-07-30,0,UIP-NSK-202607-HEPB-627,PHC-NSK-04,nurse_nsk_04,FALSE,Administered at hospital after delivery.
NSK-2026-0094,OPV,2,OPV-1 (6 Weeks),2026-09-10,2026-09-10,0,UIP-NSK-202609-OPV-970,PHC-NSK-04,nurse_nsk_04,FALSE,Routine UIP session.
NSK-2026-0094,Penta,1,Pentavalent-1 (6 Weeks),2026-09-10,2026-09-10,0,UIP-NSK-202609-PENTA-654,PHC-NSK-04,nurse_nsk_04,FALSE,Routine UIP session.
NSK-2026-0094,Rota,1,Rotavirus-1 (6 Weeks),2026-09-10,2026-09-13,3,UIP-NSK-202609-ROTA-529,PHC-NSK-04,nurse_nsk_04,FALSE,Routine UIP session.
NSK-2026-0094,fIPV,1,fIPV-1 (6 Weeks),2026-09-10,2026-09-10,0,UIP-NSK-202609-FIPV-949,PHC-NSK-04,nurse_nsk_04,FALSE,Routine UIP session.
NSK-2026-0094,PCV,1,PCV-1 (6 Weeks),2026-09-10,2026-09-10,0,UIP-NSK-202609-PCV-732,PHC-NSK-04,nurse_nsk_04,FALSE,Routine UIP session.
NSK-2026-0095,BCG,1,BCG (At Birth),2026-09-07,2026-09-07,0,UIP-NSK-202609-BCG-865,PHC-NSK-01,nurse_nsk_01,FALSE,Administered at hospital after delivery.
NSK-2026-0095,OPV,1,OPV Zero Dose (At Birth),2026-09-07,2026-09-07,0,UIP-NSK-202609-OPV-202,PHC-NSK-01,nurse_nsk_01,FALSE,Administered at hospital after delivery.
NSK-2026-0096,BCG,1,BCG (At Birth),2026-07-23,2026-07-23,0,UIP-NSK-202607-BCG-715,PHC-NSK-07,nurse_nsk_07,FALSE,Administered at hospital after delivery.
NSK-2026-0096,HepB,1,Hepatitis B Birth Dose,2026-07-23,2026-07-23,0,UIP-NSK-202607-HEPB-934,PHC-NSK-07,nurse_nsk_07,FALSE,Administered at hospital after delivery.
NSK-2026-0096,OPV,2,OPV-1 (6 Weeks),2026-09-03,2026-09-03,0,UIP-NSK-202609-OPV-744,PHC-NSK-07,nurse_nsk_07,TRUE,Mild fever and local swelling; resolved in 48 hours.
NSK-2026-0096,Penta,1,Pentavalent-1 (6 Weeks),2026-09-03,2026-09-05,2,UIP-NSK-202609-PENTA-550,PHC-NSK-07,nurse_nsk_07,FALSE,Routine UIP session.
NSK-2026-0096,Rota,1,Rotavirus-1 (6 Weeks),2026-09-03,2026-09-03,0,UIP-NSK-202609-ROTA-524,PHC-NSK-07,nurse_nsk_07,FALSE,Routine UIP session.
NSK-2026-0096,fIPV,1,fIPV-1 (6 Weeks),2026-09-03,2026-09-03,0,UIP-NSK-202609-FIPV-564,PHC-NSK-07,nurse_nsk_07,FALSE,Routine UIP session.
NSK-2026-0096,PCV,1,PCV-1 (6 Weeks),2026-09-03,2026-09-03,0,UIP-NSK-202609-PCV-764,PHC-NSK-07,nurse_nsk_07,FALSE,Routine UIP session.
NSK-2026-0096,OPV,3,OPV-2 (10 Weeks),2026-10-01,2026-10-01,0,UIP-NSK-202610-OPV-778,PHC-NSK-07,nurse_nsk_07,FALSE,Routine UIP session.
NSK-2026-0096,Penta,2,Pentavalent-2 (10 Weeks),2026-10-01,2026-10-03,2,UIP-NSK-202610-PENTA-659,PHC-NSK-07,nurse_nsk_07,FALSE,Routine UIP session.
NSK-2026-0096,Rota,2,Rotavirus-2 (10 Weeks),2026-10-01,2026-10-01,0,UIP-NSK-202610-ROTA-493,PHC-NSK-07,nurse_nsk_07,FALSE,Routine UIP session.
NSK-2026-0097,BCG,1,BCG (At Birth),2026-02-07,2026-02-07,0,UIP-NSK-202602-BCG-991,PHC-NSK-08,nurse_nsk_08,FALSE,Administered at hospital after delivery.
NSK-2026-0097,OPV,1,OPV Zero Dose (At Birth),2026-02-07,2026-02-07,0,UIP-NSK-202602-OPV-719,PHC-NSK-08,nurse_nsk_08,FALSE,Administered at hospital after delivery.
NSK-2026-0097,HepB,1,Hepatitis B Birth Dose,2026-02-07,2026-02-07,0,UIP-NSK-202602-HEPB-224,PHC-NSK-08,nurse_nsk_08,FALSE,Administered at hospital after delivery.
NSK-2026-0097,OPV,2,OPV-1 (6 Weeks),2026-03-21,2026-03-21,0,UIP-NSK-202603-OPV-991,PHC-NSK-08,nurse_nsk_08,FALSE,Routine UIP session.
NSK-2026-0097,Penta,1,Pentavalent-1 (6 Weeks),2026-03-21,2026-03-21,0,UIP-NSK-202603-PENTA-731,PHC-NSK-08,nurse_nsk_08,FALSE,Routine UIP session.
NSK-2026-0097,Rota,1,Rotavirus-1 (6 Weeks),2026-03-21,2026-03-21,0,UIP-NSK-202603-ROTA-246,PHC-NSK-08,nurse_nsk_08,FALSE,Routine UIP session.
NSK-2026-0097,PCV,1,PCV-1 (6 Weeks),2026-03-21,2026-03-21,0,UIP-NSK-202603-PCV-477,PHC-NSK-08,nurse_nsk_08,FALSE,Routine UIP session.
NSK-2026-0097,OPV,3,OPV-2 (10 Weeks),2026-04-18,2026-04-18,0,UIP-NSK-202604-OPV-978,PHC-NSK-08,nurse_nsk_08,FALSE,Routine UIP session.
NSK-2026-0097,Penta,2,Pentavalent-2 (10 Weeks),2026-04-18,2026-04-18,0,UIP-NSK-202604-PENTA-546,PHC-NSK-08,nurse_nsk_08,FALSE,Routine UIP session.
NSK-2026-0097,Rota,2,Rotavirus-2 (10 Weeks),2026-04-18,2026-04-18,0,UIP-NSK-202604-ROTA-604,PHC-NSK-08,nurse_nsk_08,FALSE,Routine UIP session.
NSK-2026-0097,OPV,4,OPV-3 (14 Weeks),2026-05-16,2026-05-19,3,UIP-NSK-202605-OPV-582,PHC-NSK-08,nurse_nsk_08,FALSE,Routine UIP session.
NSK-2026-0097,Penta,3,Pentavalent-3 (14 Weeks),2026-05-16,2026-05-16,0,UIP-NSK-202605-PENTA-487,PHC-NSK-08,nurse_nsk_08,FALSE,Routine UIP session.
NSK-2026-0097,Rota,3,Rotavirus-3 (14 Weeks),2026-05-16,2026-05-16,0,UIP-NSK-202605-ROTA-112,PHC-NSK-08,nurse_nsk_08,FALSE,Routine UIP session.
NSK-2026-0097,fIPV,2,fIPV-2 (14 Weeks),2026-05-16,2026-05-19,3,UIP-NSK-202605-FIPV-858,PHC-NSK-08,nurse_nsk_08,FALSE,Routine UIP session.
NSK-2026-0097,PCV,2,PCV-2 (14 Weeks),2026-05-16,2026-05-16,0,UIP-NSK-202605-PCV-717,PHC-NSK-08,nurse_nsk_08,FALSE,Routine UIP session.
NSK-2026-0098,BCG,1,BCG (At Birth),2026-04-08,2026-04-08,0,UIP-NSK-202604-BCG-270,PHC-NSK-05,nurse_nsk_05,FALSE,Administered at hospital after delivery.
NSK-2026-0098,OPV,1,OPV Zero Dose (At Birth),2026-04-08,2026-04-08,0,UIP-NSK-202604-OPV-878,PHC-NSK-05,nurse_nsk_05,FALSE,Administered at hospital after delivery.
NSK-2026-0098,HepB,1,Hepatitis B Birth Dose,2026-04-08,2026-04-08,0,UIP-NSK-202604-HEPB-338,PHC-NSK-05,nurse_nsk_05,FALSE,Administered at hospital after delivery.
NSK-2026-0098,OPV,2,OPV-1 (6 Weeks),2026-05-20,2026-05-20,0,UIP-NSK-202605-OPV-383,PHC-NSK-05,nurse_nsk_05,FALSE,Routine UIP session.
NSK-2026-0098,Penta,1,Pentavalent-1 (6 Weeks),2026-05-20,2026-05-22,2,UIP-NSK-202605-PENTA-643,PHC-NSK-05,nurse_nsk_05,FALSE,Routine UIP session.
NSK-2026-0098,Rota,1,Rotavirus-1 (6 Weeks),2026-05-20,2026-05-20,0,UIP-NSK-202605-ROTA-668,PHC-NSK-05,nurse_nsk_05,FALSE,Routine UIP session.
NSK-2026-0098,fIPV,1,fIPV-1 (6 Weeks),2026-05-20,2026-05-20,0,UIP-NSK-202605-FIPV-752,PHC-NSK-05,nurse_nsk_05,FALSE,Routine UIP session.
NSK-2026-0098,PCV,1,PCV-1 (6 Weeks),2026-05-20,2026-05-20,0,UIP-NSK-202605-PCV-921,PHC-NSK-05,nurse_nsk_05,FALSE,Routine UIP session.
NSK-2026-0098,OPV,3,OPV-2 (10 Weeks),2026-06-17,2026-06-17,0,UIP-NSK-202606-OPV-206,PHC-NSK-05,nurse_nsk_05,FALSE,Routine UIP session.
NSK-2026-0098,Penta,2,Pentavalent-2 (10 Weeks),2026-06-17,2026-06-19,2,UIP-NSK-202606-PENTA-464,PHC-NSK-05,nurse_nsk_05,FALSE,Routine UIP session.
NSK-2026-0098,Rota,2,Rotavirus-2 (10 Weeks),2026-06-17,2026-06-20,3,UIP-NSK-202606-ROTA-386,PHC-NSK-05,nurse_nsk_05,FALSE,Routine UIP session.
NSK-2026-0098,OPV,4,OPV-3 (14 Weeks),2026-07-15,2026-07-15,0,UIP-NSK-202607-OPV-581,PHC-NSK-05,nurse_nsk_05,FALSE,Routine UIP session.
NSK-2026-0098,Penta,3,Pentavalent-3 (14 Weeks),2026-07-15,2026-07-17,2,UIP-NSK-202607-PENTA-890,PHC-NSK-05,nurse_nsk_05,FALSE,Routine UIP session.
NSK-2026-0098,Rota,3,Rotavirus-3 (14 Weeks),2026-07-15,2026-07-18,3,UIP-NSK-202607-ROTA-813,PHC-NSK-05,nurse_nsk_05,FALSE,Routine UIP session.
NSK-2026-0098,fIPV,2,fIPV-2 (14 Weeks),2026-07-15,2026-07-15,0,UIP-NSK-202607-FIPV-827,PHC-NSK-05,nurse_nsk_05,FALSE,Routine UIP session.
NSK-2026-0098,PCV,2,PCV-2 (14 Weeks),2026-07-15,2026-07-15,0,UIP-NSK-202607-PCV-344,PHC-NSK-05,nurse_nsk_05,FALSE,Routine UIP session.
NSK-2026-0099,BCG,1,BCG (At Birth),2026-04-16,2026-04-16,0,UIP-NSK-202604-BCG-404,PHC-NSK-02,nurse_nsk_02,FALSE,Administered at hospital after delivery.
NSK-2026-0099,OPV,1,OPV Zero Dose (At Birth),2026-04-16,2026-04-16,0,UIP-NSK-202604-OPV-720,PHC-NSK-02,nurse_nsk_02,FALSE,Administered at hospital after delivery.
NSK-2026-0099,HepB,1,Hepatitis B Birth Dose,2026-04-16,2026-04-16,0,UIP-NSK-202604-HEPB-974,PHC-NSK-02,nurse_nsk_02,FALSE,Administered at hospital after delivery.
NSK-2026-0099,OPV,2,OPV-1 (6 Weeks),2026-05-28,2026-05-28,0,UIP-NSK-202605-OPV-236,PHC-NSK-02,nurse_nsk_02,FALSE,Routine UIP session.
NSK-2026-0099,Penta,1,Pentavalent-1 (6 Weeks),2026-05-28,2026-05-28,0,UIP-NSK-202605-PENTA-992,PHC-NSK-02,nurse_nsk_02,FALSE,Routine UIP session.
NSK-2026-0099,Rota,1,Rotavirus-1 (6 Weeks),2026-05-28,2026-05-28,0,UIP-NSK-202605-ROTA-215,PHC-NSK-06,nurse_nsk_06,FALSE,Routine UIP session.
NSK-2026-0099,fIPV,1,fIPV-1 (6 Weeks),2026-05-28,2026-05-28,0,UIP-NSK-202605-FIPV-707,PHC-NSK-02,nurse_nsk_02,FALSE,Routine UIP session.
NSK-2026-0099,PCV,1,PCV-1 (6 Weeks),2026-05-28,2026-05-30,2,UIP-NSK-202605-PCV-817,PHC-NSK-02,nurse_nsk_02,FALSE,Routine UIP session.
NSK-2026-0099,OPV,3,OPV-2 (10 Weeks),2026-06-25,2026-06-25,0,UIP-NSK-202606-OPV-700,PHC-NSK-02,nurse_nsk_02,FALSE,Routine UIP session.
NSK-2026-0099,Penta,2,Pentavalent-2 (10 Weeks),2026-06-25,2026-06-26,1,UIP-NSK-202606-PENTA-989,PHC-NSK-02,nurse_nsk_02,FALSE,Routine UIP session.
NSK-2026-0099,Rota,2,Rotavirus-2 (10 Weeks),2026-06-25,2026-06-25,0,UIP-NSK-202606-ROTA-438,PHC-NSK-02,nurse_nsk_02,FALSE,Routine UIP session.
NSK-2026-0099,OPV,4,OPV-3 (14 Weeks),2026-07-23,2026-07-23,0,UIP-NSK-202607-OPV-825,PHC-NSK-02,nurse_nsk_02,FALSE,Routine UIP session.
NSK-2026-0099,Penta,3,Pentavalent-3 (14 Weeks),2026-07-23,2026-07-24,1,UIP-NSK-202607-PENTA-511,PHC-NSK-02,nurse_nsk_02,FALSE,Routine UIP session.
NSK-2026-0099,Rota,3,Rotavirus-3 (14 Weeks),2026-07-23,2026-07-23,0,UIP-NSK-202607-ROTA-319,PHC-NSK-02,nurse_nsk_02,FALSE,Routine UIP session.
NSK-2026-0099,fIPV,2,fIPV-2 (14 Weeks),2026-07-23,2026-07-23,0,UIP-NSK-202607-FIPV-399,PHC-NSK-02,nurse_nsk_02,FALSE,Routine UIP session.
NSK-2026-0099,PCV,2,PCV-2 (14 Weeks),2026-07-23,2026-07-25,2,UIP-NSK-202607-PCV-929,PHC-NSK-02,nurse_nsk_02,FALSE,Routine UIP session.
NSK-2026-0100,BCG,1,BCG (At Birth),2026-02-27,2026-02-27,0,UIP-NSK-202602-BCG-612,PHC-NSK-02,nurse_nsk_02,FALSE,Administered at hospital after delivery.
NSK-2026-0100,OPV,1,OPV Zero Dose (At Birth),2026-02-27,2026-02-27,0,UIP-NSK-202602-OPV-521,PHC-NSK-07,nurse_nsk_07,FALSE,Administered at hospital after delivery.
NSK-2026-0100,HepB,1,Hepatitis B Birth Dose,2026-02-27,2026-02-27,0,UIP-NSK-202602-HEPB-428,PHC-NSK-02,nurse_nsk_02,FALSE,Administered at hospital after delivery.
NSK-2026-0100,OPV,2,OPV-1 (6 Weeks),2026-04-10,2026-04-11,1,UIP-NSK-202604-OPV-378,PHC-NSK-02,nurse_nsk_02,FALSE,Routine UIP session.
NSK-2026-0100,Penta,1,Pentavalent-1 (6 Weeks),2026-04-10,2026-04-10,0,UIP-NSK-202604-PENTA-454,PHC-NSK-02,nurse_nsk_02,FALSE,Routine UIP session.
NSK-2026-0100,Rota,1,Rotavirus-1 (6 Weeks),2026-04-10,2026-04-10,0,UIP-NSK-202604-ROTA-525,PHC-NSK-02,nurse_nsk_02,FALSE,Routine UIP session.
NSK-2026-0100,fIPV,1,fIPV-1 (6 Weeks),2026-04-10,2026-04-12,2,UIP-NSK-202604-FIPV-408,PHC-NSK-02,nurse_nsk_02,FALSE,Routine UIP session.
NSK-2026-0100,PCV,1,PCV-1 (6 Weeks),2026-04-10,2026-04-10,0,UIP-NSK-202604-PCV-697,PHC-NSK-02,nurse_nsk_02,FALSE,Routine UIP session.
NSK-2026-0100,OPV,3,OPV-2 (10 Weeks),2026-05-08,2026-05-09,1,UIP-NSK-202605-OPV-703,PHC-NSK-02,nurse_nsk_02,FALSE,Routine UIP session.
NSK-2026-0100,Penta,2,Pentavalent-2 (10 Weeks),2026-05-08,2026-05-17,9,UIP-NSK-202605-PENTA-698,PHC-NSK-02,nurse_nsk_02,FALSE,Routine UIP session.
NSK-2026-0100,Rota,2,Rotavirus-2 (10 Weeks),2026-05-08,2026-05-09,1,UIP-NSK-202605-ROTA-550,PHC-NSK-02,nurse_nsk_02,FALSE,Routine UIP session.
NSK-2026-0100,OPV,4,OPV-3 (14 Weeks),2026-06-05,2026-06-08,3,UIP-NSK-202606-OPV-927,PHC-NSK-07,nurse_nsk_07,FALSE,Routine UIP session.
NSK-2026-0100,Penta,3,Pentavalent-3 (14 Weeks),2026-06-05,2026-06-14,9,UIP-NSK-202606-PENTA-456,PHC-NSK-02,nurse_nsk_02,FALSE,Routine UIP session.
NSK-2026-0100,Rota,3,Rotavirus-3 (14 Weeks),2026-06-05,2026-06-06,1,UIP-NSK-202606-ROTA-896,PHC-NSK-02,nurse_nsk_02,FALSE,Routine UIP session.
NSK-2026-0100,fIPV,2,fIPV-2 (14 Weeks),2026-06-05,2026-06-05,0,UIP-NSK-202606-FIPV-579,PHC-NSK-02,nurse_nsk_02,FALSE,Routine UIP session.
NSK-2026-0100,PCV,2,PCV-2 (14 Weeks),2026-06-05,2026-06-05,0,UIP-NSK-202606-PCV-693,PHC-NSK-02,nurse_nsk_02,FALSE,Routine UIP session.
NSK-2026-0101,BCG,1,BCG (At Birth),2026-08-17,2026-08-17,0,UIP-NSK-202608-BCG-247,PHC-NSK-09,nurse_nsk_09,FALSE,Administered at hospital after delivery.
NSK-2026-0101,HepB,1,Hepatitis B Birth Dose,2026-08-17,2026-09-22,36,UIP-NSK-202609-HEPB-563,PHC-NSK-09,nurse_nsk_09,FALSE,Routine UIP session.
NSK-2026-0102,BCG,1,BCG (At Birth),2026-03-15,2026-03-15,0,UIP-NSK-202603-BCG-746,PHC-NSK-03,nurse_nsk_03,FALSE,Administered at hospital after delivery.
NSK-2026-0102,OPV,1,OPV Zero Dose (At Birth),2026-03-15,2026-03-15,0,UIP-NSK-202603-OPV-361,PHC-NSK-03,nurse_nsk_03,FALSE,Administered at hospital after delivery.
NSK-2026-0102,HepB,1,Hepatitis B Birth Dose,2026-03-15,2026-03-15,0,UIP-NSK-202603-HEPB-714,PHC-NSK-03,nurse_nsk_03,FALSE,Administered at hospital after delivery.
NSK-2026-0102,OPV,2,OPV-1 (6 Weeks),2026-04-26,2026-04-27,1,UIP-NSK-202604-OPV-324,PHC-NSK-03,nurse_nsk_03,FALSE,Routine UIP session.
NSK-2026-0102,Penta,1,Pentavalent-1 (6 Weeks),2026-04-26,2026-04-26,0,UIP-NSK-202604-PENTA-534,PHC-NSK-03,nurse_nsk_03,FALSE,Routine UIP session.
NSK-2026-0102,Rota,1,Rotavirus-1 (6 Weeks),2026-04-26,2026-04-29,3,UIP-NSK-202604-ROTA-634,PHC-NSK-03,nurse_nsk_03,FALSE,Routine UIP session.
NSK-2026-0102,fIPV,1,fIPV-1 (6 Weeks),2026-04-26,2026-04-26,0,UIP-NSK-202604-FIPV-976,PHC-NSK-03,nurse_nsk_03,FALSE,Routine UIP session.
NSK-2026-0102,PCV,1,PCV-1 (6 Weeks),2026-04-26,2026-04-26,0,UIP-NSK-202604-PCV-540,PHC-NSK-03,nurse_nsk_03,FALSE,Routine UIP session.
NSK-2026-0102,OPV,3,OPV-2 (10 Weeks),2026-05-24,2026-05-26,2,UIP-NSK-202605-OPV-254,PHC-NSK-03,nurse_nsk_03,FALSE,Routine UIP session.
NSK-2026-0102,Penta,2,Pentavalent-2 (10 Weeks),2026-05-24,2026-05-26,2,UIP-NSK-202605-PENTA-152,PHC-NSK-03,nurse_nsk_03,FALSE,Routine UIP session.
NSK-2026-0102,Rota,2,Rotavirus-2 (10 Weeks),2026-05-24,2026-05-27,3,UIP-NSK-202605-ROTA-791,PHC-NSK-03,nurse_nsk_03,FALSE,Routine UIP session.
NSK-2026-0102,OPV,4,OPV-3 (14 Weeks),2026-06-21,2026-06-24,3,UIP-NSK-202606-OPV-145,PHC-NSK-03,nurse_nsk_03,FALSE,Routine UIP session.
NSK-2026-0102,Penta,3,Pentavalent-3 (14 Weeks),2026-06-21,2026-06-23,2,UIP-NSK-202606-PENTA-136,PHC-NSK-03,nurse_nsk_03,FALSE,Routine UIP session.
NSK-2026-0102,Rota,3,Rotavirus-3 (14 Weeks),2026-06-21,2026-06-24,3,UIP-NSK-202606-ROTA-275,PHC-NSK-03,nurse_nsk_03,FALSE,Routine UIP session.
NSK-2026-0102,fIPV,2,fIPV-2 (14 Weeks),2026-06-21,2026-06-21,0,UIP-NSK-202606-FIPV-167,PHC-NSK-03,nurse_nsk_03,FALSE,Routine UIP session.
NSK-2026-0102,PCV,2,PCV-2 (14 Weeks),2026-06-21,2026-06-24,3,UIP-NSK-202606-PCV-312,PHC-NSK-03,nurse_nsk_03,FALSE,Routine UIP session.
NSK-2026-0103,BCG,1,BCG (At Birth),2026-05-25,2026-05-25,0,UIP-NSK-202605-BCG-282,PHC-NSK-05,nurse_nsk_05,FALSE,Administered at hospital after delivery.
NSK-2026-0103,OPV,1,OPV Zero Dose (At Birth),2026-05-25,2026-05-25,0,UIP-NSK-202605-OPV-395,PHC-NSK-05,nurse_nsk_05,FALSE,Administered at hospital after delivery.
NSK-2026-0103,HepB,1,Hepatitis B Birth Dose,2026-05-25,2026-05-25,0,UIP-NSK-202605-HEPB-532,PHC-NSK-05,nurse_nsk_05,FALSE,Administered at hospital after delivery.
NSK-2026-0103,OPV,2,OPV-1 (6 Weeks),2026-07-06,2026-07-06,0,UIP-NSK-202607-OPV-953,PHC-NSK-05,nurse_nsk_05,TRUE,Mild fever and local swelling; resolved in 48 hours.
NSK-2026-0103,Penta,1,Pentavalent-1 (6 Weeks),2026-07-06,2026-07-06,0,UIP-NSK-202607-PENTA-299,PHC-NSK-05,nurse_nsk_05,FALSE,Routine UIP session.
NSK-2026-0103,Rota,1,Rotavirus-1 (6 Weeks),2026-07-06,2026-07-06,0,UIP-NSK-202607-ROTA-654,PHC-NSK-07,nurse_nsk_07,FALSE,Routine UIP session.
NSK-2026-0103,fIPV,1,fIPV-1 (6 Weeks),2026-07-06,2026-07-07,1,UIP-NSK-202607-FIPV-563,PHC-NSK-05,nurse_nsk_05,FALSE,Routine UIP session.
NSK-2026-0103,PCV,1,PCV-1 (6 Weeks),2026-07-06,2026-07-07,1,UIP-NSK-202607-PCV-464,PHC-NSK-05,nurse_nsk_05,FALSE,Routine UIP session.
NSK-2026-0103,OPV,3,OPV-2 (10 Weeks),2026-08-03,2026-08-03,0,UIP-NSK-202608-OPV-137,PHC-NSK-05,nurse_nsk_05,FALSE,Routine UIP session.
NSK-2026-0103,Penta,2,Pentavalent-2 (10 Weeks),2026-08-03,2026-08-03,0,UIP-NSK-202608-PENTA-476,PHC-NSK-05,nurse_nsk_05,FALSE,Routine UIP session.
NSK-2026-0103,Rota,2,Rotavirus-2 (10 Weeks),2026-08-03,2026-08-03,0,UIP-NSK-202608-ROTA-406,PHC-NSK-05,nurse_nsk_05,FALSE,Routine UIP session.
NSK-2026-0103,OPV,4,OPV-3 (14 Weeks),2026-08-31,2026-09-01,1,UIP-NSK-202609-OPV-296,PHC-NSK-01,nurse_nsk_01,FALSE,Routine UIP session.
NSK-2026-0103,Penta,3,Pentavalent-3 (14 Weeks),2026-08-31,2026-08-31,0,UIP-NSK-202608-PENTA-642,PHC-NSK-05,nurse_nsk_05,FALSE,Routine UIP session.
NSK-2026-0103,Rota,3,Rotavirus-3 (14 Weeks),2026-08-31,2026-08-31,0,UIP-NSK-202608-ROTA-664,PHC-NSK-05,nurse_nsk_05,FALSE,Routine UIP session.
NSK-2026-0103,fIPV,2,fIPV-2 (14 Weeks),2026-08-31,2026-08-31,0,UIP-NSK-202608-FIPV-782,PHC-NSK-05,nurse_nsk_05,FALSE,Routine UIP session.
NSK-2026-0103,PCV,2,PCV-2 (14 Weeks),2026-08-31,2026-08-31,0,UIP-NSK-202608-PCV-802,PHC-NSK-09,nurse_nsk_09,FALSE,Routine UIP session.
NSK-2026-0104,BCG,1,BCG (At Birth),2026-04-03,2026-04-03,0,UIP-NSK-202604-BCG-181,PHC-NSK-03,nurse_nsk_03,FALSE,Administered at hospital after delivery.
NSK-2026-0104,OPV,1,OPV Zero Dose (At Birth),2026-04-03,2026-04-11,8,UIP-NSK-202604-OPV-429,PHC-NSK-03,nurse_nsk_03,FALSE,Routine UIP session.
NSK-2026-0104,HepB,1,Hepatitis B Birth Dose,2026-04-03,2026-04-03,0,UIP-NSK-202604-HEPB-882,PHC-NSK-03,nurse_nsk_03,FALSE,Administered at hospital after delivery.
NSK-2026-0104,OPV,2,OPV-1 (6 Weeks),2026-05-15,2026-05-20,5,UIP-NSK-202605-OPV-804,PHC-NSK-03,nurse_nsk_03,FALSE,Routine UIP session.
NSK-2026-0104,Penta,1,Pentavalent-1 (6 Weeks),2026-05-15,2026-05-29,14,UIP-NSK-202605-PENTA-448,PHC-NSK-03,nurse_nsk_03,FALSE,Routine UIP session.
NSK-2026-0104,Rota,1,Rotavirus-1 (6 Weeks),2026-05-15,2026-05-18,3,UIP-NSK-202605-ROTA-750,PHC-NSK-03,nurse_nsk_03,FALSE,Routine UIP session.
NSK-2026-0104,fIPV,1,fIPV-1 (6 Weeks),2026-05-15,2026-05-21,6,UIP-NSK-202605-FIPV-739,PHC-NSK-03,nurse_nsk_03,FALSE,Routine UIP session.
NSK-2026-0104,PCV,1,PCV-1 (6 Weeks),2026-05-15,2026-05-29,14,UIP-NSK-202605-PCV-897,PHC-NSK-03,nurse_nsk_03,FALSE,Routine UIP session.
NSK-2026-0104,OPV,3,OPV-2 (10 Weeks),2026-06-12,2026-06-21,9,UIP-NSK-202606-OPV-973,PHC-NSK-01,nurse_nsk_01,FALSE,Routine UIP session.
NSK-2026-0104,Penta,2,Pentavalent-2 (10 Weeks),2026-06-12,2026-06-26,14,UIP-NSK-202606-PENTA-535,PHC-NSK-03,nurse_nsk_03,FALSE,Routine UIP session.
NSK-2026-0104,Rota,2,Rotavirus-2 (10 Weeks),2026-06-12,2026-06-22,10,UIP-NSK-202606-ROTA-340,PHC-NSK-03,nurse_nsk_03,FALSE,Routine UIP session.
NSK-2026-0104,Penta,3,Pentavalent-3 (14 Weeks),2026-07-10,2026-07-24,14,UIP-NSK-202607-PENTA-424,PHC-NSK-03,nurse_nsk_03,FALSE,Routine UIP session.
NSK-2026-0104,Rota,3,Rotavirus-3 (14 Weeks),2026-07-10,2026-07-24,14,UIP-NSK-202607-ROTA-365,PHC-NSK-03,nurse_nsk_03,FALSE,Routine UIP session.
NSK-2026-0104,fIPV,2,fIPV-2 (14 Weeks),2026-07-10,2026-07-19,9,UIP-NSK-202607-FIPV-552,PHC-NSK-03,nurse_nsk_03,FALSE,Routine UIP session.
NSK-2026-0104,PCV,2,PCV-2 (14 Weeks),2026-07-10,2026-07-16,6,UIP-NSK-202607-PCV-257,PHC-NSK-03,nurse_nsk_03,FALSE,Routine UIP session.
NSK-2026-0105,BCG,1,BCG (At Birth),2026-09-20,2026-09-20,0,UIP-NSK-202609-BCG-789,PHC-NSK-10,nurse_nsk_10,FALSE,Administered at hospital after delivery.
NSK-2026-0105,OPV,1,OPV Zero Dose (At Birth),2026-09-20,2026-09-20,0,UIP-NSK-202609-OPV-155,PHC-NSK-10,nurse_nsk_10,FALSE,Administered at hospital after delivery.
NSK-2026-0105,HepB,1,Hepatitis B Birth Dose,2026-09-20,2026-09-20,0,UIP-NSK-202609-HEPB-359,PHC-NSK-10,nurse_nsk_10,FALSE,Administered at hospital after delivery.
NSK-2026-0106,BCG,1,BCG (At Birth),2026-06-26,2026-08-04,39,UIP-NSK-202608-BCG-161,PHC-NSK-09,nurse_nsk_09,FALSE,Routine UIP session.
NSK-2026-0106,HepB,1,Hepatitis B Birth Dose,2026-06-26,2026-06-26,0,UIP-NSK-202606-HEPB-349,PHC-NSK-09,nurse_nsk_09,FALSE,Administered at hospital after delivery.
NSK-2026-0106,Penta,1,Pentavalent-1 (6 Weeks),2026-08-07,2026-09-10,34,UIP-NSK-202609-PENTA-425,PHC-NSK-09,nurse_nsk_09,FALSE,Routine UIP session.
NSK-2026-0106,Rota,1,Rotavirus-1 (6 Weeks),2026-08-07,2026-09-21,45,UIP-NSK-202609-ROTA-573,PHC-NSK-09,nurse_nsk_09,FALSE,Routine UIP session.
NSK-2026-0106,fIPV,1,fIPV-1 (6 Weeks),2026-08-07,2026-08-23,16,UIP-NSK-202608-FIPV-414,PHC-NSK-09,nurse_nsk_09,FALSE,Routine UIP session.
NSK-2026-0106,PCV,1,PCV-1 (6 Weeks),2026-08-07,2026-09-16,40,UIP-NSK-202609-PCV-895,PHC-NSK-09,nurse_nsk_09,FALSE,Routine UIP session.
NSK-2026-0107,BCG,1,BCG (At Birth),2026-09-14,2026-09-14,0,UIP-NSK-202609-BCG-940,PHC-NSK-10,nurse_nsk_10,FALSE,Administered at hospital after delivery.
NSK-2026-0107,OPV,1,OPV Zero Dose (At Birth),2026-09-14,2026-09-14,0,UIP-NSK-202609-OPV-919,PHC-NSK-06,nurse_nsk_06,FALSE,Administered at hospital after delivery.
NSK-2026-0107,HepB,1,Hepatitis B Birth Dose,2026-09-14,2026-09-14,0,UIP-NSK-202609-HEPB-758,PHC-NSK-06,nurse_nsk_06,FALSE,Administered at hospital after delivery.
NSK-2026-0108,BCG,1,BCG (At Birth),2026-04-04,2026-04-04,0,UIP-NSK-202604-BCG-782,PHC-NSK-02,nurse_nsk_02,FALSE,Administered at hospital after delivery.
NSK-2026-0108,OPV,1,OPV Zero Dose (At Birth),2026-04-04,2026-04-04,0,UIP-NSK-202604-OPV-711,PHC-NSK-02,nurse_nsk_02,FALSE,Administered at hospital after delivery.
NSK-2026-0108,HepB,1,Hepatitis B Birth Dose,2026-04-04,2026-04-04,0,UIP-NSK-202604-HEPB-289,PHC-NSK-02,nurse_nsk_02,FALSE,Administered at hospital after delivery.
NSK-2026-0108,OPV,2,OPV-1 (6 Weeks),2026-05-16,2026-05-21,5,UIP-NSK-202605-OPV-980,PHC-NSK-02,nurse_nsk_02,TRUE,Mild fever and local swelling; resolved in 48 hours.
NSK-2026-0108,Penta,1,Pentavalent-1 (6 Weeks),2026-05-16,2026-05-29,13,UIP-NSK-202605-PENTA-386,PHC-NSK-02,nurse_nsk_02,FALSE,Routine UIP session.
NSK-2026-0108,Rota,1,Rotavirus-1 (6 Weeks),2026-05-16,2026-05-28,12,UIP-NSK-202605-ROTA-513,PHC-NSK-02,nurse_nsk_02,FALSE,Routine UIP session.
NSK-2026-0108,fIPV,1,fIPV-1 (6 Weeks),2026-05-16,2026-05-21,5,UIP-NSK-202605-FIPV-137,PHC-NSK-02,nurse_nsk_02,FALSE,Routine UIP session.
NSK-2026-0108,PCV,1,PCV-1 (6 Weeks),2026-05-16,2026-05-22,6,UIP-NSK-202605-PCV-962,PHC-NSK-02,nurse_nsk_02,FALSE,Routine UIP session.
NSK-2026-0108,OPV,3,OPV-2 (10 Weeks),2026-06-13,2026-06-18,5,UIP-NSK-202606-OPV-806,PHC-NSK-02,nurse_nsk_02,FALSE,Routine UIP session.
NSK-2026-0108,Penta,2,Pentavalent-2 (10 Weeks),2026-06-13,2026-06-26,13,UIP-NSK-202606-PENTA-334,PHC-NSK-03,nurse_nsk_03,FALSE,Routine UIP session.
NSK-2026-0108,Rota,2,Rotavirus-2 (10 Weeks),2026-06-13,2026-06-25,12,UIP-NSK-202606-ROTA-727,PHC-NSK-02,nurse_nsk_02,FALSE,Routine UIP session.
NSK-2026-0108,OPV,4,OPV-3 (14 Weeks),2026-07-11,2026-07-24,13,UIP-NSK-202607-OPV-917,PHC-NSK-02,nurse_nsk_02,FALSE,Routine UIP session.
NSK-2026-0108,Penta,3,Pentavalent-3 (14 Weeks),2026-07-11,2026-07-24,13,UIP-NSK-202607-PENTA-402,PHC-NSK-02,nurse_nsk_02,FALSE,Routine UIP session.
NSK-2026-0108,Rota,3,Rotavirus-3 (14 Weeks),2026-07-11,2026-07-29,18,UIP-NSK-202607-ROTA-948,PHC-NSK-02,nurse_nsk_02,FALSE,Routine UIP session.
NSK-2026-0108,fIPV,2,fIPV-2 (14 Weeks),2026-07-11,2026-07-25,14,UIP-NSK-202607-FIPV-769,PHC-NSK-02,nurse_nsk_02,FALSE,Routine UIP session.
NSK-2026-0109,BCG,1,BCG (At Birth),2026-06-17,2026-06-17,0,UIP-NSK-202606-BCG-646,PHC-NSK-04,nurse_nsk_04,FALSE,Administered at hospital after delivery.
NSK-2026-0109,OPV,1,OPV Zero Dose (At Birth),2026-06-17,2026-06-22,5,UIP-NSK-202606-OPV-654,PHC-NSK-04,nurse_nsk_04,FALSE,Routine UIP session.
NSK-2026-0109,HepB,1,Hepatitis B Birth Dose,2026-06-17,2026-06-17,0,UIP-NSK-202606-HEPB-680,PHC-NSK-04,nurse_nsk_04,FALSE,Administered at hospital after delivery.
NSK-2026-0109,OPV,2,OPV-1 (6 Weeks),2026-07-29,2026-08-11,13,UIP-NSK-202608-OPV-207,PHC-NSK-04,nurse_nsk_04,FALSE,Routine UIP session.
NSK-2026-0109,Penta,1,Pentavalent-1 (6 Weeks),2026-07-29,2026-08-05,7,UIP-NSK-202608-PENTA-621,PHC-NSK-04,nurse_nsk_04,FALSE,Routine UIP session.
NSK-2026-0109,Rota,1,Rotavirus-1 (6 Weeks),2026-07-29,2026-08-08,10,UIP-NSK-202608-ROTA-409,PHC-NSK-04,nurse_nsk_04,FALSE,Routine UIP session.
NSK-2026-0109,fIPV,1,fIPV-1 (6 Weeks),2026-07-29,2026-08-02,4,UIP-NSK-202608-FIPV-101,PHC-NSK-04,nurse_nsk_04,FALSE,Routine UIP session.
NSK-2026-0109,PCV,1,PCV-1 (6 Weeks),2026-07-29,2026-08-07,9,UIP-NSK-202608-PCV-134,PHC-NSK-04,nurse_nsk_04,FALSE,Routine UIP session.
NSK-2026-0109,OPV,3,OPV-2 (10 Weeks),2026-08-26,2026-09-08,13,UIP-NSK-202609-OPV-541,PHC-NSK-04,nurse_nsk_04,FALSE,Routine UIP session.
NSK-2026-0109,Penta,2,Pentavalent-2 (10 Weeks),2026-08-26,2026-09-03,8,UIP-NSK-202609-PENTA-697,PHC-NSK-04,nurse_nsk_04,FALSE,Routine UIP session.
NSK-2026-0109,Rota,2,Rotavirus-2 (10 Weeks),2026-08-26,2026-09-05,10,UIP-NSK-202609-ROTA-794,PHC-NSK-04,nurse_nsk_04,FALSE,Routine UIP session.
NSK-2026-0109,Penta,3,Pentavalent-3 (14 Weeks),2026-09-23,2026-10-01,8,UIP-NSK-202610-PENTA-715,PHC-NSK-04,nurse_nsk_04,FALSE,Routine UIP session.
NSK-2026-0109,Rota,3,Rotavirus-3 (14 Weeks),2026-09-23,2026-10-03,10,UIP-NSK-202610-ROTA-911,PHC-NSK-04,nurse_nsk_04,FALSE,Routine UIP session.
NSK-2026-0109,PCV,2,PCV-2 (14 Weeks),2026-09-23,2026-09-28,5,UIP-NSK-202609-PCV-644,PHC-NSK-04,nurse_nsk_04,FALSE,Routine UIP session.
NSK-2026-0110,BCG,1,BCG (At Birth),2026-02-13,2026-02-13,0,UIP-NSK-202602-BCG-454,PHC-NSK-09,nurse_nsk_09,FALSE,Administered at hospital after delivery.
NSK-2026-0110,OPV,1,OPV Zero Dose (At Birth),2026-02-13,2026-02-13,0,UIP-NSK-202602-OPV-612,PHC-NSK-09,nurse_nsk_09,FALSE,Administered at hospital after delivery.
NSK-2026-0110,HepB,1,Hepatitis B Birth Dose,2026-02-13,2026-02-13,0,UIP-NSK-202602-HEPB-556,PHC-NSK-09,nurse_nsk_09,FALSE,Administered at hospital after delivery.
NSK-2026-0110,OPV,2,OPV-1 (6 Weeks),2026-03-27,2026-03-27,0,UIP-NSK-202603-OPV-689,PHC-NSK-09,nurse_nsk_09,FALSE,Routine UIP session.
NSK-2026-0110,Penta,1,Pentavalent-1 (6 Weeks),2026-03-27,2026-03-27,0,UIP-NSK-202603-PENTA-254,PHC-NSK-09,nurse_nsk_09,FALSE,Routine UIP session.
NSK-2026-0110,Rota,1,Rotavirus-1 (6 Weeks),2026-03-27,2026-03-27,0,UIP-NSK-202603-ROTA-908,PHC-NSK-09,nurse_nsk_09,FALSE,Routine UIP session.
NSK-2026-0110,fIPV,1,fIPV-1 (6 Weeks),2026-03-27,2026-03-27,0,UIP-NSK-202603-FIPV-829,PHC-NSK-09,nurse_nsk_09,FALSE,Routine UIP session.
NSK-2026-0110,PCV,1,PCV-1 (6 Weeks),2026-03-27,2026-03-27,0,UIP-NSK-202603-PCV-753,PHC-NSK-09,nurse_nsk_09,FALSE,Routine UIP session.
NSK-2026-0110,OPV,3,OPV-2 (10 Weeks),2026-04-24,2026-04-24,0,UIP-NSK-202604-OPV-280,PHC-NSK-09,nurse_nsk_09,FALSE,Routine UIP session.
NSK-2026-0110,Penta,2,Pentavalent-2 (10 Weeks),2026-04-24,2026-04-27,3,UIP-NSK-202604-PENTA-571,PHC-NSK-09,nurse_nsk_09,FALSE,Routine UIP session.
NSK-2026-0110,Rota,2,Rotavirus-2 (10 Weeks),2026-04-24,2026-04-24,0,UIP-NSK-202604-ROTA-377,PHC-NSK-09,nurse_nsk_09,FALSE,Routine UIP session.
NSK-2026-0110,OPV,4,OPV-3 (14 Weeks),2026-05-22,2026-05-24,2,UIP-NSK-202605-OPV-120,PHC-NSK-09,nurse_nsk_09,FALSE,Routine UIP session.
NSK-2026-0110,Penta,3,Pentavalent-3 (14 Weeks),2026-05-22,2026-05-25,3,UIP-NSK-202605-PENTA-793,PHC-NSK-01,nurse_nsk_01,FALSE,Routine UIP session.
NSK-2026-0110,Rota,3,Rotavirus-3 (14 Weeks),2026-05-22,2026-05-22,0,UIP-NSK-202605-ROTA-948,PHC-NSK-02,nurse_nsk_02,FALSE,Routine UIP session.
NSK-2026-0110,fIPV,2,fIPV-2 (14 Weeks),2026-05-22,2026-05-22,0,UIP-NSK-202605-FIPV-894,PHC-NSK-09,nurse_nsk_09,FALSE,Routine UIP session.
NSK-2026-0110,PCV,2,PCV-2 (14 Weeks),2026-05-22,2026-05-22,0,UIP-NSK-202605-PCV-992,PHC-NSK-09,nurse_nsk_09,FALSE,Routine UIP session.
NSK-2026-0111,BCG,1,BCG (At Birth),2026-06-11,2026-06-11,0,UIP-NSK-202606-BCG-746,PHC-NSK-09,nurse_nsk_09,FALSE,Administered at hospital after delivery.
NSK-2026-0111,OPV,1,OPV Zero Dose (At Birth),2026-06-11,2026-06-11,0,UIP-NSK-202606-OPV-993,PHC-NSK-09,nurse_nsk_09,FALSE,Administered at hospital after delivery.
NSK-2026-0111,HepB,1,Hepatitis B Birth Dose,2026-06-11,2026-06-11,0,UIP-NSK-202606-HEPB-673,PHC-NSK-09,nurse_nsk_09,FALSE,Administered at hospital after delivery.
NSK-2026-0111,OPV,2,OPV-1 (6 Weeks),2026-07-23,2026-07-23,0,UIP-NSK-202607-OPV-537,PHC-NSK-09,nurse_nsk_09,FALSE,Routine UIP session.
NSK-2026-0111,Penta,1,Pentavalent-1 (6 Weeks),2026-07-23,2026-07-23,0,UIP-NSK-202607-PENTA-134,PHC-NSK-09,nurse_nsk_09,FALSE,Routine UIP session.
NSK-2026-0111,Rota,1,Rotavirus-1 (6 Weeks),2026-07-23,2026-07-23,0,UIP-NSK-202607-ROTA-905,PHC-NSK-09,nurse_nsk_09,FALSE,Routine UIP session.
NSK-2026-0111,fIPV,1,fIPV-1 (6 Weeks),2026-07-23,2026-07-23,0,UIP-NSK-202607-FIPV-761,PHC-NSK-09,nurse_nsk_09,FALSE,Routine UIP session.
NSK-2026-0111,PCV,1,PCV-1 (6 Weeks),2026-07-23,2026-07-23,0,UIP-NSK-202607-PCV-748,PHC-NSK-09,nurse_nsk_09,FALSE,Routine UIP session.
NSK-2026-0111,OPV,3,OPV-2 (10 Weeks),2026-08-20,2026-08-24,4,UIP-NSK-202608-OPV-188,PHC-NSK-09,nurse_nsk_09,FALSE,Routine UIP session.
NSK-2026-0111,Penta,2,Pentavalent-2 (10 Weeks),2026-08-20,2026-08-20,0,UIP-NSK-202608-PENTA-305,PHC-NSK-09,nurse_nsk_09,FALSE,Routine UIP session.
NSK-2026-0111,Rota,2,Rotavirus-2 (10 Weeks),2026-08-20,2026-08-20,0,UIP-NSK-202608-ROTA-330,PHC-NSK-05,nurse_nsk_05,FALSE,Routine UIP session.
NSK-2026-0111,OPV,4,OPV-3 (14 Weeks),2026-09-17,2026-09-21,4,UIP-NSK-202609-OPV-356,PHC-NSK-09,nurse_nsk_09,FALSE,Routine UIP session.
NSK-2026-0111,Penta,3,Pentavalent-3 (14 Weeks),2026-09-17,2026-09-17,0,UIP-NSK-202609-PENTA-692,PHC-NSK-09,nurse_nsk_09,FALSE,Routine UIP session.
NSK-2026-0111,Rota,3,Rotavirus-3 (14 Weeks),2026-09-17,2026-09-17,0,UIP-NSK-202609-ROTA-215,PHC-NSK-09,nurse_nsk_09,FALSE,Routine UIP session.
NSK-2026-0111,fIPV,2,fIPV-2 (14 Weeks),2026-09-17,2026-09-17,0,UIP-NSK-202609-FIPV-117,PHC-NSK-09,nurse_nsk_09,FALSE,Routine UIP session.
NSK-2026-0111,PCV,2,PCV-2 (14 Weeks),2026-09-17,2026-09-17,0,UIP-NSK-202609-PCV-546,PHC-NSK-06,nurse_nsk_06,FALSE,Routine UIP session.
NSK-2026-0112,BCG,1,BCG (At Birth),2026-01-29,2026-01-29,0,UIP-NSK-202601-BCG-498,PHC-NSK-06,nurse_nsk_06,FALSE,Administered at hospital after delivery.
NSK-2026-0112,OPV,1,OPV Zero Dose (At Birth),2026-01-29,2026-01-29,0,UIP-NSK-202601-OPV-113,PHC-NSK-06,nurse_nsk_06,FALSE,Administered at hospital after delivery.
NSK-2026-0112,OPV,2,OPV-1 (6 Weeks),2026-03-12,2026-05-06,55,UIP-NSK-202605-OPV-430,PHC-NSK-06,nurse_nsk_06,FALSE,Routine UIP session.
NSK-2026-0112,Penta,1,Pentavalent-1 (6 Weeks),2026-03-12,2026-04-04,23,UIP-NSK-202604-PENTA-482,PHC-NSK-06,nurse_nsk_06,FALSE,Routine UIP session.
NSK-2026-0112,PCV,1,PCV-1 (6 Weeks),2026-03-12,2026-04-23,42,UIP-NSK-202604-PCV-662,PHC-NSK-06,nurse_nsk_06,FALSE,Routine UIP session.
NSK-2026-0112,PCV,2,PCV-2 (14 Weeks),2026-05-07,2026-05-21,14,UIP-NSK-202605-PCV-384,PHC-NSK-06,nurse_nsk_06,FALSE,Routine UIP session.
NSK-2026-0113,BCG,1,BCG (At Birth),2026-09-11,2026-09-11,0,UIP-NSK-202609-BCG-790,PHC-NSK-01,nurse_nsk_01,FALSE,Administered at hospital after delivery.
NSK-2026-0113,OPV,1,OPV Zero Dose (At Birth),2026-09-11,2026-09-11,0,UIP-NSK-202609-OPV-585,PHC-NSK-07,nurse_nsk_07,FALSE,Administered at hospital after delivery.
NSK-2026-0113,HepB,1,Hepatitis B Birth Dose,2026-09-11,2026-09-11,0,UIP-NSK-202609-HEPB-312,PHC-NSK-01,nurse_nsk_01,FALSE,Administered at hospital after delivery.
NSK-2026-0114,BCG,1,BCG (At Birth),2026-04-08,2026-04-08,0,UIP-NSK-202604-BCG-812,PHC-NSK-01,nurse_nsk_01,FALSE,Administered at hospital after delivery.
NSK-2026-0114,OPV,1,OPV Zero Dose (At Birth),2026-04-08,2026-04-08,0,UIP-NSK-202604-OPV-213,PHC-NSK-01,nurse_nsk_01,FALSE,Administered at hospital after delivery.
NSK-2026-0114,HepB,1,Hepatitis B Birth Dose,2026-04-08,2026-04-11,3,UIP-NSK-202604-HEPB-386,PHC-NSK-01,nurse_nsk_01,FALSE,Routine UIP session.
NSK-2026-0114,OPV,2,OPV-1 (6 Weeks),2026-05-20,2026-05-29,9,UIP-NSK-202605-OPV-789,PHC-NSK-01,nurse_nsk_01,FALSE,Routine UIP session.
NSK-2026-0114,Penta,1,Pentavalent-1 (6 Weeks),2026-05-20,2026-05-28,8,UIP-NSK-202605-PENTA-445,PHC-NSK-01,nurse_nsk_01,FALSE,Routine UIP session.
NSK-2026-0114,Rota,1,Rotavirus-1 (6 Weeks),2026-05-20,2026-05-30,10,UIP-NSK-202605-ROTA-525,PHC-NSK-01,nurse_nsk_01,FALSE,Routine UIP session.
NSK-2026-0114,fIPV,1,fIPV-1 (6 Weeks),2026-05-20,2026-05-24,4,UIP-NSK-202605-FIPV-728,PHC-NSK-01,nurse_nsk_01,FALSE,Routine UIP session.
NSK-2026-0114,OPV,3,OPV-2 (10 Weeks),2026-06-17,2026-06-26,9,UIP-NSK-202606-OPV-699,PHC-NSK-01,nurse_nsk_01,FALSE,Routine UIP session.
NSK-2026-0114,Penta,2,Pentavalent-2 (10 Weeks),2026-06-17,2026-06-28,11,UIP-NSK-202606-PENTA-358,PHC-NSK-01,nurse_nsk_01,FALSE,Routine UIP session.
NSK-2026-0114,Rota,2,Rotavirus-2 (10 Weeks),2026-06-17,2026-07-01,14,UIP-NSK-202607-ROTA-256,PHC-NSK-01,nurse_nsk_01,FALSE,Routine UIP session.
NSK-2026-0114,OPV,4,OPV-3 (14 Weeks),2026-07-15,2026-07-27,12,UIP-NSK-202607-OPV-618,PHC-NSK-01,nurse_nsk_01,FALSE,Routine UIP session.
NSK-2026-0114,Penta,3,Pentavalent-3 (14 Weeks),2026-07-15,2026-07-26,11,UIP-NSK-202607-PENTA-354,PHC-NSK-01,nurse_nsk_01,FALSE,Routine UIP session.
NSK-2026-0114,fIPV,2,fIPV-2 (14 Weeks),2026-07-15,2026-08-02,18,UIP-NSK-202608-FIPV-251,PHC-NSK-01,nurse_nsk_01,FALSE,Routine UIP session.
NSK-2026-0114,PCV,2,PCV-2 (14 Weeks),2026-07-15,2026-07-25,10,UIP-NSK-202607-PCV-782,PHC-NSK-01,nurse_nsk_01,FALSE,Routine UIP session.
NSK-2026-0115,OPV,1,OPV Zero Dose (At Birth),2026-04-23,2026-04-23,0,UIP-NSK-202604-OPV-865,PHC-NSK-09,nurse_nsk_09,FALSE,Administered at hospital after delivery.
NSK-2026-0115,HepB,1,Hepatitis B Birth Dose,2026-04-23,2026-04-23,0,UIP-NSK-202604-HEPB-902,PHC-NSK-09,nurse_nsk_09,FALSE,Administered at hospital after delivery.
NSK-2026-0115,OPV,2,OPV-1 (6 Weeks),2026-06-04,2026-06-04,0,UIP-NSK-202606-OPV-766,PHC-NSK-09,nurse_nsk_09,FALSE,Routine UIP session.
NSK-2026-0115,Penta,1,Pentavalent-1 (6 Weeks),2026-06-04,2026-06-04,0,UIP-NSK-202606-PENTA-578,PHC-NSK-09,nurse_nsk_09,FALSE,Routine UIP session.
NSK-2026-0115,Rota,1,Rotavirus-1 (6 Weeks),2026-06-04,2026-06-04,0,UIP-NSK-202606-ROTA-436,PHC-NSK-09,nurse_nsk_09,FALSE,Routine UIP session.
NSK-2026-0115,fIPV,1,fIPV-1 (6 Weeks),2026-06-04,2026-06-05,1,UIP-NSK-202606-FIPV-165,PHC-NSK-09,nurse_nsk_09,FALSE,Routine UIP session.
NSK-2026-0115,PCV,1,PCV-1 (6 Weeks),2026-06-04,2026-06-04,0,UIP-NSK-202606-PCV-913,PHC-NSK-09,nurse_nsk_09,FALSE,Routine UIP session.
NSK-2026-0115,OPV,3,OPV-2 (10 Weeks),2026-07-02,2026-07-02,0,UIP-NSK-202607-OPV-171,PHC-NSK-09,nurse_nsk_09,FALSE,Routine UIP session.
NSK-2026-0115,Penta,2,Pentavalent-2 (10 Weeks),2026-07-02,2026-07-02,0,UIP-NSK-202607-PENTA-563,PHC-NSK-09,nurse_nsk_09,FALSE,Routine UIP session.
NSK-2026-0115,Rota,2,Rotavirus-2 (10 Weeks),2026-07-02,2026-07-02,0,UIP-NSK-202607-ROTA-313,PHC-NSK-09,nurse_nsk_09,FALSE,Routine UIP session.
NSK-2026-0115,OPV,4,OPV-3 (14 Weeks),2026-07-30,2026-08-02,3,UIP-NSK-202608-OPV-226,PHC-NSK-09,nurse_nsk_09,FALSE,Routine UIP session.
NSK-2026-0115,Penta,3,Pentavalent-3 (14 Weeks),2026-07-30,2026-07-30,0,UIP-NSK-202607-PENTA-222,PHC-NSK-09,nurse_nsk_09,FALSE,Routine UIP session.
NSK-2026-0115,Rota,3,Rotavirus-3 (14 Weeks),2026-07-30,2026-08-02,3,UIP-NSK-202608-ROTA-347,PHC-NSK-09,nurse_nsk_09,FALSE,Routine UIP session.
NSK-2026-0115,fIPV,2,fIPV-2 (14 Weeks),2026-07-30,2026-07-30,0,UIP-NSK-202607-FIPV-863,PHC-NSK-09,nurse_nsk_09,FALSE,Routine UIP session.
NSK-2026-0115,PCV,2,PCV-2 (14 Weeks),2026-07-30,2026-07-30,0,UIP-NSK-202607-PCV-611,PHC-NSK-09,nurse_nsk_09,FALSE,Routine UIP session.
NSK-2026-0116,BCG,1,BCG (At Birth),2026-08-25,2026-08-25,0,UIP-NSK-202608-BCG-400,PHC-NSK-02,nurse_nsk_02,FALSE,Administered at hospital after delivery.
NSK-2026-0116,HepB,1,Hepatitis B Birth Dose,2026-08-25,2026-08-31,6,UIP-NSK-202608-HEPB-824,PHC-NSK-06,nurse_nsk_06,FALSE,Routine UIP session.
NSK-2026-0117,BCG,1,BCG (At Birth),2026-09-30,2026-09-30,0,UIP-NSK-202609-BCG-124,PHC-NSK-08,nurse_nsk_08,FALSE,Administered at hospital after delivery.
NSK-2026-0117,OPV,1,OPV Zero Dose (At Birth),2026-09-30,2026-09-30,0,UIP-NSK-202609-OPV-436,PHC-NSK-08,nurse_nsk_08,FALSE,Administered at hospital after delivery.
NSK-2026-0117,HepB,1,Hepatitis B Birth Dose,2026-09-30,2026-09-30,0,UIP-NSK-202609-HEPB-654,PHC-NSK-08,nurse_nsk_08,FALSE,Administered at hospital after delivery.
NSK-2026-0118,BCG,1,BCG (At Birth),2026-01-19,2026-01-19,0,UIP-NSK-202601-BCG-672,PHC-NSK-10,nurse_nsk_10,FALSE,Administered at hospital after delivery.
NSK-2026-0118,OPV,1,OPV Zero Dose (At Birth),2026-01-19,2026-01-19,0,UIP-NSK-202601-OPV-249,PHC-NSK-10,nurse_nsk_10,FALSE,Administered at hospital after delivery.
NSK-2026-0118,HepB,1,Hepatitis B Birth Dose,2026-01-19,2026-01-19,0,UIP-NSK-202601-HEPB-423,PHC-NSK-10,nurse_nsk_10,FALSE,Administered at hospital after delivery.
NSK-2026-0118,OPV,2,OPV-1 (6 Weeks),2026-03-02,2026-03-03,1,UIP-NSK-202603-OPV-498,PHC-NSK-10,nurse_nsk_10,FALSE,Routine UIP session.
NSK-2026-0118,Penta,1,Pentavalent-1 (6 Weeks),2026-03-02,2026-03-02,0,UIP-NSK-202603-PENTA-410,PHC-NSK-10,nurse_nsk_10,FALSE,Routine UIP session.
NSK-2026-0118,Rota,1,Rotavirus-1 (6 Weeks),2026-03-02,2026-03-02,0,UIP-NSK-202603-ROTA-130,PHC-NSK-10,nurse_nsk_10,FALSE,Routine UIP session.
NSK-2026-0118,fIPV,1,fIPV-1 (6 Weeks),2026-03-02,2026-03-02,0,UIP-NSK-202603-FIPV-890,PHC-NSK-10,nurse_nsk_10,FALSE,Routine UIP session.
NSK-2026-0118,PCV,1,PCV-1 (6 Weeks),2026-03-02,2026-03-02,0,UIP-NSK-202603-PCV-855,PHC-NSK-10,nurse_nsk_10,FALSE,Routine UIP session.
NSK-2026-0118,OPV,3,OPV-2 (10 Weeks),2026-03-30,2026-03-31,1,UIP-NSK-202603-OPV-789,PHC-NSK-10,nurse_nsk_10,FALSE,Routine UIP session.
NSK-2026-0118,Penta,2,Pentavalent-2 (10 Weeks),2026-03-30,2026-04-09,10,UIP-NSK-202604-PENTA-812,PHC-NSK-10,nurse_nsk_10,FALSE,Routine UIP session.
NSK-2026-0118,Rota,2,Rotavirus-2 (10 Weeks),2026-03-30,2026-03-30,0,UIP-NSK-202603-ROTA-766,PHC-NSK-10,nurse_nsk_10,FALSE,Routine UIP session.
NSK-2026-0118,OPV,4,OPV-3 (14 Weeks),2026-04-27,2026-04-28,1,UIP-NSK-202604-OPV-263,PHC-NSK-10,nurse_nsk_10,FALSE,Routine UIP session.
NSK-2026-0118,Penta,3,Pentavalent-3 (14 Weeks),2026-04-27,2026-05-07,10,UIP-NSK-202605-PENTA-695,PHC-NSK-04,nurse_nsk_04,FALSE,Routine UIP session.
NSK-2026-0118,Rota,3,Rotavirus-3 (14 Weeks),2026-04-27,2026-04-27,0,UIP-NSK-202604-ROTA-766,PHC-NSK-10,nurse_nsk_10,FALSE,Routine UIP session.
NSK-2026-0118,fIPV,2,fIPV-2 (14 Weeks),2026-04-27,2026-04-27,0,UIP-NSK-202604-FIPV-947,PHC-NSK-10,nurse_nsk_10,FALSE,Routine UIP session.
NSK-2026-0118,PCV,2,PCV-2 (14 Weeks),2026-04-27,2026-04-27,0,UIP-NSK-202604-PCV-610,PHC-NSK-10,nurse_nsk_10,FALSE,Routine UIP session.
NSK-2026-0119,BCG,1,BCG (At Birth),2026-01-07,2026-01-08,1,UIP-NSK-202601-BCG-187,PHC-NSK-07,nurse_nsk_07,FALSE,Routine UIP session.
NSK-2026-0119,OPV,1,OPV Zero Dose (At Birth),2026-01-07,2026-01-07,0,UIP-NSK-202601-OPV-503,PHC-NSK-07,nurse_nsk_07,FALSE,Administered at hospital after delivery.
NSK-2026-0119,HepB,1,Hepatitis B Birth Dose,2026-01-07,2026-01-07,0,UIP-NSK-202601-HEPB-851,PHC-NSK-07,nurse_nsk_07,FALSE,Administered at hospital after delivery.
NSK-2026-0119,Penta,1,Pentavalent-1 (6 Weeks),2026-02-18,2026-02-20,2,UIP-NSK-202602-PENTA-303,PHC-NSK-07,nurse_nsk_07,TRUE,Mild fever and local swelling; resolved in 48 hours.
NSK-2026-0119,Rota,1,Rotavirus-1 (6 Weeks),2026-02-18,2026-03-02,12,UIP-NSK-202603-ROTA-908,PHC-NSK-07,nurse_nsk_07,FALSE,Routine UIP session.
NSK-2026-0119,fIPV,1,fIPV-1 (6 Weeks),2026-02-18,2026-02-21,3,UIP-NSK-202602-FIPV-597,PHC-NSK-07,nurse_nsk_07,FALSE,Routine UIP session.
NSK-2026-0119,Penta,2,Pentavalent-2 (10 Weeks),2026-03-18,2026-03-28,10,UIP-NSK-202603-PENTA-992,PHC-NSK-07,nurse_nsk_07,FALSE,Routine UIP session.
NSK-2026-0119,Rota,2,Rotavirus-2 (10 Weeks),2026-03-18,2026-03-30,12,UIP-NSK-202603-ROTA-654,PHC-NSK-07,nurse_nsk_07,FALSE,Routine UIP session.
NSK-2026-0119,OPV,4,OPV-3 (14 Weeks),2026-04-15,2026-04-21,6,UIP-NSK-202604-OPV-211,PHC-NSK-07,nurse_nsk_07,FALSE,Routine UIP session.
NSK-2026-0119,Penta,3,Pentavalent-3 (14 Weeks),2026-04-15,2026-04-29,14,UIP-NSK-202604-PENTA-944,PHC-NSK-07,nurse_nsk_07,FALSE,Routine UIP session.
NSK-2026-0119,Rota,3,Rotavirus-3 (14 Weeks),2026-04-15,2026-04-27,12,UIP-NSK-202604-ROTA-870,PHC-NSK-07,nurse_nsk_07,FALSE,Routine UIP session.
NSK-2026-0119,fIPV,2,fIPV-2 (14 Weeks),2026-04-15,2026-04-29,14,UIP-NSK-202604-FIPV-855,PHC-NSK-07,nurse_nsk_07,FALSE,Routine UIP session.
NSK-2026-0119,PCV,2,PCV-2 (14 Weeks),2026-04-15,2026-04-29,14,UIP-NSK-202604-PCV-473,PHC-NSK-07,nurse_nsk_07,FALSE,Routine UIP session.
NSK-2026-0120,BCG,1,BCG (At Birth),2026-05-24,2026-05-24,0,UIP-NSK-202605-BCG-199,PHC-NSK-06,nurse_nsk_06,FALSE,Administered at hospital after delivery.
NSK-2026-0120,OPV,1,OPV Zero Dose (At Birth),2026-05-24,2026-05-24,0,UIP-NSK-202605-OPV-123,PHC-NSK-06,nurse_nsk_06,FALSE,Administered at hospital after delivery.
NSK-2026-0120,HepB,1,Hepatitis B Birth Dose,2026-05-24,2026-05-24,0,UIP-NSK-202605-HEPB-470,PHC-NSK-06,nurse_nsk_06,FALSE,Administered at hospital after delivery.
NSK-2026-0120,OPV,2,OPV-1 (6 Weeks),2026-07-05,2026-07-06,1,UIP-NSK-202607-OPV-204,PHC-NSK-06,nurse_nsk_06,FALSE,Routine UIP session.
NSK-2026-0120,Penta,1,Pentavalent-1 (6 Weeks),2026-07-05,2026-07-05,0,UIP-NSK-202607-PENTA-878,PHC-NSK-06,nurse_nsk_06,FALSE,Routine UIP session.
NSK-2026-0120,Rota,1,Rotavirus-1 (6 Weeks),2026-07-05,2026-07-05,0,UIP-NSK-202607-ROTA-634,PHC-NSK-06,nurse_nsk_06,FALSE,Routine UIP session.
NSK-2026-0120,fIPV,1,fIPV-1 (6 Weeks),2026-07-05,2026-07-05,0,UIP-NSK-202607-FIPV-185,PHC-NSK-03,nurse_nsk_03,FALSE,Routine UIP session.
NSK-2026-0120,PCV,1,PCV-1 (6 Weeks),2026-07-05,2026-07-07,2,UIP-NSK-202607-PCV-904,PHC-NSK-06,nurse_nsk_06,FALSE,Routine UIP session.
NSK-2026-0120,OPV,3,OPV-2 (10 Weeks),2026-08-02,2026-08-03,1,UIP-NSK-202608-OPV-535,PHC-NSK-06,nurse_nsk_06,FALSE,Routine UIP session.
NSK-2026-0120,Penta,2,Pentavalent-2 (10 Weeks),2026-08-02,2026-08-05,3,UIP-NSK-202608-PENTA-129,PHC-NSK-06,nurse_nsk_06,FALSE,Routine UIP session.
NSK-2026-0120,Rota,2,Rotavirus-2 (10 Weeks),2026-08-02,2026-08-02,0,UIP-NSK-202608-ROTA-444,PHC-NSK-06,nurse_nsk_06,FALSE,Routine UIP session.
NSK-2026-0120,OPV,4,OPV-3 (14 Weeks),2026-08-30,2026-09-07,8,UIP-NSK-202609-OPV-430,PHC-NSK-06,nurse_nsk_06,FALSE,Routine UIP session.
NSK-2026-0120,Penta,3,Pentavalent-3 (14 Weeks),2026-08-30,2026-09-02,3,UIP-NSK-202609-PENTA-588,PHC-NSK-06,nurse_nsk_06,FALSE,Routine UIP session.
NSK-2026-0120,Rota,3,Rotavirus-3 (14 Weeks),2026-08-30,2026-08-30,0,UIP-NSK-202608-ROTA-619,PHC-NSK-06,nurse_nsk_06,FALSE,Routine UIP session.
NSK-2026-0120,fIPV,2,fIPV-2 (14 Weeks),2026-08-30,2026-09-02,3,UIP-NSK-202609-FIPV-909,PHC-NSK-06,nurse_nsk_06,FALSE,Routine UIP session.
NSK-2026-0120,PCV,2,PCV-2 (14 Weeks),2026-08-30,2026-08-30,0,UIP-NSK-202608-PCV-146,PHC-NSK-06,nurse_nsk_06,FALSE,Routine UIP session.
NSK-2026-0121,BCG,1,BCG (At Birth),2026-02-20,2026-02-20,0,UIP-NSK-202602-BCG-458,PHC-NSK-01,nurse_nsk_01,FALSE,Administered at hospital after delivery.
NSK-2026-0121,OPV,1,OPV Zero Dose (At Birth),2026-02-20,2026-02-20,0,UIP-NSK-202602-OPV-553,PHC-NSK-01,nurse_nsk_01,FALSE,Administered at hospital after delivery.
NSK-2026-0121,HepB,1,Hepatitis B Birth Dose,2026-02-20,2026-02-20,0,UIP-NSK-202602-HEPB-833,PHC-NSK-01,nurse_nsk_01,FALSE,Administered at hospital after delivery.
NSK-2026-0121,OPV,2,OPV-1 (6 Weeks),2026-04-03,2026-04-05,2,UIP-NSK-202604-OPV-924,PHC-NSK-06,nurse_nsk_06,FALSE,Routine UIP session.
NSK-2026-0121,Penta,1,Pentavalent-1 (6 Weeks),2026-04-03,2026-04-03,0,UIP-NSK-202604-PENTA-569,PHC-NSK-01,nurse_nsk_01,FALSE,Routine UIP session.
NSK-2026-0121,Rota,1,Rotavirus-1 (6 Weeks),2026-04-03,2026-04-03,0,UIP-NSK-202604-ROTA-805,PHC-NSK-01,nurse_nsk_01,FALSE,Routine UIP session.
NSK-2026-0121,fIPV,1,fIPV-1 (6 Weeks),2026-04-03,2026-04-03,0,UIP-NSK-202604-FIPV-935,PHC-NSK-01,nurse_nsk_01,FALSE,Routine UIP session.
NSK-2026-0121,PCV,1,PCV-1 (6 Weeks),2026-04-03,2026-04-03,0,UIP-NSK-202604-PCV-242,PHC-NSK-01,nurse_nsk_01,FALSE,Routine UIP session.
NSK-2026-0121,OPV,3,OPV-2 (10 Weeks),2026-05-01,2026-05-03,2,UIP-NSK-202605-OPV-357,PHC-NSK-01,nurse_nsk_01,FALSE,Routine UIP session.
NSK-2026-0121,Penta,2,Pentavalent-2 (10 Weeks),2026-05-01,2026-05-04,3,UIP-NSK-202605-PENTA-969,PHC-NSK-01,nurse_nsk_01,FALSE,Routine UIP session.
NSK-2026-0121,OPV,4,OPV-3 (14 Weeks),2026-05-29,2026-05-31,2,UIP-NSK-202605-OPV-634,PHC-NSK-01,nurse_nsk_01,FALSE,Routine UIP session.
NSK-2026-0121,Penta,3,Pentavalent-3 (14 Weeks),2026-05-29,2026-06-01,3,UIP-NSK-202606-PENTA-283,PHC-NSK-01,nurse_nsk_01,FALSE,Routine UIP session.
NSK-2026-0121,fIPV,2,fIPV-2 (14 Weeks),2026-05-29,2026-05-29,0,UIP-NSK-202605-FIPV-501,PHC-NSK-01,nurse_nsk_01,FALSE,Routine UIP session.
NSK-2026-0121,PCV,2,PCV-2 (14 Weeks),2026-05-29,2026-05-29,0,UIP-NSK-202605-PCV-999,PHC-NSK-09,nurse_nsk_09,FALSE,Routine UIP session.
NSK-2026-0122,BCG,1,BCG (At Birth),2026-06-25,2026-06-25,0,UIP-NSK-202606-BCG-557,PHC-NSK-02,nurse_nsk_02,FALSE,Administered at hospital after delivery.
NSK-2026-0122,OPV,1,OPV Zero Dose (At Birth),2026-06-25,2026-06-25,0,UIP-NSK-202606-OPV-659,PHC-NSK-02,nurse_nsk_02,FALSE,Administered at hospital after delivery.
NSK-2026-0122,HepB,1,Hepatitis B Birth Dose,2026-06-25,2026-06-25,0,UIP-NSK-202606-HEPB-624,PHC-NSK-02,nurse_nsk_02,FALSE,Administered at hospital after delivery.
NSK-2026-0122,OPV,2,OPV-1 (6 Weeks),2026-08-06,2026-08-06,0,UIP-NSK-202608-OPV-313,PHC-NSK-02,nurse_nsk_02,FALSE,Routine UIP session.
NSK-2026-0122,Penta,1,Pentavalent-1 (6 Weeks),2026-08-06,2026-08-06,0,UIP-NSK-202608-PENTA-630,PHC-NSK-02,nurse_nsk_02,FALSE,Routine UIP session.
NSK-2026-0122,Rota,1,Rotavirus-1 (6 Weeks),2026-08-06,2026-08-07,1,UIP-NSK-202608-ROTA-422,PHC-NSK-02,nurse_nsk_02,FALSE,Routine UIP session.
NSK-2026-0122,fIPV,1,fIPV-1 (6 Weeks),2026-08-06,2026-08-08,2,UIP-NSK-202608-FIPV-243,PHC-NSK-02,nurse_nsk_02,FALSE,Routine UIP session.
NSK-2026-0122,PCV,1,PCV-1 (6 Weeks),2026-08-06,2026-08-06,0,UIP-NSK-202608-PCV-149,PHC-NSK-02,nurse_nsk_02,FALSE,Routine UIP session.
NSK-2026-0122,OPV,3,OPV-2 (10 Weeks),2026-09-03,2026-09-03,0,UIP-NSK-202609-OPV-242,PHC-NSK-02,nurse_nsk_02,FALSE,Routine UIP session.
NSK-2026-0122,Penta,2,Pentavalent-2 (10 Weeks),2026-09-03,2026-09-03,0,UIP-NSK-202609-PENTA-556,PHC-NSK-02,nurse_nsk_02,FALSE,Routine UIP session.
NSK-2026-0122,Rota,2,Rotavirus-2 (10 Weeks),2026-09-03,2026-09-04,1,UIP-NSK-202609-ROTA-514,PHC-NSK-02,nurse_nsk_02,FALSE,Routine UIP session.
NSK-2026-0122,OPV,4,OPV-3 (14 Weeks),2026-10-01,2026-10-03,2,UIP-NSK-202610-OPV-236,PHC-NSK-02,nurse_nsk_02,FALSE,Routine UIP session.
NSK-2026-0122,Penta,3,Pentavalent-3 (14 Weeks),2026-10-01,2026-10-01,0,UIP-NSK-202610-PENTA-660,PHC-NSK-02,nurse_nsk_02,FALSE,Routine UIP session.
NSK-2026-0122,Rota,3,Rotavirus-3 (14 Weeks),2026-10-01,2026-10-02,1,UIP-NSK-202610-ROTA-639,PHC-NSK-02,nurse_nsk_02,FALSE,Routine UIP session.
NSK-2026-0122,fIPV,2,fIPV-2 (14 Weeks),2026-10-01,2026-10-01,0,UIP-NSK-202610-FIPV-279,PHC-NSK-02,nurse_nsk_02,FALSE,Routine UIP session.
NSK-2026-0122,PCV,2,PCV-2 (14 Weeks),2026-10-01,2026-10-01,0,UIP-NSK-202610-PCV-192,PHC-NSK-02,nurse_nsk_02,FALSE,Routine UIP session.
NSK-2026-0123,BCG,1,BCG (At Birth),2026-02-07,2026-02-07,0,UIP-NSK-202602-BCG-749,PHC-NSK-06,nurse_nsk_06,FALSE,Administered at hospital after delivery.
NSK-2026-0123,OPV,1,OPV Zero Dose (At Birth),2026-02-07,2026-02-07,0,UIP-NSK-202602-OPV-675,PHC-NSK-06,nurse_nsk_06,FALSE,Administered at hospital after delivery.
NSK-2026-0123,HepB,1,Hepatitis B Birth Dose,2026-02-07,2026-02-07,0,UIP-NSK-202602-HEPB-578,PHC-NSK-06,nurse_nsk_06,FALSE,Administered at hospital after delivery.
NSK-2026-0123,Penta,1,Pentavalent-1 (6 Weeks),2026-03-21,2026-03-29,8,UIP-NSK-202603-PENTA-275,PHC-NSK-06,nurse_nsk_06,FALSE,Routine UIP session.
NSK-2026-0123,fIPV,1,fIPV-1 (6 Weeks),2026-03-21,2026-03-24,3,UIP-NSK-202603-FIPV-706,PHC-NSK-06,nurse_nsk_06,FALSE,Routine UIP session.
NSK-2026-0123,PCV,1,PCV-1 (6 Weeks),2026-03-21,2026-03-30,9,UIP-NSK-202603-PCV-995,PHC-NSK-06,nurse_nsk_06,FALSE,Routine UIP session.
NSK-2026-0123,OPV,3,OPV-2 (10 Weeks),2026-04-18,2026-04-28,10,UIP-NSK-202604-OPV-531,PHC-NSK-06,nurse_nsk_06,FALSE,Routine UIP session.
NSK-2026-0123,Penta,2,Pentavalent-2 (10 Weeks),2026-04-18,2026-04-26,8,UIP-NSK-202604-PENTA-973,PHC-NSK-06,nurse_nsk_06,FALSE,Routine UIP session.
NSK-2026-0123,Rota,2,Rotavirus-2 (10 Weeks),2026-04-18,2026-04-18,0,UIP-NSK-202604-ROTA-812,PHC-NSK-06,nurse_nsk_06,FALSE,Routine UIP session.
NSK-2026-0123,OPV,4,OPV-3 (14 Weeks),2026-05-16,2026-05-26,10,UIP-NSK-202605-OPV-303,PHC-NSK-06,nurse_nsk_06,FALSE,Routine UIP session.
NSK-2026-0123,Penta,3,Pentavalent-3 (14 Weeks),2026-05-16,2026-05-24,8,UIP-NSK-202605-PENTA-314,PHC-NSK-06,nurse_nsk_06,FALSE,Routine UIP session.
NSK-2026-0123,Rota,3,Rotavirus-3 (14 Weeks),2026-05-16,2026-06-02,17,UIP-NSK-202606-ROTA-971,PHC-NSK-06,nurse_nsk_06,FALSE,Routine UIP session.
NSK-2026-0123,fIPV,2,fIPV-2 (14 Weeks),2026-05-16,2026-05-26,10,UIP-NSK-202605-FIPV-358,PHC-NSK-09,nurse_nsk_09,FALSE,Routine UIP session.
NSK-2026-0123,PCV,2,PCV-2 (14 Weeks),2026-05-16,2026-05-24,8,UIP-NSK-202605-PCV-267,PHC-NSK-06,nurse_nsk_06,FALSE,Routine UIP session.
NSK-2026-0124,BCG,1,BCG (At Birth),2026-05-19,2026-05-19,0,UIP-NSK-202605-BCG-620,PHC-NSK-02,nurse_nsk_02,FALSE,Administered at hospital after delivery.
NSK-2026-0124,OPV,1,OPV Zero Dose (At Birth),2026-05-19,2026-05-19,0,UIP-NSK-202605-OPV-551,PHC-NSK-02,nurse_nsk_02,FALSE,Administered at hospital after delivery.
NSK-2026-0124,HepB,1,Hepatitis B Birth Dose,2026-05-19,2026-05-19,0,UIP-NSK-202605-HEPB-161,PHC-NSK-02,nurse_nsk_02,FALSE,Administered at hospital after delivery.
NSK-2026-0124,OPV,2,OPV-1 (6 Weeks),2026-06-30,2026-06-30,0,UIP-NSK-202606-OPV-278,PHC-NSK-02,nurse_nsk_02,FALSE,Routine UIP session.
NSK-2026-0124,Penta,1,Pentavalent-1 (6 Weeks),2026-06-30,2026-06-30,0,UIP-NSK-202606-PENTA-624,PHC-NSK-02,nurse_nsk_02,FALSE,Routine UIP session.
NSK-2026-0124,Rota,1,Rotavirus-1 (6 Weeks),2026-06-30,2026-06-30,0,UIP-NSK-202606-ROTA-778,PHC-NSK-02,nurse_nsk_02,FALSE,Routine UIP session.
NSK-2026-0124,fIPV,1,fIPV-1 (6 Weeks),2026-06-30,2026-06-30,0,UIP-NSK-202606-FIPV-912,PHC-NSK-02,nurse_nsk_02,FALSE,Routine UIP session.
NSK-2026-0124,PCV,1,PCV-1 (6 Weeks),2026-06-30,2026-06-30,0,UIP-NSK-202606-PCV-410,PHC-NSK-02,nurse_nsk_02,FALSE,Routine UIP session.
NSK-2026-0124,OPV,3,OPV-2 (10 Weeks),2026-07-28,2026-07-30,2,UIP-NSK-202607-OPV-531,PHC-NSK-02,nurse_nsk_02,FALSE,Routine UIP session.
NSK-2026-0124,Penta,2,Pentavalent-2 (10 Weeks),2026-07-28,2026-07-28,0,UIP-NSK-202607-PENTA-579,PHC-NSK-02,nurse_nsk_02,FALSE,Routine UIP session.
NSK-2026-0124,Rota,2,Rotavirus-2 (10 Weeks),2026-07-28,2026-07-28,0,UIP-NSK-202607-ROTA-974,PHC-NSK-02,nurse_nsk_02,FALSE,Routine UIP session.
NSK-2026-0124,OPV,4,OPV-3 (14 Weeks),2026-08-25,2026-08-27,2,UIP-NSK-202608-OPV-532,PHC-NSK-09,nurse_nsk_09,FALSE,Routine UIP session.
NSK-2026-0124,Penta,3,Pentavalent-3 (14 Weeks),2026-08-25,2026-08-26,1,UIP-NSK-202608-PENTA-291,PHC-NSK-02,nurse_nsk_02,FALSE,Routine UIP session.
NSK-2026-0124,Rota,3,Rotavirus-3 (14 Weeks),2026-08-25,2026-08-25,0,UIP-NSK-202608-ROTA-676,PHC-NSK-02,nurse_nsk_02,FALSE,Routine UIP session.
NSK-2026-0124,fIPV,2,fIPV-2 (14 Weeks),2026-08-25,2026-08-28,3,UIP-NSK-202608-FIPV-805,PHC-NSK-02,nurse_nsk_02,FALSE,Routine UIP session.
NSK-2026-0124,PCV,2,PCV-2 (14 Weeks),2026-08-25,2026-09-01,7,UIP-NSK-202609-PCV-907,PHC-NSK-02,nurse_nsk_02,FALSE,Routine UIP session.
NSK-2026-0125,BCG,1,BCG (At Birth),2026-09-13,2026-09-13,0,UIP-NSK-202609-BCG-238,PHC-NSK-02,nurse_nsk_02,FALSE,Administered at hospital after delivery.
NSK-2026-0125,OPV,1,OPV Zero Dose (At Birth),2026-09-13,2026-09-13,0,UIP-NSK-202609-OPV-675,PHC-NSK-02,nurse_nsk_02,FALSE,Administered at hospital after delivery.
NSK-2026-0126,BCG,1,BCG (At Birth),2026-04-14,2026-04-14,0,UIP-NSK-202604-BCG-792,PHC-NSK-04,nurse_nsk_04,FALSE,Administered at hospital after delivery.
NSK-2026-0126,OPV,1,OPV Zero Dose (At Birth),2026-04-14,2026-04-14,0,UIP-NSK-202604-OPV-499,PHC-NSK-04,nurse_nsk_04,FALSE,Administered at hospital after delivery.
NSK-2026-0126,HepB,1,Hepatitis B Birth Dose,2026-04-14,2026-04-14,0,UIP-NSK-202604-HEPB-966,PHC-NSK-04,nurse_nsk_04,FALSE,Administered at hospital after delivery.
NSK-2026-0126,OPV,2,OPV-1 (6 Weeks),2026-05-26,2026-05-26,0,UIP-NSK-202605-OPV-601,PHC-NSK-04,nurse_nsk_04,FALSE,Routine UIP session.
NSK-2026-0126,Penta,1,Pentavalent-1 (6 Weeks),2026-05-26,2026-05-26,0,UIP-NSK-202605-PENTA-968,PHC-NSK-09,nurse_nsk_09,FALSE,Routine UIP session.
NSK-2026-0126,Rota,1,Rotavirus-1 (6 Weeks),2026-05-26,2026-05-28,2,UIP-NSK-202605-ROTA-379,PHC-NSK-04,nurse_nsk_04,FALSE,Routine UIP session.
NSK-2026-0126,fIPV,1,fIPV-1 (6 Weeks),2026-05-26,2026-05-28,2,UIP-NSK-202605-FIPV-217,PHC-NSK-04,nurse_nsk_04,FALSE,Routine UIP session.
NSK-2026-0126,PCV,1,PCV-1 (6 Weeks),2026-05-26,2026-05-29,3,UIP-NSK-202605-PCV-560,PHC-NSK-04,nurse_nsk_04,FALSE,Routine UIP session.
NSK-2026-0126,OPV,3,OPV-2 (10 Weeks),2026-06-23,2026-06-23,0,UIP-NSK-202606-OPV-859,PHC-NSK-04,nurse_nsk_04,FALSE,Routine UIP session.
NSK-2026-0126,Penta,2,Pentavalent-2 (10 Weeks),2026-06-23,2026-06-23,0,UIP-NSK-202606-PENTA-179,PHC-NSK-05,nurse_nsk_05,FALSE,Routine UIP session.
NSK-2026-0126,Rota,2,Rotavirus-2 (10 Weeks),2026-06-23,2026-06-25,2,UIP-NSK-202606-ROTA-172,PHC-NSK-04,nurse_nsk_04,FALSE,Routine UIP session.
NSK-2026-0126,OPV,4,OPV-3 (14 Weeks),2026-07-21,2026-07-21,0,UIP-NSK-202607-OPV-980,PHC-NSK-04,nurse_nsk_04,FALSE,Routine UIP session.
NSK-2026-0126,Penta,3,Pentavalent-3 (14 Weeks),2026-07-21,2026-07-21,0,UIP-NSK-202607-PENTA-145,PHC-NSK-04,nurse_nsk_04,FALSE,Routine UIP session.
NSK-2026-0126,Rota,3,Rotavirus-3 (14 Weeks),2026-07-21,2026-07-23,2,UIP-NSK-202607-ROTA-186,PHC-NSK-04,nurse_nsk_04,FALSE,Routine UIP session.
NSK-2026-0126,fIPV,2,fIPV-2 (14 Weeks),2026-07-21,2026-07-23,2,UIP-NSK-202607-FIPV-986,PHC-NSK-04,nurse_nsk_04,FALSE,Routine UIP session.
NSK-2026-0126,PCV,2,PCV-2 (14 Weeks),2026-07-21,2026-07-21,0,UIP-NSK-202607-PCV-102,PHC-NSK-04,nurse_nsk_04,FALSE,Routine UIP session.
NSK-2026-0127,BCG,1,BCG (At Birth),2026-06-06,2026-06-06,0,UIP-NSK-202606-BCG-967,PHC-NSK-03,nurse_nsk_03,FALSE,Administered at hospital after delivery.
NSK-2026-0127,OPV,2,OPV-1 (6 Weeks),2026-07-18,2026-07-18,0,UIP-NSK-202607-OPV-304,PHC-NSK-03,nurse_nsk_03,FALSE,Routine UIP session.
NSK-2026-0127,Penta,1,Pentavalent-1 (6 Weeks),2026-07-18,2026-07-18,0,UIP-NSK-202607-PENTA-170,PHC-NSK-03,nurse_nsk_03,FALSE,Routine UIP session.
NSK-2026-0127,Rota,1,Rotavirus-1 (6 Weeks),2026-07-18,2026-07-18,0,UIP-NSK-202607-ROTA-653,PHC-NSK-03,nurse_nsk_03,FALSE,Routine UIP session.
NSK-2026-0127,fIPV,1,fIPV-1 (6 Weeks),2026-07-18,2026-07-18,0,UIP-NSK-202607-FIPV-174,PHC-NSK-03,nurse_nsk_03,FALSE,Routine UIP session.
NSK-2026-0127,PCV,1,PCV-1 (6 Weeks),2026-07-18,2026-07-20,2,UIP-NSK-202607-PCV-335,PHC-NSK-03,nurse_nsk_03,FALSE,Routine UIP session.
NSK-2026-0127,OPV,3,OPV-2 (10 Weeks),2026-08-15,2026-08-15,0,UIP-NSK-202608-OPV-692,PHC-NSK-03,nurse_nsk_03,FALSE,Routine UIP session.
NSK-2026-0127,Penta,2,Pentavalent-2 (10 Weeks),2026-08-15,2026-08-15,0,UIP-NSK-202608-PENTA-448,PHC-NSK-03,nurse_nsk_03,FALSE,Routine UIP session.
NSK-2026-0127,Rota,2,Rotavirus-2 (10 Weeks),2026-08-15,2026-08-15,0,UIP-NSK-202608-ROTA-313,PHC-NSK-06,nurse_nsk_06,FALSE,Routine UIP session.
NSK-2026-0127,OPV,4,OPV-3 (14 Weeks),2026-09-12,2026-09-15,3,UIP-NSK-202609-OPV-322,PHC-NSK-03,nurse_nsk_03,FALSE,Routine UIP session.
NSK-2026-0127,Rota,3,Rotavirus-3 (14 Weeks),2026-09-12,2026-09-12,0,UIP-NSK-202609-ROTA-214,PHC-NSK-03,nurse_nsk_03,FALSE,Routine UIP session.
NSK-2026-0127,fIPV,2,fIPV-2 (14 Weeks),2026-09-12,2026-09-12,0,UIP-NSK-202609-FIPV-167,PHC-NSK-03,nurse_nsk_03,FALSE,Routine UIP session.
NSK-2026-0127,PCV,2,PCV-2 (14 Weeks),2026-09-12,2026-09-15,3,UIP-NSK-202609-PCV-869,PHC-NSK-03,nurse_nsk_03,FALSE,Routine UIP session.
NSK-2026-0128,BCG,1,BCG (At Birth),2026-02-15,2026-02-15,0,UIP-NSK-202602-BCG-566,PHC-NSK-08,nurse_nsk_08,FALSE,Administered at hospital after delivery.
NSK-2026-0128,OPV,1,OPV Zero Dose (At Birth),2026-02-15,2026-02-15,0,UIP-NSK-202602-OPV-898,PHC-NSK-08,nurse_nsk_08,FALSE,Administered at hospital after delivery.
NSK-2026-0128,HepB,1,Hepatitis B Birth Dose,2026-02-15,2026-02-15,0,UIP-NSK-202602-HEPB-584,PHC-NSK-08,nurse_nsk_08,FALSE,Administered at hospital after delivery.
NSK-2026-0128,OPV,2,OPV-1 (6 Weeks),2026-03-29,2026-04-13,15,UIP-NSK-202604-OPV-570,PHC-NSK-08,nurse_nsk_08,FALSE,Routine UIP session.
NSK-2026-0128,Penta,1,Pentavalent-1 (6 Weeks),2026-03-29,2026-04-02,4,UIP-NSK-202604-PENTA-844,PHC-NSK-08,nurse_nsk_08,FALSE,Routine UIP session.
NSK-2026-0128,PCV,1,PCV-1 (6 Weeks),2026-03-29,2026-04-05,7,UIP-NSK-202604-PCV-845,PHC-NSK-08,nurse_nsk_08,FALSE,Routine UIP session.
NSK-2026-0128,Penta,2,Pentavalent-2 (10 Weeks),2026-04-26,2026-05-01,5,UIP-NSK-202605-PENTA-421,PHC-NSK-08,nurse_nsk_08,FALSE,Routine UIP session.
NSK-2026-0128,Penta,3,Pentavalent-3 (14 Weeks),2026-05-24,2026-05-31,7,UIP-NSK-202605-PENTA-830,PHC-NSK-08,nurse_nsk_08,FALSE,Routine UIP session.
NSK-2026-0128,Rota,3,Rotavirus-3 (14 Weeks),2026-05-24,2026-05-27,3,UIP-NSK-202605-ROTA-981,PHC-NSK-08,nurse_nsk_08,FALSE,Routine UIP session.
NSK-2026-0128,PCV,2,PCV-2 (14 Weeks),2026-05-24,2026-05-29,5,UIP-NSK-202605-PCV-922,PHC-NSK-08,nurse_nsk_08,FALSE,Routine UIP session.
NSK-2026-0129,BCG,1,BCG (At Birth),2026-03-29,2026-03-29,0,UIP-NSK-202603-BCG-141,PHC-NSK-05,nurse_nsk_05,FALSE,Administered at hospital after delivery.
NSK-2026-0129,OPV,1,OPV Zero Dose (At Birth),2026-03-29,2026-03-29,0,UIP-NSK-202603-OPV-385,PHC-NSK-05,nurse_nsk_05,FALSE,Administered at hospital after delivery.
NSK-2026-0129,HepB,1,Hepatitis B Birth Dose,2026-03-29,2026-03-29,0,UIP-NSK-202603-HEPB-299,PHC-NSK-05,nurse_nsk_05,FALSE,Administered at hospital after delivery.
NSK-2026-0129,Penta,1,Pentavalent-1 (6 Weeks),2026-05-10,2026-05-19,9,UIP-NSK-202605-PENTA-499,PHC-NSK-05,nurse_nsk_05,TRUE,Mild fever and local swelling; resolved in 48 hours.
NSK-2026-0129,Rota,1,Rotavirus-1 (6 Weeks),2026-05-10,2026-05-10,0,UIP-NSK-202605-ROTA-278,PHC-NSK-05,nurse_nsk_05,FALSE,Routine UIP session.
NSK-2026-0129,fIPV,1,fIPV-1 (6 Weeks),2026-05-10,2026-05-10,0,UIP-NSK-202605-FIPV-317,PHC-NSK-05,nurse_nsk_05,FALSE,Routine UIP session.
NSK-2026-0129,PCV,1,PCV-1 (6 Weeks),2026-05-10,2026-05-10,0,UIP-NSK-202605-PCV-551,PHC-NSK-05,nurse_nsk_05,FALSE,Routine UIP session.
NSK-2026-0129,OPV,3,OPV-2 (10 Weeks),2026-06-07,2026-06-07,0,UIP-NSK-202606-OPV-309,PHC-NSK-05,nurse_nsk_05,FALSE,Routine UIP session.
NSK-2026-0129,Penta,2,Pentavalent-2 (10 Weeks),2026-06-07,2026-06-16,9,UIP-NSK-202606-PENTA-970,PHC-NSK-05,nurse_nsk_05,FALSE,Routine UIP session.
NSK-2026-0129,Rota,2,Rotavirus-2 (10 Weeks),2026-06-07,2026-06-08,1,UIP-NSK-202606-ROTA-588,PHC-NSK-05,nurse_nsk_05,FALSE,Routine UIP session.
NSK-2026-0129,Penta,3,Pentavalent-3 (14 Weeks),2026-07-05,2026-07-14,9,UIP-NSK-202607-PENTA-955,PHC-NSK-05,nurse_nsk_05,FALSE,Routine UIP session.
NSK-2026-0129,Rota,3,Rotavirus-3 (14 Weeks),2026-07-05,2026-07-06,1,UIP-NSK-202607-ROTA-490,PHC-NSK-05,nurse_nsk_05,FALSE,Routine UIP session.
NSK-2026-0129,fIPV,2,fIPV-2 (14 Weeks),2026-07-05,2026-07-06,1,UIP-NSK-202607-FIPV-335,PHC-NSK-05,nurse_nsk_05,FALSE,Routine UIP session.
NSK-2026-0129,PCV,2,PCV-2 (14 Weeks),2026-07-05,2026-07-05,0,UIP-NSK-202607-PCV-497,PHC-NSK-05,nurse_nsk_05,FALSE,Routine UIP session.
NSK-2026-0130,BCG,1,BCG (At Birth),2026-08-19,2026-08-19,0,UIP-NSK-202608-BCG-766,PHC-NSK-05,nurse_nsk_05,FALSE,Administered at hospital after delivery.
NSK-2026-0130,OPV,1,OPV Zero Dose (At Birth),2026-08-19,2026-08-19,0,UIP-NSK-202608-OPV-948,PHC-NSK-01,nurse_nsk_01,FALSE,Administered at hospital after delivery.
NSK-2026-0130,HepB,1,Hepatitis B Birth Dose,2026-08-19,2026-08-19,0,UIP-NSK-202608-HEPB-244,PHC-NSK-01,nurse_nsk_01,FALSE,Administered at hospital after delivery.
NSK-2026-0130,OPV,2,OPV-1 (6 Weeks),2026-09-30,2026-09-30,0,UIP-NSK-202609-OPV-566,PHC-NSK-01,nurse_nsk_01,FALSE,Routine UIP session.
NSK-2026-0130,Penta,1,Pentavalent-1 (6 Weeks),2026-09-30,2026-09-30,0,UIP-NSK-202609-PENTA-309,PHC-NSK-01,nurse_nsk_01,FALSE,Routine UIP session.
NSK-2026-0130,Rota,1,Rotavirus-1 (6 Weeks),2026-09-30,2026-09-30,0,UIP-NSK-202609-ROTA-602,PHC-NSK-01,nurse_nsk_01,FALSE,Routine UIP session.
NSK-2026-0130,fIPV,1,fIPV-1 (6 Weeks),2026-09-30,2026-09-30,0,UIP-NSK-202609-FIPV-871,PHC-NSK-01,nurse_nsk_01,FALSE,Routine UIP session.
NSK-2026-0130,PCV,1,PCV-1 (6 Weeks),2026-09-30,2026-09-30,0,UIP-NSK-202609-PCV-932,PHC-NSK-01,nurse_nsk_01,FALSE,Routine UIP session.
NSK-2026-0131,BCG,1,BCG (At Birth),2026-07-27,2026-07-27,0,UIP-NSK-202607-BCG-706,PHC-NSK-04,nurse_nsk_04,FALSE,Administered at hospital after delivery.
NSK-2026-0131,HepB,1,Hepatitis B Birth Dose,2026-07-27,2026-07-27,0,UIP-NSK-202607-HEPB-857,PHC-NSK-04,nurse_nsk_04,FALSE,Administered at hospital after delivery.
NSK-2026-0131,OPV,2,OPV-1 (6 Weeks),2026-09-07,2026-09-07,0,UIP-NSK-202609-OPV-560,PHC-NSK-04,nurse_nsk_04,FALSE,Routine UIP session.
NSK-2026-0131,Penta,1,Pentavalent-1 (6 Weeks),2026-09-07,2026-09-07,0,UIP-NSK-202609-PENTA-487,PHC-NSK-01,nurse_nsk_01,FALSE,Routine UIP session.
NSK-2026-0131,Rota,1,Rotavirus-1 (6 Weeks),2026-09-07,2026-09-07,0,UIP-NSK-202609-ROTA-880,PHC-NSK-04,nurse_nsk_04,FALSE,Routine UIP session.
NSK-2026-0131,fIPV,1,fIPV-1 (6 Weeks),2026-09-07,2026-09-07,0,UIP-NSK-202609-FIPV-837,PHC-NSK-09,nurse_nsk_09,FALSE,Routine UIP session.
NSK-2026-0131,PCV,1,PCV-1 (6 Weeks),2026-09-07,2026-09-10,3,UIP-NSK-202609-PCV-193,PHC-NSK-04,nurse_nsk_04,FALSE,Routine UIP session.
NSK-2026-0131,OPV,3,OPV-2 (10 Weeks),2026-10-05,2026-10-05,0,UIP-NSK-202610-OPV-831,PHC-NSK-04,nurse_nsk_04,FALSE,Routine UIP session.
NSK-2026-0131,Penta,2,Pentavalent-2 (10 Weeks),2026-10-05,2026-10-05,0,UIP-NSK-202610-PENTA-931,PHC-NSK-04,nurse_nsk_04,FALSE,Routine UIP session.
NSK-2026-0132,BCG,1,BCG (At Birth),2026-04-09,2026-04-19,10,UIP-NSK-202604-BCG-740,PHC-NSK-06,nurse_nsk_06,FALSE,Routine UIP session.
NSK-2026-0132,OPV,1,OPV Zero Dose (At Birth),2026-04-09,2026-04-09,0,UIP-NSK-202604-OPV-265,PHC-NSK-06,nurse_nsk_06,FALSE,Administered at hospital after delivery.
NSK-2026-0132,HepB,1,Hepatitis B Birth Dose,2026-04-09,2026-04-09,0,UIP-NSK-202604-HEPB-822,PHC-NSK-05,nurse_nsk_05,FALSE,Administered at hospital after delivery.
NSK-2026-0132,OPV,2,OPV-1 (6 Weeks),2026-05-21,2026-06-04,14,UIP-NSK-202606-OPV-835,PHC-NSK-06,nurse_nsk_06,FALSE,Routine UIP session.
NSK-2026-0132,Penta,1,Pentavalent-1 (6 Weeks),2026-05-21,2026-06-07,17,UIP-NSK-202606-PENTA-715,PHC-NSK-06,nurse_nsk_06,FALSE,Routine UIP session.
NSK-2026-0132,Rota,1,Rotavirus-1 (6 Weeks),2026-05-21,2026-06-05,15,UIP-NSK-202606-ROTA-851,PHC-NSK-06,nurse_nsk_06,FALSE,Routine UIP session.
NSK-2026-0132,fIPV,1,fIPV-1 (6 Weeks),2026-05-21,2026-05-27,6,UIP-NSK-202605-FIPV-557,PHC-NSK-06,nurse_nsk_06,FALSE,Routine UIP session.
NSK-2026-0132,PCV,1,PCV-1 (6 Weeks),2026-05-21,2026-05-29,8,UIP-NSK-202605-PCV-483,PHC-NSK-06,nurse_nsk_06,FALSE,Routine UIP session.
NSK-2026-0132,OPV,3,OPV-2 (10 Weeks),2026-06-18,2026-07-02,14,UIP-NSK-202607-OPV-623,PHC-NSK-06,nurse_nsk_06,FALSE,Routine UIP session.
NSK-2026-0132,Penta,2,Pentavalent-2 (10 Weeks),2026-06-18,2026-07-05,17,UIP-NSK-202607-PENTA-408,PHC-NSK-06,nurse_nsk_06,FALSE,Routine UIP session.
NSK-2026-0132,Rota,2,Rotavirus-2 (10 Weeks),2026-06-18,2026-07-03,15,UIP-NSK-202607-ROTA-426,PHC-NSK-06,nurse_nsk_06,FALSE,Routine UIP session.
NSK-2026-0132,Penta,3,Pentavalent-3 (14 Weeks),2026-07-16,2026-08-02,17,UIP-NSK-202608-PENTA-512,PHC-NSK-06,nurse_nsk_06,FALSE,Routine UIP session.
NSK-2026-0132,Rota,3,Rotavirus-3 (14 Weeks),2026-07-16,2026-07-31,15,UIP-NSK-202607-ROTA-874,PHC-NSK-06,nurse_nsk_06,FALSE,Routine UIP session.
NSK-2026-0132,fIPV,2,fIPV-2 (14 Weeks),2026-07-16,2026-07-26,10,UIP-NSK-202607-FIPV-937,PHC-NSK-06,nurse_nsk_06,FALSE,Routine UIP session.
NSK-2026-0132,PCV,2,PCV-2 (14 Weeks),2026-07-16,2026-07-19,3,UIP-NSK-202607-PCV-515,PHC-NSK-06,nurse_nsk_06,FALSE,Routine UIP session.
NSK-2026-0133,BCG,1,BCG (At Birth),2026-01-29,2026-01-30,1,UIP-NSK-202601-BCG-509,PHC-NSK-01,nurse_nsk_01,FALSE,Routine UIP session.
NSK-2026-0133,OPV,1,OPV Zero Dose (At Birth),2026-01-29,2026-01-29,0,UIP-NSK-202601-OPV-835,PHC-NSK-08,nurse_nsk_08,FALSE,Administered at hospital after delivery.
NSK-2026-0133,HepB,1,Hepatitis B Birth Dose,2026-01-29,2026-01-29,0,UIP-NSK-202601-HEPB-832,PHC-NSK-01,nurse_nsk_01,FALSE,Administered at hospital after delivery.
NSK-2026-0133,OPV,2,OPV-1 (6 Weeks),2026-03-12,2026-03-15,3,UIP-NSK-202603-OPV-761,PHC-NSK-01,nurse_nsk_01,FALSE,Routine UIP session.
NSK-2026-0133,Penta,1,Pentavalent-1 (6 Weeks),2026-03-12,2026-03-13,1,UIP-NSK-202603-PENTA-258,PHC-NSK-01,nurse_nsk_01,FALSE,Routine UIP session.
NSK-2026-0133,Rota,1,Rotavirus-1 (6 Weeks),2026-03-12,2026-03-15,3,UIP-NSK-202603-ROTA-301,PHC-NSK-01,nurse_nsk_01,FALSE,Routine UIP session.
NSK-2026-0133,fIPV,1,fIPV-1 (6 Weeks),2026-03-12,2026-03-12,0,UIP-NSK-202603-FIPV-748,PHC-NSK-01,nurse_nsk_01,FALSE,Routine UIP session.
NSK-2026-0133,PCV,1,PCV-1 (6 Weeks),2026-03-12,2026-03-12,0,UIP-NSK-202603-PCV-619,PHC-NSK-01,nurse_nsk_01,FALSE,Routine UIP session.
NSK-2026-0133,OPV,3,OPV-2 (10 Weeks),2026-04-09,2026-04-13,4,UIP-NSK-202604-OPV-426,PHC-NSK-01,nurse_nsk_01,FALSE,Routine UIP session.
NSK-2026-0133,Penta,2,Pentavalent-2 (10 Weeks),2026-04-09,2026-04-10,1,UIP-NSK-202604-PENTA-182,PHC-NSK-01,nurse_nsk_01,FALSE,Routine UIP session.
NSK-2026-0133,Rota,2,Rotavirus-2 (10 Weeks),2026-04-09,2026-04-12,3,UIP-NSK-202604-ROTA-678,PHC-NSK-01,nurse_nsk_01,FALSE,Routine UIP session.
NSK-2026-0133,OPV,4,OPV-3 (14 Weeks),2026-05-07,2026-05-11,4,UIP-NSK-202605-OPV-332,PHC-NSK-01,nurse_nsk_01,FALSE,Routine UIP session.
NSK-2026-0133,Penta,3,Pentavalent-3 (14 Weeks),2026-05-07,2026-05-10,3,UIP-NSK-202605-PENTA-669,PHC-NSK-01,nurse_nsk_01,FALSE,Routine UIP session.
NSK-2026-0133,Rota,3,Rotavirus-3 (14 Weeks),2026-05-07,2026-05-10,3,UIP-NSK-202605-ROTA-980,PHC-NSK-01,nurse_nsk_01,FALSE,Routine UIP session.
NSK-2026-0133,fIPV,2,fIPV-2 (14 Weeks),2026-05-07,2026-05-07,0,UIP-NSK-202605-FIPV-459,PHC-NSK-01,nurse_nsk_01,FALSE,Routine UIP session.
NSK-2026-0133,PCV,2,PCV-2 (14 Weeks),2026-05-07,2026-05-07,0,UIP-NSK-202605-PCV-656,PHC-NSK-01,nurse_nsk_01,FALSE,Routine UIP session.
NSK-2026-0134,BCG,1,BCG (At Birth),2026-04-04,2026-04-04,0,UIP-NSK-202604-BCG-128,PHC-NSK-03,nurse_nsk_03,FALSE,Administered at hospital after delivery.
NSK-2026-0134,OPV,1,OPV Zero Dose (At Birth),2026-04-04,2026-04-04,0,UIP-NSK-202604-OPV-742,PHC-NSK-03,nurse_nsk_03,FALSE,Administered at hospital after delivery.
NSK-2026-0134,HepB,1,Hepatitis B Birth Dose,2026-04-04,2026-04-04,0,UIP-NSK-202604-HEPB-841,PHC-NSK-03,nurse_nsk_03,FALSE,Administered at hospital after delivery.
NSK-2026-0134,OPV,2,OPV-1 (6 Weeks),2026-05-16,2026-05-16,0,UIP-NSK-202605-OPV-836,PHC-NSK-03,nurse_nsk_03,FALSE,Routine UIP session.
NSK-2026-0134,Penta,1,Pentavalent-1 (6 Weeks),2026-05-16,2026-05-17,1,UIP-NSK-202605-PENTA-878,PHC-NSK-03,nurse_nsk_03,FALSE,Routine UIP session.
NSK-2026-0134,fIPV,1,fIPV-1 (6 Weeks),2026-05-16,2026-05-18,2,UIP-NSK-202605-FIPV-624,PHC-NSK-03,nurse_nsk_03,FALSE,Routine UIP session.
NSK-2026-0134,PCV,1,PCV-1 (6 Weeks),2026-05-16,2026-05-16,0,UIP-NSK-202605-PCV-239,PHC-NSK-03,nurse_nsk_03,FALSE,Routine UIP session.
NSK-2026-0134,OPV,3,OPV-2 (10 Weeks),2026-06-13,2026-06-13,0,UIP-NSK-202606-OPV-739,PHC-NSK-03,nurse_nsk_03,FALSE,Routine UIP session.
NSK-2026-0134,Penta,2,Pentavalent-2 (10 Weeks),2026-06-13,2026-06-14,1,UIP-NSK-202606-PENTA-340,PHC-NSK-03,nurse_nsk_03,FALSE,Routine UIP session.
NSK-2026-0134,Rota,2,Rotavirus-2 (10 Weeks),2026-06-13,2026-06-13,0,UIP-NSK-202606-ROTA-609,PHC-NSK-03,nurse_nsk_03,FALSE,Routine UIP session.
NSK-2026-0134,OPV,4,OPV-3 (14 Weeks),2026-07-11,2026-07-11,0,UIP-NSK-202607-OPV-918,PHC-NSK-03,nurse_nsk_03,FALSE,Routine UIP session.
NSK-2026-0134,Penta,3,Pentavalent-3 (14 Weeks),2026-07-11,2026-07-12,1,UIP-NSK-202607-PENTA-276,PHC-NSK-03,nurse_nsk_03,FALSE,Routine UIP session.
NSK-2026-0134,Rota,3,Rotavirus-3 (14 Weeks),2026-07-11,2026-07-11,0,UIP-NSK-202607-ROTA-410,PHC-NSK-03,nurse_nsk_03,FALSE,Routine UIP session.
NSK-2026-0134,fIPV,2,fIPV-2 (14 Weeks),2026-07-11,2026-07-14,3,UIP-NSK-202607-FIPV-434,PHC-NSK-03,nurse_nsk_03,FALSE,Routine UIP session.
NSK-2026-0134,PCV,2,PCV-2 (14 Weeks),2026-07-11,2026-07-11,0,UIP-NSK-202607-PCV-694,PHC-NSK-03,nurse_nsk_03,FALSE,Routine UIP session.
NSK-2026-0135,BCG,1,BCG (At Birth),2026-01-31,2026-01-31,0,UIP-NSK-202601-BCG-546,PHC-NSK-04,nurse_nsk_04,FALSE,Administered at hospital after delivery.
NSK-2026-0135,OPV,1,OPV Zero Dose (At Birth),2026-01-31,2026-01-31,0,UIP-NSK-202601-OPV-701,PHC-NSK-03,nurse_nsk_03,FALSE,Administered at hospital after delivery.
NSK-2026-0135,HepB,1,Hepatitis B Birth Dose,2026-01-31,2026-01-31,0,UIP-NSK-202601-HEPB-366,PHC-NSK-04,nurse_nsk_04,FALSE,Administered at hospital after delivery.
NSK-2026-0135,OPV,2,OPV-1 (6 Weeks),2026-03-14,2026-03-21,7,UIP-NSK-202603-OPV-609,PHC-NSK-04,nurse_nsk_04,FALSE,Routine UIP session.
NSK-2026-0135,Penta,1,Pentavalent-1 (6 Weeks),2026-03-14,2026-03-19,5,UIP-NSK-202603-PENTA-795,PHC-NSK-04,nurse_nsk_04,FALSE,Routine UIP session.
NSK-2026-0135,Rota,1,Rotavirus-1 (6 Weeks),2026-03-14,2026-03-21,7,UIP-NSK-202603-ROTA-476,PHC-NSK-04,nurse_nsk_04,TRUE,Mild fever and local swelling; resolved in 48 hours.
NSK-2026-0135,fIPV,1,fIPV-1 (6 Weeks),2026-03-14,2026-03-21,7,UIP-NSK-202603-FIPV-669,PHC-NSK-04,nurse_nsk_04,FALSE,Routine UIP session.
NSK-2026-0135,PCV,1,PCV-1 (6 Weeks),2026-03-14,2026-03-28,14,UIP-NSK-202603-PCV-329,PHC-NSK-04,nurse_nsk_04,FALSE,Routine UIP session.
NSK-2026-0135,OPV,3,OPV-2 (10 Weeks),2026-04-11,2026-04-22,11,UIP-NSK-202604-OPV-418,PHC-NSK-04,nurse_nsk_04,FALSE,Routine UIP session.
NSK-2026-0135,Rota,2,Rotavirus-2 (10 Weeks),2026-04-11,2026-04-18,7,UIP-NSK-202604-ROTA-839,PHC-NSK-06,nurse_nsk_06,FALSE,Routine UIP session.
NSK-2026-0135,OPV,4,OPV-3 (14 Weeks),2026-05-09,2026-05-20,11,UIP-NSK-202605-OPV-373,PHC-NSK-04,nurse_nsk_04,TRUE,Mild fever and local swelling; resolved in 48 hours.
NSK-2026-0135,Rota,3,Rotavirus-3 (14 Weeks),2026-05-09,2026-05-16,7,UIP-NSK-202605-ROTA-997,PHC-NSK-04,nurse_nsk_04,FALSE,Routine UIP session.
NSK-2026-0135,fIPV,2,fIPV-2 (14 Weeks),2026-05-09,2026-05-15,6,UIP-NSK-202605-FIPV-296,PHC-NSK-04,nurse_nsk_04,FALSE,Routine UIP session.
NSK-2026-0135,PCV,2,PCV-2 (14 Weeks),2026-05-09,2026-05-22,13,UIP-NSK-202605-PCV-239,PHC-NSK-04,nurse_nsk_04,FALSE,Routine UIP session.
NSK-2026-0136,BCG,1,BCG (At Birth),2026-08-21,2026-08-21,0,UIP-NSK-202608-BCG-977,PHC-NSK-09,nurse_nsk_09,FALSE,Administered at hospital after delivery.
NSK-2026-0136,OPV,1,OPV Zero Dose (At Birth),2026-08-21,2026-08-21,0,UIP-NSK-202608-OPV-957,PHC-NSK-09,nurse_nsk_09,FALSE,Administered at hospital after delivery.
NSK-2026-0136,HepB,1,Hepatitis B Birth Dose,2026-08-21,2026-08-21,0,UIP-NSK-202608-HEPB-309,PHC-NSK-02,nurse_nsk_02,FALSE,Administered at hospital after delivery.
NSK-2026-0136,OPV,2,OPV-1 (6 Weeks),2026-10-02,2026-10-02,0,UIP-NSK-202610-OPV-738,PHC-NSK-09,nurse_nsk_09,FALSE,Routine UIP session.
NSK-2026-0136,Penta,1,Pentavalent-1 (6 Weeks),2026-10-02,2026-10-02,0,UIP-NSK-202610-PENTA-994,PHC-NSK-09,nurse_nsk_09,FALSE,Routine UIP session.
NSK-2026-0136,Rota,1,Rotavirus-1 (6 Weeks),2026-10-02,2026-10-03,1,UIP-NSK-202610-ROTA-773,PHC-NSK-09,nurse_nsk_09,FALSE,Routine UIP session.
NSK-2026-0136,fIPV,1,fIPV-1 (6 Weeks),2026-10-02,2026-10-02,0,UIP-NSK-202610-FIPV-942,PHC-NSK-09,nurse_nsk_09,FALSE,Routine UIP session.
NSK-2026-0136,PCV,1,PCV-1 (6 Weeks),2026-10-02,2026-10-03,1,UIP-NSK-202610-PCV-225,PHC-NSK-09,nurse_nsk_09,FALSE,Routine UIP session.
NSK-2026-0137,BCG,1,BCG (At Birth),2026-07-21,2026-07-21,0,UIP-NSK-202607-BCG-212,PHC-NSK-07,nurse_nsk_07,FALSE,Administered at hospital after delivery.
NSK-2026-0137,OPV,1,OPV Zero Dose (At Birth),2026-07-21,2026-07-21,0,UIP-NSK-202607-OPV-505,PHC-NSK-07,nurse_nsk_07,FALSE,Administered at hospital after delivery.
NSK-2026-0137,HepB,1,Hepatitis B Birth Dose,2026-07-21,2026-07-21,0,UIP-NSK-202607-HEPB-181,PHC-NSK-07,nurse_nsk_07,FALSE,Administered at hospital after delivery.
NSK-2026-0137,OPV,2,OPV-1 (6 Weeks),2026-09-01,2026-09-01,0,UIP-NSK-202609-OPV-816,PHC-NSK-07,nurse_nsk_07,FALSE,Routine UIP session.
NSK-2026-0137,Penta,1,Pentavalent-1 (6 Weeks),2026-09-01,2026-09-01,0,UIP-NSK-202609-PENTA-102,PHC-NSK-07,nurse_nsk_07,FALSE,Routine UIP session.
NSK-2026-0137,Rota,1,Rotavirus-1 (6 Weeks),2026-09-01,2026-09-02,1,UIP-NSK-202609-ROTA-624,PHC-NSK-07,nurse_nsk_07,FALSE,Routine UIP session.
NSK-2026-0137,fIPV,1,fIPV-1 (6 Weeks),2026-09-01,2026-09-01,0,UIP-NSK-202609-FIPV-168,PHC-NSK-07,nurse_nsk_07,FALSE,Routine UIP session.
NSK-2026-0137,PCV,1,PCV-1 (6 Weeks),2026-09-01,2026-09-01,0,UIP-NSK-202609-PCV-177,PHC-NSK-07,nurse_nsk_07,FALSE,Routine UIP session.
NSK-2026-0137,OPV,3,OPV-2 (10 Weeks),2026-09-29,2026-10-01,2,UIP-NSK-202610-OPV-867,PHC-NSK-07,nurse_nsk_07,FALSE,Routine UIP session.
NSK-2026-0137,Penta,2,Pentavalent-2 (10 Weeks),2026-09-29,2026-09-29,0,UIP-NSK-202609-PENTA-825,PHC-NSK-07,nurse_nsk_07,FALSE,Routine UIP session.
NSK-2026-0137,Rota,2,Rotavirus-2 (10 Weeks),2026-09-29,2026-09-30,1,UIP-NSK-202609-ROTA-881,PHC-NSK-07,nurse_nsk_07,FALSE,Routine UIP session.
NSK-2026-0138,BCG,1,BCG (At Birth),2026-05-19,2026-05-19,0,UIP-NSK-202605-BCG-924,PHC-NSK-02,nurse_nsk_02,FALSE,Administered at hospital after delivery.
NSK-2026-0138,OPV,1,OPV Zero Dose (At Birth),2026-05-19,2026-05-19,0,UIP-NSK-202605-OPV-476,PHC-NSK-02,nurse_nsk_02,FALSE,Administered at hospital after delivery.
NSK-2026-0138,HepB,1,Hepatitis B Birth Dose,2026-05-19,2026-05-19,0,UIP-NSK-202605-HEPB-200,PHC-NSK-02,nurse_nsk_02,FALSE,Administered at hospital after delivery.
NSK-2026-0138,OPV,2,OPV-1 (6 Weeks),2026-06-30,2026-07-06,6,UIP-NSK-202607-OPV-731,PHC-NSK-02,nurse_nsk_02,FALSE,Routine UIP session.
NSK-2026-0138,Penta,1,Pentavalent-1 (6 Weeks),2026-06-30,2026-07-03,3,UIP-NSK-202607-PENTA-224,PHC-NSK-02,nurse_nsk_02,TRUE,Mild fever and local swelling; resolved in 48 hours.
NSK-2026-0138,Rota,1,Rotavirus-1 (6 Weeks),2026-06-30,2026-07-09,9,UIP-NSK-202607-ROTA-520,PHC-NSK-02,nurse_nsk_02,FALSE,Routine UIP session.
NSK-2026-0138,fIPV,1,fIPV-1 (6 Weeks),2026-06-30,2026-07-13,13,UIP-NSK-202607-FIPV-911,PHC-NSK-02,nurse_nsk_02,FALSE,Routine UIP session.
NSK-2026-0138,PCV,1,PCV-1 (6 Weeks),2026-06-30,2026-07-12,12,UIP-NSK-202607-PCV-948,PHC-NSK-02,nurse_nsk_02,FALSE,Routine UIP session.
NSK-2026-0138,OPV,3,OPV-2 (10 Weeks),2026-07-28,2026-08-06,9,UIP-NSK-202608-OPV-621,PHC-NSK-02,nurse_nsk_02,FALSE,Routine UIP session.
NSK-2026-0138,Penta,2,Pentavalent-2 (10 Weeks),2026-07-28,2026-08-16,19,UIP-NSK-202608-PENTA-414,PHC-NSK-02,nurse_nsk_02,FALSE,Routine UIP session.
NSK-2026-0138,Rota,2,Rotavirus-2 (10 Weeks),2026-07-28,2026-08-11,14,UIP-NSK-202608-ROTA-527,PHC-NSK-02,nurse_nsk_02,FALSE,Routine UIP session.
NSK-2026-0138,OPV,4,OPV-3 (14 Weeks),2026-08-25,2026-09-08,14,UIP-NSK-202609-OPV-607,PHC-NSK-02,nurse_nsk_02,FALSE,Routine UIP session.
NSK-2026-0138,Rota,3,Rotavirus-3 (14 Weeks),2026-08-25,2026-09-08,14,UIP-NSK-202609-ROTA-236,PHC-NSK-02,nurse_nsk_02,FALSE,Routine UIP session.
NSK-2026-0138,fIPV,2,fIPV-2 (14 Weeks),2026-08-25,2026-08-31,6,UIP-NSK-202608-FIPV-371,PHC-NSK-02,nurse_nsk_02,FALSE,Routine UIP session.
NSK-2026-0138,PCV,2,PCV-2 (14 Weeks),2026-08-25,2026-08-31,6,UIP-NSK-202608-PCV-143,PHC-NSK-02,nurse_nsk_02,FALSE,Routine UIP session.
NSK-2026-0139,BCG,1,BCG (At Birth),2026-03-17,2026-03-17,0,UIP-NSK-202603-BCG-457,PHC-NSK-07,nurse_nsk_07,FALSE,Administered at hospital after delivery.
NSK-2026-0139,OPV,1,OPV Zero Dose (At Birth),2026-03-17,2026-03-17,0,UIP-NSK-202603-OPV-445,PHC-NSK-07,nurse_nsk_07,FALSE,Administered at hospital after delivery.
NSK-2026-0139,HepB,1,Hepatitis B Birth Dose,2026-03-17,2026-03-17,0,UIP-NSK-202603-HEPB-370,PHC-NSK-07,nurse_nsk_07,FALSE,Administered at hospital after delivery.
NSK-2026-0139,OPV,2,OPV-1 (6 Weeks),2026-04-28,2026-04-28,0,UIP-NSK-202604-OPV-154,PHC-NSK-07,nurse_nsk_07,FALSE,Routine UIP session.
NSK-2026-0139,Penta,1,Pentavalent-1 (6 Weeks),2026-04-28,2026-05-01,3,UIP-NSK-202605-PENTA-787,PHC-NSK-07,nurse_nsk_07,FALSE,Routine UIP session.
NSK-2026-0139,Rota,1,Rotavirus-1 (6 Weeks),2026-04-28,2026-05-01,3,UIP-NSK-202605-ROTA-813,PHC-NSK-07,nurse_nsk_07,FALSE,Routine UIP session.
NSK-2026-0139,PCV,1,PCV-1 (6 Weeks),2026-04-28,2026-04-28,0,UIP-NSK-202604-PCV-354,PHC-NSK-07,nurse_nsk_07,FALSE,Routine UIP session.
NSK-2026-0139,OPV,3,OPV-2 (10 Weeks),2026-05-26,2026-05-28,2,UIP-NSK-202605-OPV-244,PHC-NSK-07,nurse_nsk_07,FALSE,Routine UIP session.
NSK-2026-0139,Penta,2,Pentavalent-2 (10 Weeks),2026-05-26,2026-05-29,3,UIP-NSK-202605-PENTA-435,PHC-NSK-07,nurse_nsk_07,TRUE,Mild fever and local swelling; resolved in 48 hours.
NSK-2026-0139,Rota,2,Rotavirus-2 (10 Weeks),2026-05-26,2026-05-29,3,UIP-NSK-202605-ROTA-664,PHC-NSK-07,nurse_nsk_07,FALSE,Routine UIP session.
NSK-2026-0139,OPV,4,OPV-3 (14 Weeks),2026-06-23,2026-06-25,2,UIP-NSK-202606-OPV-245,PHC-NSK-07,nurse_nsk_07,FALSE,Routine UIP session.
NSK-2026-0139,Penta,3,Pentavalent-3 (14 Weeks),2026-06-23,2026-06-26,3,UIP-NSK-202606-PENTA-457,PHC-NSK-07,nurse_nsk_07,FALSE,Routine UIP session.
NSK-2026-0139,Rota,3,Rotavirus-3 (14 Weeks),2026-06-23,2026-06-26,3,UIP-NSK-202606-ROTA-962,PHC-NSK-07,nurse_nsk_07,FALSE,Routine UIP session.
NSK-2026-0139,fIPV,2,fIPV-2 (14 Weeks),2026-06-23,2026-06-23,0,UIP-NSK-202606-FIPV-559,PHC-NSK-07,nurse_nsk_07,FALSE,Routine UIP session.
NSK-2026-0139,PCV,2,PCV-2 (14 Weeks),2026-06-23,2026-06-23,0,UIP-NSK-202606-PCV-100,PHC-NSK-07,nurse_nsk_07,FALSE,Routine UIP session.
NSK-2026-0140,BCG,1,BCG (At Birth),2026-03-26,2026-03-26,0,UIP-NSK-202603-BCG-913,PHC-NSK-02,nurse_nsk_02,FALSE,Administered at hospital after delivery.
NSK-2026-0140,OPV,1,OPV Zero Dose (At Birth),2026-03-26,2026-03-26,0,UIP-NSK-202603-OPV-974,PHC-NSK-02,nurse_nsk_02,FALSE,Administered at hospital after delivery.
NSK-2026-0140,HepB,1,Hepatitis B Birth Dose,2026-03-26,2026-03-26,0,UIP-NSK-202603-HEPB-902,PHC-NSK-02,nurse_nsk_02,FALSE,Administered at hospital after delivery.
NSK-2026-0140,OPV,2,OPV-1 (6 Weeks),2026-05-07,2026-05-07,0,UIP-NSK-202605-OPV-796,PHC-NSK-02,nurse_nsk_02,FALSE,Routine UIP session.
NSK-2026-0140,Penta,1,Pentavalent-1 (6 Weeks),2026-05-07,2026-05-07,0,UIP-NSK-202605-PENTA-468,PHC-NSK-02,nurse_nsk_02,FALSE,Routine UIP session.
NSK-2026-0140,Rota,1,Rotavirus-1 (6 Weeks),2026-05-07,2026-05-07,0,UIP-NSK-202605-ROTA-559,PHC-NSK-08,nurse_nsk_08,FALSE,Routine UIP session.
NSK-2026-0140,fIPV,1,fIPV-1 (6 Weeks),2026-05-07,2026-05-07,0,UIP-NSK-202605-FIPV-821,PHC-NSK-02,nurse_nsk_02,FALSE,Routine UIP session.
NSK-2026-0140,PCV,1,PCV-1 (6 Weeks),2026-05-07,2026-05-07,0,UIP-NSK-202605-PCV-426,PHC-NSK-02,nurse_nsk_02,FALSE,Routine UIP session.
NSK-2026-0140,OPV,3,OPV-2 (10 Weeks),2026-06-04,2026-06-13,9,UIP-NSK-202606-OPV-276,PHC-NSK-02,nurse_nsk_02,FALSE,Routine UIP session.
NSK-2026-0140,Penta,2,Pentavalent-2 (10 Weeks),2026-06-04,2026-06-04,0,UIP-NSK-202606-PENTA-183,PHC-NSK-02,nurse_nsk_02,FALSE,Routine UIP session.
NSK-2026-0140,Rota,2,Rotavirus-2 (10 Weeks),2026-06-04,2026-06-04,0,UIP-NSK-202606-ROTA-635,PHC-NSK-02,nurse_nsk_02,FALSE,Routine UIP session.
NSK-2026-0140,OPV,4,OPV-3 (14 Weeks),2026-07-02,2026-07-11,9,UIP-NSK-202607-OPV-573,PHC-NSK-02,nurse_nsk_02,FALSE,Routine UIP session.
NSK-2026-0140,Penta,3,Pentavalent-3 (14 Weeks),2026-07-02,2026-07-02,0,UIP-NSK-202607-PENTA-305,PHC-NSK-02,nurse_nsk_02,FALSE,Routine UIP session.
NSK-2026-0140,Rota,3,Rotavirus-3 (14 Weeks),2026-07-02,2026-07-02,0,UIP-NSK-202607-ROTA-620,PHC-NSK-02,nurse_nsk_02,FALSE,Routine UIP session.
NSK-2026-0140,fIPV,2,fIPV-2 (14 Weeks),2026-07-02,2026-07-02,0,UIP-NSK-202607-FIPV-405,PHC-NSK-02,nurse_nsk_02,FALSE,Routine UIP session.
NSK-2026-0140,PCV,2,PCV-2 (14 Weeks),2026-07-02,2026-07-04,2,UIP-NSK-202607-PCV-946,PHC-NSK-02,nurse_nsk_02,FALSE,Routine UIP session.
NSK-2026-0141,BCG,1,BCG (At Birth),2026-09-13,2026-09-13,0,UIP-NSK-202609-BCG-170,PHC-NSK-03,nurse_nsk_03,FALSE,Administered at hospital after delivery.
NSK-2026-0141,OPV,1,OPV Zero Dose (At Birth),2026-09-13,2026-09-13,0,UIP-NSK-202609-OPV-153,PHC-NSK-03,nurse_nsk_03,FALSE,Administered at hospital after delivery.
NSK-2026-0141,HepB,1,Hepatitis B Birth Dose,2026-09-13,2026-09-13,0,UIP-NSK-202609-HEPB-968,PHC-NSK-03,nurse_nsk_03,FALSE,Administered at hospital after delivery.
NSK-2026-0142,BCG,1,BCG (At Birth),2026-04-30,2026-04-30,0,UIP-NSK-202604-BCG-713,PHC-NSK-08,nurse_nsk_08,FALSE,Administered at hospital after delivery.
NSK-2026-0142,OPV,1,OPV Zero Dose (At Birth),2026-04-30,2026-04-30,0,UIP-NSK-202604-OPV-781,PHC-NSK-08,nurse_nsk_08,FALSE,Administered at hospital after delivery.
NSK-2026-0142,HepB,1,Hepatitis B Birth Dose,2026-04-30,2026-04-30,0,UIP-NSK-202604-HEPB-862,PHC-NSK-08,nurse_nsk_08,FALSE,Administered at hospital after delivery.
NSK-2026-0142,OPV,2,OPV-1 (6 Weeks),2026-06-11,2026-06-11,0,UIP-NSK-202606-OPV-262,PHC-NSK-05,nurse_nsk_05,FALSE,Routine UIP session.
NSK-2026-0142,Penta,1,Pentavalent-1 (6 Weeks),2026-06-11,2026-06-11,0,UIP-NSK-202606-PENTA-727,PHC-NSK-08,nurse_nsk_08,FALSE,Routine UIP session.
NSK-2026-0142,Rota,1,Rotavirus-1 (6 Weeks),2026-06-11,2026-06-11,0,UIP-NSK-202606-ROTA-199,PHC-NSK-08,nurse_nsk_08,FALSE,Routine UIP session.
NSK-2026-0142,fIPV,1,fIPV-1 (6 Weeks),2026-06-11,2026-06-12,1,UIP-NSK-202606-FIPV-412,PHC-NSK-08,nurse_nsk_08,FALSE,Routine UIP session.
NSK-2026-0142,PCV,1,PCV-1 (6 Weeks),2026-06-11,2026-06-11,0,UIP-NSK-202606-PCV-593,PHC-NSK-08,nurse_nsk_08,FALSE,Routine UIP session.
NSK-2026-0142,OPV,3,OPV-2 (10 Weeks),2026-07-09,2026-07-09,0,UIP-NSK-202607-OPV-801,PHC-NSK-08,nurse_nsk_08,FALSE,Routine UIP session.
NSK-2026-0142,Penta,2,Pentavalent-2 (10 Weeks),2026-07-09,2026-07-09,0,UIP-NSK-202607-PENTA-474,PHC-NSK-08,nurse_nsk_08,FALSE,Routine UIP session.
NSK-2026-0142,OPV,4,OPV-3 (14 Weeks),2026-08-06,2026-08-06,0,UIP-NSK-202608-OPV-210,PHC-NSK-08,nurse_nsk_08,FALSE,Routine UIP session.
NSK-2026-0142,Penta,3,Pentavalent-3 (14 Weeks),2026-08-06,2026-08-06,0,UIP-NSK-202608-PENTA-521,PHC-NSK-08,nurse_nsk_08,FALSE,Routine UIP session.
NSK-2026-0142,Rota,3,Rotavirus-3 (14 Weeks),2026-08-06,2026-08-06,0,UIP-NSK-202608-ROTA-136,PHC-NSK-08,nurse_nsk_08,FALSE,Routine UIP session.
NSK-2026-0142,fIPV,2,fIPV-2 (14 Weeks),2026-08-06,2026-08-06,0,UIP-NSK-202608-FIPV-966,PHC-NSK-08,nurse_nsk_08,FALSE,Routine UIP session.
NSK-2026-0142,PCV,2,PCV-2 (14 Weeks),2026-08-06,2026-08-08,2,UIP-NSK-202608-PCV-315,PHC-NSK-08,nurse_nsk_08,FALSE,Routine UIP session.
NSK-2026-0143,BCG,1,BCG (At Birth),2026-02-23,2026-02-23,0,UIP-NSK-202602-BCG-381,PHC-NSK-01,nurse_nsk_01,FALSE,Administered at hospital after delivery.
NSK-2026-0143,OPV,1,OPV Zero Dose (At Birth),2026-02-23,2026-02-23,0,UIP-NSK-202602-OPV-466,PHC-NSK-01,nurse_nsk_01,FALSE,Administered at hospital after delivery.
NSK-2026-0143,OPV,2,OPV-1 (6 Weeks),2026-04-06,2026-04-09,3,UIP-NSK-202604-OPV-320,PHC-NSK-01,nurse_nsk_01,FALSE,Routine UIP session.
NSK-2026-0143,Penta,1,Pentavalent-1 (6 Weeks),2026-04-06,2026-04-16,10,UIP-NSK-202604-PENTA-910,PHC-NSK-01,nurse_nsk_01,FALSE,Routine UIP session.
NSK-2026-0143,Rota,1,Rotavirus-1 (6 Weeks),2026-04-06,2026-04-13,7,UIP-NSK-202604-ROTA-391,PHC-NSK-06,nurse_nsk_06,FALSE,Routine UIP session.
NSK-2026-0143,fIPV,1,fIPV-1 (6 Weeks),2026-04-06,2026-04-11,5,UIP-NSK-202604-FIPV-100,PHC-NSK-01,nurse_nsk_01,FALSE,Routine UIP session.
NSK-2026-0143,PCV,1,PCV-1 (6 Weeks),2026-04-06,2026-04-12,6,UIP-NSK-202604-PCV-521,PHC-NSK-01,nurse_nsk_01,FALSE,Routine UIP session.
NSK-2026-0143,OPV,3,OPV-2 (10 Weeks),2026-05-04,2026-05-14,10,UIP-NSK-202605-OPV-311,PHC-NSK-01,nurse_nsk_01,FALSE,Routine UIP session.
NSK-2026-0143,Penta,2,Pentavalent-2 (10 Weeks),2026-05-04,2026-05-19,15,UIP-NSK-202605-PENTA-560,PHC-NSK-01,nurse_nsk_01,FALSE,Routine UIP session.
NSK-2026-0143,Rota,2,Rotavirus-2 (10 Weeks),2026-05-04,2026-05-16,12,UIP-NSK-202605-ROTA-364,PHC-NSK-01,nurse_nsk_01,FALSE,Routine UIP session.
NSK-2026-0143,OPV,4,OPV-3 (14 Weeks),2026-06-01,2026-06-11,10,UIP-NSK-202606-OPV-230,PHC-NSK-01,nurse_nsk_01,TRUE,Mild fever and local swelling; resolved in 48 hours.
NSK-2026-0143,Rota,3,Rotavirus-3 (14 Weeks),2026-06-01,2026-06-13,12,UIP-NSK-202606-ROTA-812,PHC-NSK-01,nurse_nsk_01,FALSE,Routine UIP session.
NSK-2026-0143,fIPV,2,fIPV-2 (14 Weeks),2026-06-01,2026-06-17,16,UIP-NSK-202606-FIPV-428,PHC-NSK-01,nurse_nsk_01,FALSE,Routine UIP session.
NSK-2026-0143,PCV,2,PCV-2 (14 Weeks),2026-06-01,2026-06-07,6,UIP-NSK-202606-PCV-586,PHC-NSK-01,nurse_nsk_01,FALSE,Routine UIP session.
NSK-2026-0144,BCG,1,BCG (At Birth),2026-04-04,2026-04-04,0,UIP-NSK-202604-BCG-460,PHC-NSK-05,nurse_nsk_05,FALSE,Administered at hospital after delivery.
NSK-2026-0144,OPV,1,OPV Zero Dose (At Birth),2026-04-04,2026-04-07,3,UIP-NSK-202604-OPV-191,PHC-NSK-05,nurse_nsk_05,FALSE,Routine UIP session.
NSK-2026-0144,HepB,1,Hepatitis B Birth Dose,2026-04-04,2026-04-04,0,UIP-NSK-202604-HEPB-276,PHC-NSK-05,nurse_nsk_05,FALSE,Administered at hospital after delivery.
NSK-2026-0144,OPV,2,OPV-1 (6 Weeks),2026-05-16,2026-05-18,2,UIP-NSK-202605-OPV-917,PHC-NSK-05,nurse_nsk_05,FALSE,Routine UIP session.
NSK-2026-0144,Rota,1,Rotavirus-1 (6 Weeks),2026-05-16,2026-05-17,1,UIP-NSK-202605-ROTA-790,PHC-NSK-05,nurse_nsk_05,FALSE,Routine UIP session.
NSK-2026-0144,fIPV,1,fIPV-1 (6 Weeks),2026-05-16,2026-05-16,0,UIP-NSK-202605-FIPV-822,PHC-NSK-05,nurse_nsk_05,FALSE,Routine UIP session.
NSK-2026-0144,PCV,1,PCV-1 (6 Weeks),2026-05-16,2026-05-16,0,UIP-NSK-202605-PCV-768,PHC-NSK-05,nurse_nsk_05,FALSE,Routine UIP session.
NSK-2026-0144,OPV,3,OPV-2 (10 Weeks),2026-06-13,2026-06-15,2,UIP-NSK-202606-OPV-329,PHC-NSK-05,nurse_nsk_05,FALSE,Routine UIP session.
NSK-2026-0144,Rota,2,Rotavirus-2 (10 Weeks),2026-06-13,2026-06-14,1,UIP-NSK-202606-ROTA-719,PHC-NSK-05,nurse_nsk_05,FALSE,Routine UIP session.
NSK-2026-0144,OPV,4,OPV-3 (14 Weeks),2026-07-11,2026-07-13,2,UIP-NSK-202607-OPV-667,PHC-NSK-05,nurse_nsk_05,FALSE,Routine UIP session.
NSK-2026-0144,Penta,3,Pentavalent-3 (14 Weeks),2026-07-11,2026-07-11,0,UIP-NSK-202607-PENTA-171,PHC-NSK-05,nurse_nsk_05,FALSE,Routine UIP session.
NSK-2026-0144,Rota,3,Rotavirus-3 (14 Weeks),2026-07-11,2026-07-12,1,UIP-NSK-202607-ROTA-476,PHC-NSK-05,nurse_nsk_05,FALSE,Routine UIP session.
NSK-2026-0144,fIPV,2,fIPV-2 (14 Weeks),2026-07-11,2026-07-11,0,UIP-NSK-202607-FIPV-511,PHC-NSK-05,nurse_nsk_05,FALSE,Routine UIP session.
NSK-2026-0145,BCG,1,BCG (At Birth),2026-01-28,2026-01-28,0,UIP-NSK-202601-BCG-354,PHC-NSK-05,nurse_nsk_05,FALSE,Administered at hospital after delivery.
NSK-2026-0145,OPV,1,OPV Zero Dose (At Birth),2026-01-28,2026-01-28,0,UIP-NSK-202601-OPV-377,PHC-NSK-05,nurse_nsk_05,FALSE,Administered at hospital after delivery.
NSK-2026-0145,HepB,1,Hepatitis B Birth Dose,2026-01-28,2026-01-28,0,UIP-NSK-202601-HEPB-982,PHC-NSK-05,nurse_nsk_05,FALSE,Administered at hospital after delivery.
NSK-2026-0145,Rota,1,Rotavirus-1 (6 Weeks),2026-03-11,2026-04-12,32,UIP-NSK-202604-ROTA-748,PHC-NSK-05,nurse_nsk_05,FALSE,Routine UIP session.
NSK-2026-0145,fIPV,1,fIPV-1 (6 Weeks),2026-03-11,2026-04-10,30,UIP-NSK-202604-FIPV-538,PHC-NSK-05,nurse_nsk_05,FALSE,Routine UIP session.
NSK-2026-0145,PCV,1,PCV-1 (6 Weeks),2026-03-11,2026-05-04,54,UIP-NSK-202605-PCV-521,PHC-NSK-05,nurse_nsk_05,FALSE,Routine UIP session.
NSK-2026-0145,PCV,2,PCV-2 (14 Weeks),2026-05-06,2026-06-29,54,UIP-NSK-202606-PCV-559,PHC-NSK-05,nurse_nsk_05,FALSE,Routine UIP session.
NSK-2026-0146,BCG,1,BCG (At Birth),2026-03-24,2026-03-24,0,UIP-NSK-202603-BCG-277,PHC-NSK-03,nurse_nsk_03,FALSE,Administered at hospital after delivery.
NSK-2026-0146,OPV,1,OPV Zero Dose (At Birth),2026-03-24,2026-03-24,0,UIP-NSK-202603-OPV-808,PHC-NSK-03,nurse_nsk_03,FALSE,Administered at hospital after delivery.
NSK-2026-0146,HepB,1,Hepatitis B Birth Dose,2026-03-24,2026-03-24,0,UIP-NSK-202603-HEPB-133,PHC-NSK-03,nurse_nsk_03,FALSE,Administered at hospital after delivery.
NSK-2026-0146,OPV,2,OPV-1 (6 Weeks),2026-05-05,2026-05-05,0,UIP-NSK-202605-OPV-314,PHC-NSK-03,nurse_nsk_03,FALSE,Routine UIP session.
NSK-2026-0146,Penta,1,Pentavalent-1 (6 Weeks),2026-05-05,2026-05-05,0,UIP-NSK-202605-PENTA-982,PHC-NSK-03,nurse_nsk_03,FALSE,Routine UIP session.
NSK-2026-0146,Rota,1,Rotavirus-1 (6 Weeks),2026-05-05,2026-05-05,0,UIP-NSK-202605-ROTA-444,PHC-NSK-03,nurse_nsk_03,FALSE,Routine UIP session.
NSK-2026-0146,fIPV,1,fIPV-1 (6 Weeks),2026-05-05,2026-05-05,0,UIP-NSK-202605-FIPV-534,PHC-NSK-03,nurse_nsk_03,FALSE,Routine UIP session.
NSK-2026-0146,PCV,1,PCV-1 (6 Weeks),2026-05-05,2026-05-05,0,UIP-NSK-202605-PCV-203,PHC-NSK-03,nurse_nsk_03,FALSE,Routine UIP session.
NSK-2026-0146,OPV,3,OPV-2 (10 Weeks),2026-06-02,2026-06-02,0,UIP-NSK-202606-OPV-324,PHC-NSK-03,nurse_nsk_03,FALSE,Routine UIP session.
NSK-2026-0146,Penta,2,Pentavalent-2 (10 Weeks),2026-06-02,2026-06-03,1,UIP-NSK-202606-PENTA-103,PHC-NSK-03,nurse_nsk_03,FALSE,Routine UIP session.
NSK-2026-0146,Rota,2,Rotavirus-2 (10 Weeks),2026-06-02,2026-06-02,0,UIP-NSK-202606-ROTA-212,PHC-NSK-03,nurse_nsk_03,FALSE,Routine UIP session.
NSK-2026-0146,OPV,4,OPV-3 (14 Weeks),2026-06-30,2026-07-02,2,UIP-NSK-202607-OPV-737,PHC-NSK-03,nurse_nsk_03,FALSE,Routine UIP session.
NSK-2026-0146,Penta,3,Pentavalent-3 (14 Weeks),2026-06-30,2026-07-01,1,UIP-NSK-202607-PENTA-360,PHC-NSK-03,nurse_nsk_03,FALSE,Routine UIP session.
NSK-2026-0146,Rota,3,Rotavirus-3 (14 Weeks),2026-06-30,2026-06-30,0,UIP-NSK-202606-ROTA-240,PHC-NSK-05,nurse_nsk_05,FALSE,Routine UIP session.
NSK-2026-0146,fIPV,2,fIPV-2 (14 Weeks),2026-06-30,2026-06-30,0,UIP-NSK-202606-FIPV-455,PHC-NSK-03,nurse_nsk_03,FALSE,Routine UIP session.
NSK-2026-0146,PCV,2,PCV-2 (14 Weeks),2026-06-30,2026-06-30,0,UIP-NSK-202606-PCV-893,PHC-NSK-03,nurse_nsk_03,FALSE,Routine UIP session.
NSK-2026-0147,BCG,1,BCG (At Birth),2026-04-22,2026-04-22,0,UIP-NSK-202604-BCG-140,PHC-NSK-09,nurse_nsk_09,FALSE,Administered at hospital after delivery.
NSK-2026-0147,OPV,1,OPV Zero Dose (At Birth),2026-04-22,2026-04-22,0,UIP-NSK-202604-OPV-698,PHC-NSK-09,nurse_nsk_09,FALSE,Administered at hospital after delivery.
NSK-2026-0147,HepB,1,Hepatitis B Birth Dose,2026-04-22,2026-04-22,0,UIP-NSK-202604-HEPB-594,PHC-NSK-09,nurse_nsk_09,FALSE,Administered at hospital after delivery.
NSK-2026-0147,Penta,1,Pentavalent-1 (6 Weeks),2026-06-03,2026-06-08,5,UIP-NSK-202606-PENTA-558,PHC-NSK-09,nurse_nsk_09,FALSE,Routine UIP session.
NSK-2026-0147,Rota,1,Rotavirus-1 (6 Weeks),2026-06-03,2026-06-11,8,UIP-NSK-202606-ROTA-449,PHC-NSK-09,nurse_nsk_09,FALSE,Routine UIP session.
NSK-2026-0147,fIPV,1,fIPV-1 (6 Weeks),2026-06-03,2026-06-16,13,UIP-NSK-202606-FIPV-921,PHC-NSK-09,nurse_nsk_09,FALSE,Routine UIP session.
NSK-2026-0147,PCV,1,PCV-1 (6 Weeks),2026-06-03,2026-06-09,6,UIP-NSK-202606-PCV-216,PHC-NSK-09,nurse_nsk_09,FALSE,Routine UIP session.
NSK-2026-0147,OPV,3,OPV-2 (10 Weeks),2026-07-01,2026-07-12,11,UIP-NSK-202607-OPV-553,PHC-NSK-09,nurse_nsk_09,FALSE,Routine UIP session.
NSK-2026-0147,Rota,2,Rotavirus-2 (10 Weeks),2026-07-01,2026-07-09,8,UIP-NSK-202607-ROTA-479,PHC-NSK-09,nurse_nsk_09,FALSE,Routine UIP session.
NSK-2026-0147,OPV,4,OPV-3 (14 Weeks),2026-07-29,2026-08-11,13,UIP-NSK-202608-OPV-172,PHC-NSK-10,nurse_nsk_10,FALSE,Routine UIP session.
NSK-2026-0147,Rota,3,Rotavirus-3 (14 Weeks),2026-07-29,2026-08-06,8,UIP-NSK-202608-ROTA-564,PHC-NSK-09,nurse_nsk_09,FALSE,Routine UIP session.
NSK-2026-0147,fIPV,2,fIPV-2 (14 Weeks),2026-07-29,2026-08-03,5,UIP-NSK-202608-FIPV-649,PHC-NSK-09,nurse_nsk_09,FALSE,Routine UIP session.
NSK-2026-0147,PCV,2,PCV-2 (14 Weeks),2026-07-29,2026-08-01,3,UIP-NSK-202608-PCV-445,PHC-NSK-09,nurse_nsk_09,FALSE,Routine UIP session.
NSK-2026-0148,BCG,1,BCG (At Birth),2026-03-13,2026-03-15,2,UIP-NSK-202603-BCG-230,PHC-NSK-10,nurse_nsk_10,FALSE,Routine UIP session.
NSK-2026-0148,OPV,1,OPV Zero Dose (At Birth),2026-03-13,2026-03-13,0,UIP-NSK-202603-OPV-705,PHC-NSK-10,nurse_nsk_10,FALSE,Administered at hospital after delivery.
NSK-2026-0148,HepB,1,Hepatitis B Birth Dose,2026-03-13,2026-03-13,0,UIP-NSK-202603-HEPB-538,PHC-NSK-10,nurse_nsk_10,FALSE,Administered at hospital after delivery.
NSK-2026-0148,OPV,2,OPV-1 (6 Weeks),2026-04-24,2026-04-28,4,UIP-NSK-202604-OPV-393,PHC-NSK-10,nurse_nsk_10,FALSE,Routine UIP session.
NSK-2026-0148,Penta,1,Pentavalent-1 (6 Weeks),2026-04-24,2026-04-24,0,UIP-NSK-202604-PENTA-785,PHC-NSK-10,nurse_nsk_10,FALSE,Routine UIP session.
NSK-2026-0148,Rota,1,Rotavirus-1 (6 Weeks),2026-04-24,2026-04-26,2,UIP-NSK-202604-ROTA-562,PHC-NSK-10,nurse_nsk_10,FALSE,Routine UIP session.
NSK-2026-0148,fIPV,1,fIPV-1 (6 Weeks),2026-04-24,2026-04-24,0,UIP-NSK-202604-FIPV-406,PHC-NSK-10,nurse_nsk_10,FALSE,Routine UIP session.
NSK-2026-0148,PCV,1,PCV-1 (6 Weeks),2026-04-24,2026-04-24,0,UIP-NSK-202604-PCV-923,PHC-NSK-10,nurse_nsk_10,FALSE,Routine UIP session.
NSK-2026-0148,OPV,3,OPV-2 (10 Weeks),2026-05-22,2026-05-26,4,UIP-NSK-202605-OPV-815,PHC-NSK-10,nurse_nsk_10,FALSE,Routine UIP session.
NSK-2026-0148,Penta,2,Pentavalent-2 (10 Weeks),2026-05-22,2026-05-22,0,UIP-NSK-202605-PENTA-843,PHC-NSK-10,nurse_nsk_10,FALSE,Routine UIP session.
NSK-2026-0148,Rota,2,Rotavirus-2 (10 Weeks),2026-05-22,2026-05-24,2,UIP-NSK-202605-ROTA-998,PHC-NSK-10,nurse_nsk_10,FALSE,Routine UIP session.
NSK-2026-0148,OPV,4,OPV-3 (14 Weeks),2026-06-19,2026-06-23,4,UIP-NSK-202606-OPV-660,PHC-NSK-10,nurse_nsk_10,FALSE,Routine UIP session.
NSK-2026-0148,Penta,3,Pentavalent-3 (14 Weeks),2026-06-19,2026-06-19,0,UIP-NSK-202606-PENTA-962,PHC-NSK-06,nurse_nsk_06,FALSE,Routine UIP session.
NSK-2026-0148,Rota,3,Rotavirus-3 (14 Weeks),2026-06-19,2026-06-21,2,UIP-NSK-202606-ROTA-884,PHC-NSK-10,nurse_nsk_10,FALSE,Routine UIP session.
NSK-2026-0148,fIPV,2,fIPV-2 (14 Weeks),2026-06-19,2026-06-19,0,UIP-NSK-202606-FIPV-241,PHC-NSK-10,nurse_nsk_10,FALSE,Routine UIP session.
NSK-2026-0148,PCV,2,PCV-2 (14 Weeks),2026-06-19,2026-06-22,3,UIP-NSK-202606-PCV-989,PHC-NSK-10,nurse_nsk_10,FALSE,Routine UIP session.
NSK-2026-0149,BCG,1,BCG (At Birth),2026-01-10,2026-01-10,0,UIP-NSK-202601-BCG-509,PHC-NSK-02,nurse_nsk_02,FALSE,Administered at hospital after delivery.
NSK-2026-0149,OPV,1,OPV Zero Dose (At Birth),2026-01-10,2026-01-10,0,UIP-NSK-202601-OPV-406,PHC-NSK-02,nurse_nsk_02,FALSE,Administered at hospital after delivery.
NSK-2026-0149,HepB,1,Hepatitis B Birth Dose,2026-01-10,2026-01-10,0,UIP-NSK-202601-HEPB-918,PHC-NSK-10,nurse_nsk_10,FALSE,Administered at hospital after delivery.
NSK-2026-0149,OPV,2,OPV-1 (6 Weeks),2026-02-21,2026-02-22,1,UIP-NSK-202602-OPV-339,PHC-NSK-02,nurse_nsk_02,FALSE,Routine UIP session.
NSK-2026-0149,Penta,1,Pentavalent-1 (6 Weeks),2026-02-21,2026-02-21,0,UIP-NSK-202602-PENTA-599,PHC-NSK-02,nurse_nsk_02,FALSE,Routine UIP session.
NSK-2026-0149,Rota,1,Rotavirus-1 (6 Weeks),2026-02-21,2026-02-21,0,UIP-NSK-202602-ROTA-394,PHC-NSK-04,nurse_nsk_04,FALSE,Routine UIP session.
NSK-2026-0149,fIPV,1,fIPV-1 (6 Weeks),2026-02-21,2026-02-21,0,UIP-NSK-202602-FIPV-403,PHC-NSK-02,nurse_nsk_02,FALSE,Routine UIP session.
NSK-2026-0149,PCV,1,PCV-1 (6 Weeks),2026-02-21,2026-02-21,0,UIP-NSK-202602-PCV-742,PHC-NSK-02,nurse_nsk_02,FALSE,Routine UIP session.
NSK-2026-0149,OPV,3,OPV-2 (10 Weeks),2026-03-21,2026-03-22,1,UIP-NSK-202603-OPV-421,PHC-NSK-02,nurse_nsk_02,FALSE,Routine UIP session.
NSK-2026-0149,Penta,2,Pentavalent-2 (10 Weeks),2026-03-21,2026-03-21,0,UIP-NSK-202603-PENTA-625,PHC-NSK-02,nurse_nsk_02,FALSE,Routine UIP session.
NSK-2026-0149,Rota,2,Rotavirus-2 (10 Weeks),2026-03-21,2026-03-21,0,UIP-NSK-202603-ROTA-881,PHC-NSK-02,nurse_nsk_02,FALSE,Routine UIP session.
NSK-2026-0149,OPV,4,OPV-3 (14 Weeks),2026-04-18,2026-04-19,1,UIP-NSK-202604-OPV-610,PHC-NSK-03,nurse_nsk_03,FALSE,Routine UIP session.
NSK-2026-0149,Penta,3,Pentavalent-3 (14 Weeks),2026-04-18,2026-04-21,3,UIP-NSK-202604-PENTA-306,PHC-NSK-08,nurse_nsk_08,FALSE,Routine UIP session.
NSK-2026-0149,Rota,3,Rotavirus-3 (14 Weeks),2026-04-18,2026-04-18,0,UIP-NSK-202604-ROTA-543,PHC-NSK-02,nurse_nsk_02,FALSE,Routine UIP session.
NSK-2026-0149,fIPV,2,fIPV-2 (14 Weeks),2026-04-18,2026-04-18,0,UIP-NSK-202604-FIPV-767,PHC-NSK-02,nurse_nsk_02,FALSE,Routine UIP session.
NSK-2026-0149,PCV,2,PCV-2 (14 Weeks),2026-04-18,2026-04-27,9,UIP-NSK-202604-PCV-510,PHC-NSK-02,nurse_nsk_02,FALSE,Routine UIP session.
NSK-2026-0150,BCG,1,BCG (At Birth),2026-01-26,2026-01-26,0,UIP-NSK-202601-BCG-212,PHC-NSK-08,nurse_nsk_08,FALSE,Administered at hospital after delivery.
NSK-2026-0150,OPV,1,OPV Zero Dose (At Birth),2026-01-26,2026-01-26,0,UIP-NSK-202601-OPV-244,PHC-NSK-08,nurse_nsk_08,FALSE,Administered at hospital after delivery.
NSK-2026-0150,HepB,1,Hepatitis B Birth Dose,2026-01-26,2026-01-26,0,UIP-NSK-202601-HEPB-354,PHC-NSK-08,nurse_nsk_08,FALSE,Administered at hospital after delivery.
NSK-2026-0150,OPV,2,OPV-1 (6 Weeks),2026-03-09,2026-03-09,0,UIP-NSK-202603-OPV-859,PHC-NSK-08,nurse_nsk_08,FALSE,Routine UIP session.
NSK-2026-0150,Penta,1,Pentavalent-1 (6 Weeks),2026-03-09,2026-03-09,0,UIP-NSK-202603-PENTA-500,PHC-NSK-06,nurse_nsk_06,FALSE,Routine UIP session.
NSK-2026-0150,Rota,1,Rotavirus-1 (6 Weeks),2026-03-09,2026-03-09,0,UIP-NSK-202603-ROTA-702,PHC-NSK-08,nurse_nsk_08,FALSE,Routine UIP session.
NSK-2026-0150,fIPV,1,fIPV-1 (6 Weeks),2026-03-09,2026-03-11,2,UIP-NSK-202603-FIPV-802,PHC-NSK-08,nurse_nsk_08,FALSE,Routine UIP session.
NSK-2026-0150,PCV,1,PCV-1 (6 Weeks),2026-03-09,2026-03-09,0,UIP-NSK-202603-PCV-697,PHC-NSK-08,nurse_nsk_08,FALSE,Routine UIP session.
NSK-2026-0150,OPV,3,OPV-2 (10 Weeks),2026-04-06,2026-04-06,0,UIP-NSK-202604-OPV-512,PHC-NSK-08,nurse_nsk_08,FALSE,Routine UIP session.
NSK-2026-0150,Penta,2,Pentavalent-2 (10 Weeks),2026-04-06,2026-04-09,3,UIP-NSK-202604-PENTA-113,PHC-NSK-08,nurse_nsk_08,FALSE,Routine UIP session.
NSK-2026-0150,Rota,2,Rotavirus-2 (10 Weeks),2026-04-06,2026-04-07,1,UIP-NSK-202604-ROTA-213,PHC-NSK-08,nurse_nsk_08,FALSE,Routine UIP session.
NSK-2026-0150,OPV,4,OPV-3 (14 Weeks),2026-05-04,2026-05-12,8,UIP-NSK-202605-OPV-512,PHC-NSK-08,nurse_nsk_08,FALSE,Routine UIP session.
NSK-2026-0150,Penta,3,Pentavalent-3 (14 Weeks),2026-05-04,2026-05-07,3,UIP-NSK-202605-PENTA-340,PHC-NSK-08,nurse_nsk_08,FALSE,Routine UIP session.
NSK-2026-0150,Rota,3,Rotavirus-3 (14 Weeks),2026-05-04,2026-05-05,1,UIP-NSK-202605-ROTA-567,PHC-NSK-08,nurse_nsk_08,FALSE,Routine UIP session.
NSK-2026-0150,fIPV,2,fIPV-2 (14 Weeks),2026-05-04,2026-05-07,3,UIP-NSK-202605-FIPV-347,PHC-NSK-08,nurse_nsk_08,FALSE,Routine UIP session.
NSK-2026-0150,PCV,2,PCV-2 (14 Weeks),2026-05-04,2026-05-04,0,UIP-NSK-202605-PCV-197,PHC-NSK-08,nurse_nsk_08,FALSE,Routine UIP session.
NSK-2026-0151,BCG,1,BCG (At Birth),2026-08-14,2026-08-14,0,UIP-NSK-202608-BCG-143,PHC-NSK-05,nurse_nsk_05,FALSE,Administered at hospital after delivery.
NSK-2026-0151,OPV,1,OPV Zero Dose (At Birth),2026-08-14,2026-08-14,0,UIP-NSK-202608-OPV-767,PHC-NSK-05,nurse_nsk_05,FALSE,Administered at hospital after delivery.
NSK-2026-0151,HepB,1,Hepatitis B Birth Dose,2026-08-14,2026-08-14,0,UIP-NSK-202608-HEPB-652,PHC-NSK-05,nurse_nsk_05,FALSE,Administered at hospital after delivery.
NSK-2026-0151,OPV,2,OPV-1 (6 Weeks),2026-09-25,2026-09-27,2,UIP-NSK-202609-OPV-887,PHC-NSK-04,nurse_nsk_04,FALSE,Routine UIP session.
NSK-2026-0151,Penta,1,Pentavalent-1 (6 Weeks),2026-09-25,2026-09-28,3,UIP-NSK-202609-PENTA-166,PHC-NSK-05,nurse_nsk_05,FALSE,Routine UIP session.
NSK-2026-0151,Rota,1,Rotavirus-1 (6 Weeks),2026-09-25,2026-09-25,0,UIP-NSK-202609-ROTA-243,PHC-NSK-05,nurse_nsk_05,FALSE,Routine UIP session.
NSK-2026-0151,fIPV,1,fIPV-1 (6 Weeks),2026-09-25,2026-09-25,0,UIP-NSK-202609-FIPV-845,PHC-NSK-05,nurse_nsk_05,FALSE,Routine UIP session.
NSK-2026-0151,PCV,1,PCV-1 (6 Weeks),2026-09-25,2026-09-25,0,UIP-NSK-202609-PCV-387,PHC-NSK-05,nurse_nsk_05,FALSE,Routine UIP session.
NSK-2026-0152,BCG,1,BCG (At Birth),2026-08-19,2026-08-19,0,UIP-NSK-202608-BCG-373,PHC-NSK-06,nurse_nsk_06,FALSE,Administered at hospital after delivery.
NSK-2026-0152,OPV,1,OPV Zero Dose (At Birth),2026-08-19,2026-08-19,0,UIP-NSK-202608-OPV-840,PHC-NSK-06,nurse_nsk_06,FALSE,Administered at hospital after delivery.
NSK-2026-0152,HepB,1,Hepatitis B Birth Dose,2026-08-19,2026-08-19,0,UIP-NSK-202608-HEPB-648,PHC-NSK-08,nurse_nsk_08,FALSE,Administered at hospital after delivery.
NSK-2026-0152,OPV,2,OPV-1 (6 Weeks),2026-09-30,2026-10-02,2,UIP-NSK-202610-OPV-540,PHC-NSK-06,nurse_nsk_06,FALSE,Routine UIP session.
NSK-2026-0152,Penta,1,Pentavalent-1 (6 Weeks),2026-09-30,2026-09-30,0,UIP-NSK-202609-PENTA-185,PHC-NSK-06,nurse_nsk_06,FALSE,Routine UIP session.
NSK-2026-0152,Rota,1,Rotavirus-1 (6 Weeks),2026-09-30,2026-09-30,0,UIP-NSK-202609-ROTA-104,PHC-NSK-06,nurse_nsk_06,FALSE,Routine UIP session.
NSK-2026-0152,fIPV,1,fIPV-1 (6 Weeks),2026-09-30,2026-09-30,0,UIP-NSK-202609-FIPV-883,PHC-NSK-06,nurse_nsk_06,FALSE,Routine UIP session.
NSK-2026-0152,PCV,1,PCV-1 (6 Weeks),2026-09-30,2026-09-30,0,UIP-NSK-202609-PCV-400,PHC-NSK-06,nurse_nsk_06,FALSE,Routine UIP session.
NSK-2026-0153,BCG,1,BCG (At Birth),2026-09-16,2026-09-20,4,UIP-NSK-202609-BCG-879,PHC-NSK-01,nurse_nsk_01,FALSE,Routine UIP session.
NSK-2026-0153,OPV,1,OPV Zero Dose (At Birth),2026-09-16,2026-09-16,0,UIP-NSK-202609-OPV-832,PHC-NSK-01,nurse_nsk_01,FALSE,Administered at hospital after delivery.
NSK-2026-0153,HepB,1,Hepatitis B Birth Dose,2026-09-16,2026-09-16,0,UIP-NSK-202609-HEPB-547,PHC-NSK-01,nurse_nsk_01,FALSE,Administered at hospital after delivery.
NSK-2026-0154,BCG,1,BCG (At Birth),2026-09-27,2026-09-27,0,UIP-NSK-202609-BCG-223,PHC-NSK-06,nurse_nsk_06,FALSE,Administered at hospital after delivery.
NSK-2026-0154,OPV,1,OPV Zero Dose (At Birth),2026-09-27,2026-09-27,0,UIP-NSK-202609-OPV-492,PHC-NSK-06,nurse_nsk_06,FALSE,Administered at hospital after delivery.
NSK-2026-0155,BCG,1,BCG (At Birth),2026-01-25,2026-01-25,0,UIP-NSK-202601-BCG-551,PHC-NSK-06,nurse_nsk_06,FALSE,Administered at hospital after delivery.
NSK-2026-0155,OPV,1,OPV Zero Dose (At Birth),2026-01-25,2026-01-25,0,UIP-NSK-202601-OPV-513,PHC-NSK-06,nurse_nsk_06,FALSE,Administered at hospital after delivery.
NSK-2026-0155,HepB,1,Hepatitis B Birth Dose,2026-01-25,2026-01-25,0,UIP-NSK-202601-HEPB-198,PHC-NSK-06,nurse_nsk_06,FALSE,Administered at hospital after delivery.
NSK-2026-0155,OPV,2,OPV-1 (6 Weeks),2026-03-08,2026-03-10,2,UIP-NSK-202603-OPV-128,PHC-NSK-06,nurse_nsk_06,FALSE,Routine UIP session.
NSK-2026-0155,Penta,1,Pentavalent-1 (6 Weeks),2026-03-08,2026-03-08,0,UIP-NSK-202603-PENTA-630,PHC-NSK-06,nurse_nsk_06,FALSE,Routine UIP session.
NSK-2026-0155,Rota,1,Rotavirus-1 (6 Weeks),2026-03-08,2026-03-08,0,UIP-NSK-202603-ROTA-207,PHC-NSK-06,nurse_nsk_06,FALSE,Routine UIP session.
NSK-2026-0155,fIPV,1,fIPV-1 (6 Weeks),2026-03-08,2026-03-08,0,UIP-NSK-202603-FIPV-226,PHC-NSK-06,nurse_nsk_06,FALSE,Routine UIP session.
NSK-2026-0155,PCV,1,PCV-1 (6 Weeks),2026-03-08,2026-03-08,0,UIP-NSK-202603-PCV-309,PHC-NSK-06,nurse_nsk_06,FALSE,Routine UIP session.
NSK-2026-0155,OPV,3,OPV-2 (10 Weeks),2026-04-05,2026-04-07,2,UIP-NSK-202604-OPV-554,PHC-NSK-06,nurse_nsk_06,FALSE,Routine UIP session.
NSK-2026-0155,Penta,2,Pentavalent-2 (10 Weeks),2026-04-05,2026-04-06,1,UIP-NSK-202604-PENTA-878,PHC-NSK-06,nurse_nsk_06,FALSE,Routine UIP session.
NSK-2026-0155,Rota,2,Rotavirus-2 (10 Weeks),2026-04-05,2026-04-08,3,UIP-NSK-202604-ROTA-434,PHC-NSK-06,nurse_nsk_06,FALSE,Routine UIP session.
NSK-2026-0155,OPV,4,OPV-3 (14 Weeks),2026-05-03,2026-05-06,3,UIP-NSK-202605-OPV-513,PHC-NSK-06,nurse_nsk_06,FALSE,Routine UIP session.
NSK-2026-0155,Penta,3,Pentavalent-3 (14 Weeks),2026-05-03,2026-05-04,1,UIP-NSK-202605-PENTA-949,PHC-NSK-06,nurse_nsk_06,FALSE,Routine UIP session.
NSK-2026-0155,Rota,3,Rotavirus-3 (14 Weeks),2026-05-03,2026-05-06,3,UIP-NSK-202605-ROTA-147,PHC-NSK-06,nurse_nsk_06,FALSE,Routine UIP session.
NSK-2026-0155,fIPV,2,fIPV-2 (14 Weeks),2026-05-03,2026-05-03,0,UIP-NSK-202605-FIPV-265,PHC-NSK-06,nurse_nsk_06,FALSE,Routine UIP session.
NSK-2026-0155,PCV,2,PCV-2 (14 Weeks),2026-05-03,2026-05-03,0,UIP-NSK-202605-PCV-611,PHC-NSK-06,nurse_nsk_06,FALSE,Routine UIP session.
NSK-2026-0156,BCG,1,BCG (At Birth),2026-04-27,2026-04-27,0,UIP-NSK-202604-BCG-723,PHC-NSK-06,nurse_nsk_06,FALSE,Administered at hospital after delivery.
NSK-2026-0156,OPV,1,OPV Zero Dose (At Birth),2026-04-27,2026-04-27,0,UIP-NSK-202604-OPV-337,PHC-NSK-06,nurse_nsk_06,FALSE,Administered at hospital after delivery.
NSK-2026-0156,HepB,1,Hepatitis B Birth Dose,2026-04-27,2026-04-27,0,UIP-NSK-202604-HEPB-129,PHC-NSK-06,nurse_nsk_06,FALSE,Administered at hospital after delivery.
NSK-2026-0156,OPV,2,OPV-1 (6 Weeks),2026-06-08,2026-06-17,9,UIP-NSK-202606-OPV-186,PHC-NSK-06,nurse_nsk_06,FALSE,Routine UIP session.
NSK-2026-0156,Penta,1,Pentavalent-1 (6 Weeks),2026-06-08,2026-06-12,4,UIP-NSK-202606-PENTA-741,PHC-NSK-06,nurse_nsk_06,FALSE,Routine UIP session.
NSK-2026-0156,Rota,1,Rotavirus-1 (6 Weeks),2026-06-08,2026-06-18,10,UIP-NSK-202606-ROTA-322,PHC-NSK-06,nurse_nsk_06,FALSE,Routine UIP session.
NSK-2026-0156,fIPV,1,fIPV-1 (6 Weeks),2026-06-08,2026-06-23,15,UIP-NSK-202606-FIPV-207,PHC-NSK-06,nurse_nsk_06,TRUE,Mild fever and local swelling; resolved in 48 hours.
NSK-2026-0156,OPV,3,OPV-2 (10 Weeks),2026-07-06,2026-07-15,9,UIP-NSK-202607-OPV-181,PHC-NSK-09,nurse_nsk_09,FALSE,Routine UIP session.
NSK-2026-0156,Penta,2,Pentavalent-2 (10 Weeks),2026-07-06,2026-07-21,15,UIP-NSK-202607-PENTA-879,PHC-NSK-06,nurse_nsk_06,FALSE,Routine UIP session.
NSK-2026-0156,Rota,2,Rotavirus-2 (10 Weeks),2026-07-06,2026-07-16,10,UIP-NSK-202607-ROTA-332,PHC-NSK-06,nurse_nsk_06,FALSE,Routine UIP session.
NSK-2026-0156,Rota,3,Rotavirus-3 (14 Weeks),2026-08-03,2026-08-13,10,UIP-NSK-202608-ROTA-521,PHC-NSK-06,nurse_nsk_06,FALSE,Routine UIP session.
NSK-2026-0156,fIPV,2,fIPV-2 (14 Weeks),2026-08-03,2026-08-08,5,UIP-NSK-202608-FIPV-272,PHC-NSK-06,nurse_nsk_06,FALSE,Routine UIP session.
NSK-2026-0157,BCG,1,BCG (At Birth),2026-02-14,2026-02-14,0,UIP-NSK-202602-BCG-168,PHC-NSK-07,nurse_nsk_07,FALSE,Administered at hospital after delivery.
NSK-2026-0157,OPV,1,OPV Zero Dose (At Birth),2026-02-14,2026-02-14,0,UIP-NSK-202602-OPV-251,PHC-NSK-04,nurse_nsk_04,FALSE,Administered at hospital after delivery.
NSK-2026-0157,HepB,1,Hepatitis B Birth Dose,2026-02-14,2026-02-14,0,UIP-NSK-202602-HEPB-439,PHC-NSK-04,nurse_nsk_04,FALSE,Administered at hospital after delivery.
NSK-2026-0157,OPV,2,OPV-1 (6 Weeks),2026-03-28,2026-03-28,0,UIP-NSK-202603-OPV-695,PHC-NSK-04,nurse_nsk_04,FALSE,Routine UIP session.
NSK-2026-0157,Penta,1,Pentavalent-1 (6 Weeks),2026-03-28,2026-03-28,0,UIP-NSK-202603-PENTA-168,PHC-NSK-04,nurse_nsk_04,FALSE,Routine UIP session.
NSK-2026-0157,Rota,1,Rotavirus-1 (6 Weeks),2026-03-28,2026-03-28,0,UIP-NSK-202603-ROTA-350,PHC-NSK-04,nurse_nsk_04,FALSE,Routine UIP session.
NSK-2026-0157,fIPV,1,fIPV-1 (6 Weeks),2026-03-28,2026-03-28,0,UIP-NSK-202603-FIPV-606,PHC-NSK-04,nurse_nsk_04,FALSE,Routine UIP session.
NSK-2026-0157,PCV,1,PCV-1 (6 Weeks),2026-03-28,2026-03-31,3,UIP-NSK-202603-PCV-688,PHC-NSK-07,nurse_nsk_07,FALSE,Routine UIP session.
NSK-2026-0157,OPV,3,OPV-2 (10 Weeks),2026-04-25,2026-04-25,0,UIP-NSK-202604-OPV-277,PHC-NSK-04,nurse_nsk_04,FALSE,Routine UIP session.
NSK-2026-0157,Penta,2,Pentavalent-2 (10 Weeks),2026-04-25,2026-04-25,0,UIP-NSK-202604-PENTA-603,PHC-NSK-04,nurse_nsk_04,FALSE,Routine UIP session.
NSK-2026-0157,Rota,2,Rotavirus-2 (10 Weeks),2026-04-25,2026-04-25,0,UIP-NSK-202604-ROTA-598,PHC-NSK-04,nurse_nsk_04,FALSE,Routine UIP session.
NSK-2026-0157,OPV,4,OPV-3 (14 Weeks),2026-05-23,2026-05-26,3,UIP-NSK-202605-OPV-810,PHC-NSK-04,nurse_nsk_04,FALSE,Routine UIP session.
NSK-2026-0157,Penta,3,Pentavalent-3 (14 Weeks),2026-05-23,2026-05-23,0,UIP-NSK-202605-PENTA-972,PHC-NSK-03,nurse_nsk_03,FALSE,Routine UIP session.
NSK-2026-0157,Rota,3,Rotavirus-3 (14 Weeks),2026-05-23,2026-05-23,0,UIP-NSK-202605-ROTA-953,PHC-NSK-04,nurse_nsk_04,FALSE,Routine UIP session.
NSK-2026-0157,fIPV,2,fIPV-2 (14 Weeks),2026-05-23,2026-05-23,0,UIP-NSK-202605-FIPV-671,PHC-NSK-04,nurse_nsk_04,FALSE,Routine UIP session.
NSK-2026-0157,PCV,2,PCV-2 (14 Weeks),2026-05-23,2026-05-23,0,UIP-NSK-202605-PCV-775,PHC-NSK-04,nurse_nsk_04,FALSE,Routine UIP session.
NSK-2026-0158,BCG,1,BCG (At Birth),2026-04-06,2026-04-06,0,UIP-NSK-202604-BCG-594,PHC-NSK-04,nurse_nsk_04,FALSE,Administered at hospital after delivery.
NSK-2026-0158,OPV,1,OPV Zero Dose (At Birth),2026-04-06,2026-04-06,0,UIP-NSK-202604-OPV-418,PHC-NSK-04,nurse_nsk_04,FALSE,Administered at hospital after delivery.
NSK-2026-0158,HepB,1,Hepatitis B Birth Dose,2026-04-06,2026-04-06,0,UIP-NSK-202604-HEPB-598,PHC-NSK-05,nurse_nsk_05,FALSE,Administered at hospital after delivery.
NSK-2026-0158,OPV,2,OPV-1 (6 Weeks),2026-05-18,2026-05-22,4,UIP-NSK-202605-OPV-424,PHC-NSK-04,nurse_nsk_04,FALSE,Routine UIP session.
NSK-2026-0158,Penta,1,Pentavalent-1 (6 Weeks),2026-05-18,2026-05-31,13,UIP-NSK-202605-PENTA-523,PHC-NSK-10,nurse_nsk_10,FALSE,Routine UIP session.
NSK-2026-0158,Rota,1,Rotavirus-1 (6 Weeks),2026-05-18,2026-05-26,8,UIP-NSK-202605-ROTA-887,PHC-NSK-04,nurse_nsk_04,FALSE,Routine UIP session.
NSK-2026-0158,fIPV,1,fIPV-1 (6 Weeks),2026-05-18,2026-05-28,10,UIP-NSK-202605-FIPV-747,PHC-NSK-04,nurse_nsk_04,FALSE,Routine UIP session.
NSK-2026-0158,OPV,3,OPV-2 (10 Weeks),2026-06-15,2026-06-23,8,UIP-NSK-202606-OPV-157,PHC-NSK-04,nurse_nsk_04,FALSE,Routine UIP session.
NSK-2026-0158,OPV,4,OPV-3 (14 Weeks),2026-07-13,2026-07-27,14,UIP-NSK-202607-OPV-904,PHC-NSK-04,nurse_nsk_04,FALSE,Routine UIP session.
NSK-2026-0158,Penta,3,Pentavalent-3 (14 Weeks),2026-07-13,2026-07-30,17,UIP-NSK-202607-PENTA-402,PHC-NSK-04,nurse_nsk_04,FALSE,Routine UIP session.
NSK-2026-0158,Rota,3,Rotavirus-3 (14 Weeks),2026-07-13,2026-07-15,2,UIP-NSK-202607-ROTA-163,PHC-NSK-04,nurse_nsk_04,FALSE,Routine UIP session.
NSK-2026-0158,fIPV,2,fIPV-2 (14 Weeks),2026-07-13,2026-07-20,7,UIP-NSK-202607-FIPV-619,PHC-NSK-04,nurse_nsk_04,FALSE,Routine UIP session.
NSK-2026-0158,PCV,2,PCV-2 (14 Weeks),2026-07-13,2026-07-18,5,UIP-NSK-202607-PCV-980,PHC-NSK-04,nurse_nsk_04,FALSE,Routine UIP session.
NSK-2026-0159,BCG,1,BCG (At Birth),2026-09-25,2026-09-25,0,UIP-NSK-202609-BCG-493,PHC-NSK-03,nurse_nsk_03,FALSE,Administered at hospital after delivery.
NSK-2026-0159,OPV,1,OPV Zero Dose (At Birth),2026-09-25,2026-09-25,0,UIP-NSK-202609-OPV-912,PHC-NSK-03,nurse_nsk_03,FALSE,Administered at hospital after delivery.
NSK-2026-0160,BCG,1,BCG (At Birth),2026-04-11,2026-04-11,0,UIP-NSK-202604-BCG-312,PHC-NSK-01,nurse_nsk_01,FALSE,Administered at hospital after delivery.
NSK-2026-0160,OPV,1,OPV Zero Dose (At Birth),2026-04-11,2026-04-11,0,UIP-NSK-202604-OPV-208,PHC-NSK-01,nurse_nsk_01,FALSE,Administered at hospital after delivery.
NSK-2026-0160,HepB,1,Hepatitis B Birth Dose,2026-04-11,2026-04-11,0,UIP-NSK-202604-HEPB-779,PHC-NSK-01,nurse_nsk_01,FALSE,Administered at hospital after delivery.
NSK-2026-0160,Penta,1,Pentavalent-1 (6 Weeks),2026-05-23,2026-05-23,0,UIP-NSK-202605-PENTA-191,PHC-NSK-01,nurse_nsk_01,FALSE,Routine UIP session.
NSK-2026-0160,Rota,1,Rotavirus-1 (6 Weeks),2026-05-23,2026-05-23,0,UIP-NSK-202605-ROTA-760,PHC-NSK-01,nurse_nsk_01,FALSE,Routine UIP session.
NSK-2026-0160,fIPV,1,fIPV-1 (6 Weeks),2026-05-23,2026-05-23,0,UIP-NSK-202605-FIPV-277,PHC-NSK-01,nurse_nsk_01,FALSE,Routine UIP session.
NSK-2026-0160,PCV,1,PCV-1 (6 Weeks),2026-05-23,2026-05-23,0,UIP-NSK-202605-PCV-685,PHC-NSK-01,nurse_nsk_01,FALSE,Routine UIP session.
NSK-2026-0160,OPV,3,OPV-2 (10 Weeks),2026-06-20,2026-06-20,0,UIP-NSK-202606-OPV-117,PHC-NSK-01,nurse_nsk_01,FALSE,Routine UIP session.
NSK-2026-0160,Penta,2,Pentavalent-2 (10 Weeks),2026-06-20,2026-06-20,0,UIP-NSK-202606-PENTA-239,PHC-NSK-01,nurse_nsk_01,FALSE,Routine UIP session.
NSK-2026-0160,Rota,2,Rotavirus-2 (10 Weeks),2026-06-20,2026-06-20,0,UIP-NSK-202606-ROTA-187,PHC-NSK-01,nurse_nsk_01,FALSE,Routine UIP session.
NSK-2026-0160,OPV,4,OPV-3 (14 Weeks),2026-07-18,2026-07-18,0,UIP-NSK-202607-OPV-848,PHC-NSK-01,nurse_nsk_01,FALSE,Routine UIP session.
NSK-2026-0160,Penta,3,Pentavalent-3 (14 Weeks),2026-07-18,2026-07-21,3,UIP-NSK-202607-PENTA-829,PHC-NSK-01,nurse_nsk_01,FALSE,Routine UIP session.
NSK-2026-0160,Rota,3,Rotavirus-3 (14 Weeks),2026-07-18,2026-07-18,0,UIP-NSK-202607-ROTA-195,PHC-NSK-01,nurse_nsk_01,FALSE,Routine UIP session.
NSK-2026-0160,fIPV,2,fIPV-2 (14 Weeks),2026-07-18,2026-07-21,3,UIP-NSK-202607-FIPV-262,PHC-NSK-01,nurse_nsk_01,FALSE,Routine UIP session.
NSK-2026-0161,BCG,1,BCG (At Birth),2026-02-07,2026-02-07,0,UIP-NSK-202602-BCG-966,PHC-NSK-08,nurse_nsk_08,FALSE,Administered at hospital after delivery.
NSK-2026-0161,OPV,1,OPV Zero Dose (At Birth),2026-02-07,2026-02-07,0,UIP-NSK-202602-OPV-766,PHC-NSK-08,nurse_nsk_08,FALSE,Administered at hospital after delivery.
NSK-2026-0161,HepB,1,Hepatitis B Birth Dose,2026-02-07,2026-02-07,0,UIP-NSK-202602-HEPB-956,PHC-NSK-08,nurse_nsk_08,FALSE,Administered at hospital after delivery.
NSK-2026-0161,OPV,2,OPV-1 (6 Weeks),2026-03-21,2026-03-21,0,UIP-NSK-202603-OPV-428,PHC-NSK-08,nurse_nsk_08,FALSE,Routine UIP session.
NSK-2026-0161,Penta,1,Pentavalent-1 (6 Weeks),2026-03-21,2026-03-23,2,UIP-NSK-202603-PENTA-495,PHC-NSK-08,nurse_nsk_08,FALSE,Routine UIP session.
NSK-2026-0161,Rota,1,Rotavirus-1 (6 Weeks),2026-03-21,2026-03-21,0,UIP-NSK-202603-ROTA-108,PHC-NSK-10,nurse_nsk_10,FALSE,Routine UIP session.
NSK-2026-0161,fIPV,1,fIPV-1 (6 Weeks),2026-03-21,2026-03-24,3,UIP-NSK-202603-FIPV-160,PHC-NSK-08,nurse_nsk_08,TRUE,Mild fever and local swelling; resolved in 48 hours.
NSK-2026-0161,PCV,1,PCV-1 (6 Weeks),2026-03-21,2026-03-21,0,UIP-NSK-202603-PCV-338,PHC-NSK-08,nurse_nsk_08,FALSE,Routine UIP session.
NSK-2026-0161,OPV,3,OPV-2 (10 Weeks),2026-04-18,2026-04-18,0,UIP-NSK-202604-OPV-170,PHC-NSK-08,nurse_nsk_08,FALSE,Routine UIP session.
NSK-2026-0161,Penta,2,Pentavalent-2 (10 Weeks),2026-04-18,2026-04-21,3,UIP-NSK-202604-PENTA-803,PHC-NSK-08,nurse_nsk_08,FALSE,Routine UIP session.
NSK-2026-0161,Rota,2,Rotavirus-2 (10 Weeks),2026-04-18,2026-04-18,0,UIP-NSK-202604-ROTA-262,PHC-NSK-08,nurse_nsk_08,FALSE,Routine UIP session.
NSK-2026-0161,OPV,4,OPV-3 (14 Weeks),2026-05-16,2026-05-19,3,UIP-NSK-202605-OPV-253,PHC-NSK-08,nurse_nsk_08,FALSE,Routine UIP session.
NSK-2026-0161,Penta,3,Pentavalent-3 (14 Weeks),2026-05-16,2026-05-19,3,UIP-NSK-202605-PENTA-436,PHC-NSK-03,nurse_nsk_03,FALSE,Routine UIP session.
NSK-2026-0161,Rota,3,Rotavirus-3 (14 Weeks),2026-05-16,2026-05-16,0,UIP-NSK-202605-ROTA-490,PHC-NSK-08,nurse_nsk_08,FALSE,Routine UIP session.
NSK-2026-0161,fIPV,2,fIPV-2 (14 Weeks),2026-05-16,2026-05-16,0,UIP-NSK-202605-FIPV-769,PHC-NSK-08,nurse_nsk_08,FALSE,Routine UIP session.
NSK-2026-0161,PCV,2,PCV-2 (14 Weeks),2026-05-16,2026-05-16,0,UIP-NSK-202605-PCV-730,PHC-NSK-08,nurse_nsk_08,FALSE,Routine UIP session.
NSK-2026-0162,BCG,1,BCG (At Birth),2026-04-28,2026-04-28,0,UIP-NSK-202604-BCG-790,PHC-NSK-02,nurse_nsk_02,FALSE,Administered at hospital after delivery.
NSK-2026-0162,OPV,1,OPV Zero Dose (At Birth),2026-04-28,2026-04-28,0,UIP-NSK-202604-OPV-315,PHC-NSK-02,nurse_nsk_02,FALSE,Administered at hospital after delivery.
NSK-2026-0162,HepB,1,Hepatitis B Birth Dose,2026-04-28,2026-04-28,0,UIP-NSK-202604-HEPB-127,PHC-NSK-02,nurse_nsk_02,FALSE,Administered at hospital after delivery.
NSK-2026-0162,OPV,2,OPV-1 (6 Weeks),2026-06-09,2026-06-10,1,UIP-NSK-202606-OPV-123,PHC-NSK-02,nurse_nsk_02,FALSE,Routine UIP session.
NSK-2026-0162,Penta,1,Pentavalent-1 (6 Weeks),2026-06-09,2026-06-10,1,UIP-NSK-202606-PENTA-123,PHC-NSK-02,nurse_nsk_02,FALSE,Routine UIP session.
NSK-2026-0162,Rota,1,Rotavirus-1 (6 Weeks),2026-06-09,2026-06-09,0,UIP-NSK-202606-ROTA-457,PHC-NSK-02,nurse_nsk_02,FALSE,Routine UIP session.
NSK-2026-0162,fIPV,1,fIPV-1 (6 Weeks),2026-06-09,2026-06-09,0,UIP-NSK-202606-FIPV-181,PHC-NSK-02,nurse_nsk_02,FALSE,Routine UIP session.
NSK-2026-0162,PCV,1,PCV-1 (6 Weeks),2026-06-09,2026-06-09,0,UIP-NSK-202606-PCV-765,PHC-NSK-02,nurse_nsk_02,TRUE,Mild fever and local swelling; resolved in 48 hours.
NSK-2026-0162,OPV,3,OPV-2 (10 Weeks),2026-07-07,2026-07-08,1,UIP-NSK-202607-OPV-259,PHC-NSK-02,nurse_nsk_02,FALSE,Routine UIP session.
NSK-2026-0162,Penta,2,Pentavalent-2 (10 Weeks),2026-07-07,2026-07-08,1,UIP-NSK-202607-PENTA-425,PHC-NSK-02,nurse_nsk_02,FALSE,Routine UIP session.
NSK-2026-0162,Rota,2,Rotavirus-2 (10 Weeks),2026-07-07,2026-07-07,0,UIP-NSK-202607-ROTA-426,PHC-NSK-02,nurse_nsk_02,FALSE,Routine UIP session.
NSK-2026-0162,OPV,4,OPV-3 (14 Weeks),2026-08-04,2026-08-05,1,UIP-NSK-202608-OPV-150,PHC-NSK-02,nurse_nsk_02,FALSE,Routine UIP session.
NSK-2026-0162,Penta,3,Pentavalent-3 (14 Weeks),2026-08-04,2026-08-05,1,UIP-NSK-202608-PENTA-664,PHC-NSK-02,nurse_nsk_02,FALSE,Routine UIP session.
NSK-2026-0162,Rota,3,Rotavirus-3 (14 Weeks),2026-08-04,2026-08-07,3,UIP-NSK-202608-ROTA-433,PHC-NSK-02,nurse_nsk_02,FALSE,Routine UIP session.
NSK-2026-0162,fIPV,2,fIPV-2 (14 Weeks),2026-08-04,2026-08-04,0,UIP-NSK-202608-FIPV-241,PHC-NSK-02,nurse_nsk_02,FALSE,Routine UIP session.
NSK-2026-0162,PCV,2,PCV-2 (14 Weeks),2026-08-04,2026-08-04,0,UIP-NSK-202608-PCV-261,PHC-NSK-02,nurse_nsk_02,FALSE,Routine UIP session.
NSK-2026-0163,BCG,1,BCG (At Birth),2026-02-11,2026-02-11,0,UIP-NSK-202602-BCG-297,PHC-NSK-03,nurse_nsk_03,FALSE,Administered at hospital after delivery.
NSK-2026-0163,OPV,1,OPV Zero Dose (At Birth),2026-02-11,2026-02-11,0,UIP-NSK-202602-OPV-669,PHC-NSK-03,nurse_nsk_03,FALSE,Administered at hospital after delivery.
NSK-2026-0163,OPV,2,OPV-1 (6 Weeks),2026-03-25,2026-03-26,1,UIP-NSK-202603-OPV-688,PHC-NSK-03,nurse_nsk_03,FALSE,Routine UIP session.
NSK-2026-0163,Penta,1,Pentavalent-1 (6 Weeks),2026-03-25,2026-03-25,0,UIP-NSK-202603-PENTA-218,PHC-NSK-03,nurse_nsk_03,FALSE,Routine UIP session.
NSK-2026-0163,Rota,1,Rotavirus-1 (6 Weeks),2026-03-25,2026-03-28,3,UIP-NSK-202603-ROTA-228,PHC-NSK-03,nurse_nsk_03,FALSE,Routine UIP session.
NSK-2026-0163,fIPV,1,fIPV-1 (6 Weeks),2026-03-25,2026-03-27,2,UIP-NSK-202603-FIPV-821,PHC-NSK-03,nurse_nsk_03,FALSE,Routine UIP session.
NSK-2026-0163,PCV,1,PCV-1 (6 Weeks),2026-03-25,2026-03-29,4,UIP-NSK-202603-PCV-292,PHC-NSK-03,nurse_nsk_03,FALSE,Routine UIP session.
NSK-2026-0163,OPV,3,OPV-2 (10 Weeks),2026-04-22,2026-04-23,1,UIP-NSK-202604-OPV-400,PHC-NSK-03,nurse_nsk_03,FALSE,Routine UIP session.
NSK-2026-0163,Penta,2,Pentavalent-2 (10 Weeks),2026-04-22,2026-04-24,2,UIP-NSK-202604-PENTA-339,PHC-NSK-03,nurse_nsk_03,FALSE,Routine UIP session.
NSK-2026-0163,Rota,2,Rotavirus-2 (10 Weeks),2026-04-22,2026-04-25,3,UIP-NSK-202604-ROTA-863,PHC-NSK-03,nurse_nsk_03,FALSE,Routine UIP session.
NSK-2026-0163,OPV,4,OPV-3 (14 Weeks),2026-05-20,2026-05-21,1,UIP-NSK-202605-OPV-901,PHC-NSK-03,nurse_nsk_03,FALSE,Routine UIP session.
NSK-2026-0163,Penta,3,Pentavalent-3 (14 Weeks),2026-05-20,2026-05-22,2,UIP-NSK-202605-PENTA-152,PHC-NSK-03,nurse_nsk_03,FALSE,Routine UIP session.
NSK-2026-0163,Rota,3,Rotavirus-3 (14 Weeks),2026-05-20,2026-05-23,3,UIP-NSK-202605-ROTA-588,PHC-NSK-03,nurse_nsk_03,FALSE,Routine UIP session.
NSK-2026-0163,fIPV,2,fIPV-2 (14 Weeks),2026-05-20,2026-05-20,0,UIP-NSK-202605-FIPV-979,PHC-NSK-03,nurse_nsk_03,FALSE,Routine UIP session.
NSK-2026-0163,PCV,2,PCV-2 (14 Weeks),2026-05-20,2026-05-20,0,UIP-NSK-202605-PCV-962,PHC-NSK-03,nurse_nsk_03,FALSE,Routine UIP session.
NSK-2026-0164,BCG,1,BCG (At Birth),2026-02-03,2026-02-03,0,UIP-NSK-202602-BCG-298,PHC-NSK-06,nurse_nsk_06,FALSE,Administered at hospital after delivery.
NSK-2026-0164,OPV,1,OPV Zero Dose (At Birth),2026-02-03,2026-02-03,0,UIP-NSK-202602-OPV-392,PHC-NSK-06,nurse_nsk_06,FALSE,Administered at hospital after delivery.
NSK-2026-0164,HepB,1,Hepatitis B Birth Dose,2026-02-03,2026-02-03,0,UIP-NSK-202602-HEPB-274,PHC-NSK-06,nurse_nsk_06,FALSE,Administered at hospital after delivery.
NSK-2026-0164,OPV,2,OPV-1 (6 Weeks),2026-03-17,2026-03-17,0,UIP-NSK-202603-OPV-545,PHC-NSK-06,nurse_nsk_06,FALSE,Routine UIP session.
NSK-2026-0164,Penta,1,Pentavalent-1 (6 Weeks),2026-03-17,2026-03-17,0,UIP-NSK-202603-PENTA-905,PHC-NSK-06,nurse_nsk_06,FALSE,Routine UIP session.
NSK-2026-0164,Rota,1,Rotavirus-1 (6 Weeks),2026-03-17,2026-03-17,0,UIP-NSK-202603-ROTA-947,PHC-NSK-06,nurse_nsk_06,FALSE,Routine UIP session.
NSK-2026-0164,fIPV,1,fIPV-1 (6 Weeks),2026-03-17,2026-03-17,0,UIP-NSK-202603-FIPV-264,PHC-NSK-06,nurse_nsk_06,FALSE,Routine UIP session.
NSK-2026-0164,PCV,1,PCV-1 (6 Weeks),2026-03-17,2026-03-17,0,UIP-NSK-202603-PCV-437,PHC-NSK-06,nurse_nsk_06,FALSE,Routine UIP session.
NSK-2026-0164,OPV,3,OPV-2 (10 Weeks),2026-04-14,2026-04-14,0,UIP-NSK-202604-OPV-945,PHC-NSK-06,nurse_nsk_06,FALSE,Routine UIP session.
NSK-2026-0164,Penta,2,Pentavalent-2 (10 Weeks),2026-04-14,2026-04-14,0,UIP-NSK-202604-PENTA-370,PHC-NSK-06,nurse_nsk_06,FALSE,Routine UIP session.
NSK-2026-0164,Rota,2,Rotavirus-2 (10 Weeks),2026-04-14,2026-04-17,3,UIP-NSK-202604-ROTA-286,PHC-NSK-06,nurse_nsk_06,FALSE,Routine UIP session.
NSK-2026-0164,Penta,3,Pentavalent-3 (14 Weeks),2026-05-12,2026-05-13,1,UIP-NSK-202605-PENTA-652,PHC-NSK-06,nurse_nsk_06,FALSE,Routine UIP session.
NSK-2026-0164,Rota,3,Rotavirus-3 (14 Weeks),2026-05-12,2026-05-15,3,UIP-NSK-202605-ROTA-488,PHC-NSK-05,nurse_nsk_05,FALSE,Routine UIP session.
NSK-2026-0164,fIPV,2,fIPV-2 (14 Weeks),2026-05-12,2026-05-14,2,UIP-NSK-202605-FIPV-611,PHC-NSK-06,nurse_nsk_06,FALSE,Routine UIP session.
NSK-2026-0164,PCV,2,PCV-2 (14 Weeks),2026-05-12,2026-05-13,1,UIP-NSK-202605-PCV-810,PHC-NSK-06,nurse_nsk_06,FALSE,Routine UIP session.
NSK-2026-0165,BCG,1,BCG (At Birth),2026-08-03,2026-08-03,0,UIP-NSK-202608-BCG-512,PHC-NSK-04,nurse_nsk_04,FALSE,Administered at hospital after delivery.
NSK-2026-0165,OPV,1,OPV Zero Dose (At Birth),2026-08-03,2026-08-03,0,UIP-NSK-202608-OPV-359,PHC-NSK-04,nurse_nsk_04,FALSE,Administered at hospital after delivery.
NSK-2026-0165,HepB,1,Hepatitis B Birth Dose,2026-08-03,2026-08-03,0,UIP-NSK-202608-HEPB-157,PHC-NSK-04,nurse_nsk_04,FALSE,Administered at hospital after delivery.
NSK-2026-0165,OPV,2,OPV-1 (6 Weeks),2026-09-14,2026-09-22,8,UIP-NSK-202609-OPV-893,PHC-NSK-04,nurse_nsk_04,FALSE,Routine UIP session.
NSK-2026-0165,Penta,1,Pentavalent-1 (6 Weeks),2026-09-14,2026-09-20,6,UIP-NSK-202609-PENTA-542,PHC-NSK-04,nurse_nsk_04,FALSE,Routine UIP session.
NSK-2026-0165,Rota,1,Rotavirus-1 (6 Weeks),2026-09-14,2026-09-24,10,UIP-NSK-202609-ROTA-955,PHC-NSK-04,nurse_nsk_04,FALSE,Routine UIP session.
NSK-2026-0165,fIPV,1,fIPV-1 (6 Weeks),2026-09-14,2026-09-20,6,UIP-NSK-202609-FIPV-996,PHC-NSK-02,nurse_nsk_02,FALSE,Routine UIP session.
NSK-2026-0165,PCV,1,PCV-1 (6 Weeks),2026-09-14,2026-09-20,6,UIP-NSK-202609-PCV-851,PHC-NSK-04,nurse_nsk_04,FALSE,Routine UIP session.
NSK-2026-0166,BCG,1,BCG (At Birth),2026-09-10,2026-09-10,0,UIP-NSK-202609-BCG-483,PHC-NSK-01,nurse_nsk_01,FALSE,Administered at hospital after delivery.
NSK-2026-0166,OPV,1,OPV Zero Dose (At Birth),2026-09-10,2026-09-10,0,UIP-NSK-202609-OPV-512,PHC-NSK-01,nurse_nsk_01,FALSE,Administered at hospital after delivery.
NSK-2026-0166,HepB,1,Hepatitis B Birth Dose,2026-09-10,2026-09-10,0,UIP-NSK-202609-HEPB-563,PHC-NSK-01,nurse_nsk_01,FALSE,Administered at hospital after delivery.
NSK-2026-0167,BCG,1,BCG (At Birth),2026-09-12,2026-09-12,0,UIP-NSK-202609-BCG-442,PHC-NSK-03,nurse_nsk_03,FALSE,Administered at hospital after delivery.
NSK-2026-0167,OPV,1,OPV Zero Dose (At Birth),2026-09-12,2026-09-12,0,UIP-NSK-202609-OPV-445,PHC-NSK-03,nurse_nsk_03,FALSE,Administered at hospital after delivery.
NSK-2026-0167,HepB,1,Hepatitis B Birth Dose,2026-09-12,2026-09-12,0,UIP-NSK-202609-HEPB-353,PHC-NSK-03,nurse_nsk_03,FALSE,Administered at hospital after delivery.
NSK-2026-0168,BCG,1,BCG (At Birth),2026-04-27,2026-04-27,0,UIP-NSK-202604-BCG-812,PHC-NSK-08,nurse_nsk_08,FALSE,Administered at hospital after delivery.
NSK-2026-0168,OPV,1,OPV Zero Dose (At Birth),2026-04-27,2026-04-27,0,UIP-NSK-202604-OPV-590,PHC-NSK-08,nurse_nsk_08,FALSE,Administered at hospital after delivery.
NSK-2026-0168,HepB,1,Hepatitis B Birth Dose,2026-04-27,2026-04-27,0,UIP-NSK-202604-HEPB-383,PHC-NSK-08,nurse_nsk_08,FALSE,Administered at hospital after delivery.
NSK-2026-0168,OPV,2,OPV-1 (6 Weeks),2026-06-08,2026-06-16,8,UIP-NSK-202606-OPV-370,PHC-NSK-08,nurse_nsk_08,FALSE,Routine UIP session.
NSK-2026-0168,Penta,1,Pentavalent-1 (6 Weeks),2026-06-08,2026-06-14,6,UIP-NSK-202606-PENTA-329,PHC-NSK-08,nurse_nsk_08,FALSE,Routine UIP session.
NSK-2026-0168,Rota,1,Rotavirus-1 (6 Weeks),2026-06-08,2026-06-25,17,UIP-NSK-202606-ROTA-975,PHC-NSK-08,nurse_nsk_08,FALSE,Routine UIP session.
NSK-2026-0168,fIPV,1,fIPV-1 (6 Weeks),2026-06-08,2026-06-24,16,UIP-NSK-202606-FIPV-503,PHC-NSK-08,nurse_nsk_08,FALSE,Routine UIP session.
NSK-2026-0168,PCV,1,PCV-1 (6 Weeks),2026-06-08,2026-06-16,8,UIP-NSK-202606-PCV-318,PHC-NSK-08,nurse_nsk_08,FALSE,Routine UIP session.
NSK-2026-0168,OPV,3,OPV-2 (10 Weeks),2026-07-06,2026-07-23,17,UIP-NSK-202607-OPV-337,PHC-NSK-08,nurse_nsk_08,FALSE,Routine UIP session.
NSK-2026-0168,Penta,2,Pentavalent-2 (10 Weeks),2026-07-06,2026-07-16,10,UIP-NSK-202607-PENTA-885,PHC-NSK-08,nurse_nsk_08,FALSE,Routine UIP session.
NSK-2026-0168,Rota,2,Rotavirus-2 (10 Weeks),2026-07-06,2026-07-23,17,UIP-NSK-202607-ROTA-230,PHC-NSK-08,nurse_nsk_08,FALSE,Routine UIP session.
NSK-2026-0168,OPV,4,OPV-3 (14 Weeks),2026-08-03,2026-08-20,17,UIP-NSK-202608-OPV-302,PHC-NSK-08,nurse_nsk_08,FALSE,Routine UIP session.
NSK-2026-0168,Penta,3,Pentavalent-3 (14 Weeks),2026-08-03,2026-08-13,10,UIP-NSK-202608-PENTA-249,PHC-NSK-08,nurse_nsk_08,FALSE,Routine UIP session.
NSK-2026-0168,fIPV,2,fIPV-2 (14 Weeks),2026-08-03,2026-08-16,13,UIP-NSK-202608-FIPV-564,PHC-NSK-08,nurse_nsk_08,FALSE,Routine UIP session.
NSK-2026-0168,PCV,2,PCV-2 (14 Weeks),2026-08-03,2026-08-12,9,UIP-NSK-202608-PCV-311,PHC-NSK-08,nurse_nsk_08,FALSE,Routine UIP session.
NSK-2026-0169,BCG,1,BCG (At Birth),2026-09-28,2026-09-28,0,UIP-NSK-202609-BCG-437,PHC-NSK-03,nurse_nsk_03,FALSE,Administered at hospital after delivery.
NSK-2026-0169,OPV,1,OPV Zero Dose (At Birth),2026-09-28,2026-09-28,0,UIP-NSK-202609-OPV-903,PHC-NSK-09,nurse_nsk_09,FALSE,Administered at hospital after delivery.
NSK-2026-0169,HepB,1,Hepatitis B Birth Dose,2026-09-28,2026-09-28,0,UIP-NSK-202609-HEPB-620,PHC-NSK-03,nurse_nsk_03,FALSE,Administered at hospital after delivery.
NSK-2026-0170,BCG,1,BCG (At Birth),2026-05-13,2026-05-13,0,UIP-NSK-202605-BCG-424,PHC-NSK-07,nurse_nsk_07,FALSE,Administered at hospital after delivery.
NSK-2026-0170,OPV,1,OPV Zero Dose (At Birth),2026-05-13,2026-05-13,0,UIP-NSK-202605-OPV-435,PHC-NSK-07,nurse_nsk_07,FALSE,Administered at hospital after delivery.
NSK-2026-0170,HepB,1,Hepatitis B Birth Dose,2026-05-13,2026-05-13,0,UIP-NSK-202605-HEPB-330,PHC-NSK-07,nurse_nsk_07,FALSE,Administered at hospital after delivery.
NSK-2026-0170,OPV,2,OPV-1 (6 Weeks),2026-06-24,2026-06-24,0,UIP-NSK-202606-OPV-615,PHC-NSK-07,nurse_nsk_07,FALSE,Routine UIP session.
NSK-2026-0170,Penta,1,Pentavalent-1 (6 Weeks),2026-06-24,2026-06-24,0,UIP-NSK-202606-PENTA-166,PHC-NSK-07,nurse_nsk_07,FALSE,Routine UIP session.
NSK-2026-0170,Rota,1,Rotavirus-1 (6 Weeks),2026-06-24,2026-06-24,0,UIP-NSK-202606-ROTA-434,PHC-NSK-07,nurse_nsk_07,FALSE,Routine UIP session.
NSK-2026-0170,fIPV,1,fIPV-1 (6 Weeks),2026-06-24,2026-06-24,0,UIP-NSK-202606-FIPV-569,PHC-NSK-07,nurse_nsk_07,FALSE,Routine UIP session.
NSK-2026-0170,PCV,1,PCV-1 (6 Weeks),2026-06-24,2026-06-24,0,UIP-NSK-202606-PCV-847,PHC-NSK-07,nurse_nsk_07,FALSE,Routine UIP session.
NSK-2026-0170,OPV,3,OPV-2 (10 Weeks),2026-07-22,2026-07-22,0,UIP-NSK-202607-OPV-186,PHC-NSK-07,nurse_nsk_07,FALSE,Routine UIP session.
NSK-2026-0170,Penta,2,Pentavalent-2 (10 Weeks),2026-07-22,2026-07-24,2,UIP-NSK-202607-PENTA-567,PHC-NSK-07,nurse_nsk_07,FALSE,Routine UIP session.
NSK-2026-0170,Rota,2,Rotavirus-2 (10 Weeks),2026-07-22,2026-07-22,0,UIP-NSK-202607-ROTA-201,PHC-NSK-07,nurse_nsk_07,FALSE,Routine UIP session.
NSK-2026-0170,OPV,4,OPV-3 (14 Weeks),2026-08-19,2026-08-22,3,UIP-NSK-202608-OPV-420,PHC-NSK-07,nurse_nsk_07,FALSE,Routine UIP session.
NSK-2026-0170,Penta,3,Pentavalent-3 (14 Weeks),2026-08-19,2026-08-21,2,UIP-NSK-202608-PENTA-539,PHC-NSK-07,nurse_nsk_07,FALSE,Routine UIP session.
NSK-2026-0170,Rota,3,Rotavirus-3 (14 Weeks),2026-08-19,2026-08-22,3,UIP-NSK-202608-ROTA-151,PHC-NSK-07,nurse_nsk_07,FALSE,Routine UIP session.
NSK-2026-0170,fIPV,2,fIPV-2 (14 Weeks),2026-08-19,2026-08-19,0,UIP-NSK-202608-FIPV-686,PHC-NSK-07,nurse_nsk_07,FALSE,Routine UIP session.
NSK-2026-0170,PCV,2,PCV-2 (14 Weeks),2026-08-19,2026-08-19,0,UIP-NSK-202608-PCV-746,PHC-NSK-07,nurse_nsk_07,FALSE,Routine UIP session.
NSK-2026-0171,BCG,1,BCG (At Birth),2026-04-16,2026-04-16,0,UIP-NSK-202604-BCG-386,PHC-NSK-08,nurse_nsk_08,FALSE,Administered at hospital after delivery.
NSK-2026-0171,OPV,1,OPV Zero Dose (At Birth),2026-04-16,2026-04-16,0,UIP-NSK-202604-OPV-495,PHC-NSK-08,nurse_nsk_08,FALSE,Administered at hospital after delivery.
NSK-2026-0171,HepB,1,Hepatitis B Birth Dose,2026-04-16,2026-04-16,0,UIP-NSK-202604-HEPB-528,PHC-NSK-08,nurse_nsk_08,FALSE,Administered at hospital after delivery.
NSK-2026-0171,OPV,2,OPV-1 (6 Weeks),2026-05-28,2026-05-28,0,UIP-NSK-202605-OPV-751,PHC-NSK-08,nurse_nsk_08,FALSE,Routine UIP session.
NSK-2026-0171,Penta,1,Pentavalent-1 (6 Weeks),2026-05-28,2026-05-28,0,UIP-NSK-202605-PENTA-979,PHC-NSK-08,nurse_nsk_08,FALSE,Routine UIP session.
NSK-2026-0171,Rota,1,Rotavirus-1 (6 Weeks),2026-05-28,2026-05-28,0,UIP-NSK-202605-ROTA-434,PHC-NSK-08,nurse_nsk_08,FALSE,Routine UIP session.
NSK-2026-0171,fIPV,1,fIPV-1 (6 Weeks),2026-05-28,2026-05-28,0,UIP-NSK-202605-FIPV-521,PHC-NSK-08,nurse_nsk_08,FALSE,Routine UIP session.
NSK-2026-0171,PCV,1,PCV-1 (6 Weeks),2026-05-28,2026-05-28,0,UIP-NSK-202605-PCV-627,PHC-NSK-08,nurse_nsk_08,FALSE,Routine UIP session.
NSK-2026-0171,OPV,3,OPV-2 (10 Weeks),2026-06-25,2026-06-25,0,UIP-NSK-202606-OPV-976,PHC-NSK-08,nurse_nsk_08,FALSE,Routine UIP session.
NSK-2026-0171,Penta,2,Pentavalent-2 (10 Weeks),2026-06-25,2026-06-25,0,UIP-NSK-202606-PENTA-296,PHC-NSK-08,nurse_nsk_08,FALSE,Routine UIP session.
NSK-2026-0171,Rota,2,Rotavirus-2 (10 Weeks),2026-06-25,2026-06-25,0,UIP-NSK-202606-ROTA-909,PHC-NSK-08,nurse_nsk_08,FALSE,Routine UIP session.
NSK-2026-0171,OPV,4,OPV-3 (14 Weeks),2026-07-23,2026-07-26,3,UIP-NSK-202607-OPV-541,PHC-NSK-08,nurse_nsk_08,FALSE,Routine UIP session.
NSK-2026-0171,Penta,3,Pentavalent-3 (14 Weeks),2026-07-23,2026-07-23,0,UIP-NSK-202607-PENTA-507,PHC-NSK-08,nurse_nsk_08,FALSE,Routine UIP session.
NSK-2026-0171,Rota,3,Rotavirus-3 (14 Weeks),2026-07-23,2026-07-24,1,UIP-NSK-202607-ROTA-869,PHC-NSK-08,nurse_nsk_08,FALSE,Routine UIP session.
NSK-2026-0171,fIPV,2,fIPV-2 (14 Weeks),2026-07-23,2026-07-26,3,UIP-NSK-202607-FIPV-484,PHC-NSK-08,nurse_nsk_08,FALSE,Routine UIP session.
NSK-2026-0171,PCV,2,PCV-2 (14 Weeks),2026-07-23,2026-07-23,0,UIP-NSK-202607-PCV-662,PHC-NSK-08,nurse_nsk_08,FALSE,Routine UIP session.
NSK-2026-0172,BCG,1,BCG (At Birth),2026-09-11,2026-09-11,0,UIP-NSK-202609-BCG-773,PHC-NSK-09,nurse_nsk_09,FALSE,Administered at hospital after delivery.
NSK-2026-0172,OPV,1,OPV Zero Dose (At Birth),2026-09-11,2026-09-11,0,UIP-NSK-202609-OPV-250,PHC-NSK-01,nurse_nsk_01,FALSE,Administered at hospital after delivery.
NSK-2026-0172,HepB,1,Hepatitis B Birth Dose,2026-09-11,2026-09-11,0,UIP-NSK-202609-HEPB-393,PHC-NSK-08,nurse_nsk_08,FALSE,Administered at hospital after delivery.
NSK-2026-0173,BCG,1,BCG (At Birth),2026-02-21,2026-02-21,0,UIP-NSK-202602-BCG-548,PHC-NSK-01,nurse_nsk_01,FALSE,Administered at hospital after delivery.
NSK-2026-0173,OPV,1,OPV Zero Dose (At Birth),2026-02-21,2026-02-21,0,UIP-NSK-202602-OPV-579,PHC-NSK-01,nurse_nsk_01,FALSE,Administered at hospital after delivery.
NSK-2026-0173,HepB,1,Hepatitis B Birth Dose,2026-02-21,2026-02-21,0,UIP-NSK-202602-HEPB-564,PHC-NSK-01,nurse_nsk_01,FALSE,Administered at hospital after delivery.
NSK-2026-0173,OPV,2,OPV-1 (6 Weeks),2026-04-04,2026-04-20,16,UIP-NSK-202604-OPV-881,PHC-NSK-01,nurse_nsk_01,FALSE,Routine UIP session.
NSK-2026-0173,Penta,1,Pentavalent-1 (6 Weeks),2026-04-04,2026-04-12,8,UIP-NSK-202604-PENTA-219,PHC-NSK-01,nurse_nsk_01,FALSE,Routine UIP session.
NSK-2026-0173,Rota,1,Rotavirus-1 (6 Weeks),2026-04-04,2026-04-14,10,UIP-NSK-202604-ROTA-129,PHC-NSK-01,nurse_nsk_01,FALSE,Routine UIP session.
NSK-2026-0173,fIPV,1,fIPV-1 (6 Weeks),2026-04-04,2026-04-23,19,UIP-NSK-202604-FIPV-218,PHC-NSK-01,nurse_nsk_01,FALSE,Routine UIP session.
NSK-2026-0173,PCV,1,PCV-1 (6 Weeks),2026-04-04,2026-04-11,7,UIP-NSK-202604-PCV-666,PHC-NSK-01,nurse_nsk_01,FALSE,Routine UIP session.
NSK-2026-0173,OPV,3,OPV-2 (10 Weeks),2026-05-02,2026-05-18,16,UIP-NSK-202605-OPV-228,PHC-NSK-01,nurse_nsk_01,FALSE,Routine UIP session.
NSK-2026-0173,Penta,2,Pentavalent-2 (10 Weeks),2026-05-02,2026-05-10,8,UIP-NSK-202605-PENTA-818,PHC-NSK-01,nurse_nsk_01,FALSE,Routine UIP session.
NSK-2026-0173,Rota,2,Rotavirus-2 (10 Weeks),2026-05-02,2026-05-16,14,UIP-NSK-202605-ROTA-155,PHC-NSK-01,nurse_nsk_01,FALSE,Routine UIP session.
NSK-2026-0173,Penta,3,Pentavalent-3 (14 Weeks),2026-05-30,2026-06-07,8,UIP-NSK-202606-PENTA-189,PHC-NSK-01,nurse_nsk_01,FALSE,Routine UIP session.
NSK-2026-0173,fIPV,2,fIPV-2 (14 Weeks),2026-05-30,2026-06-08,9,UIP-NSK-202606-FIPV-119,PHC-NSK-01,nurse_nsk_01,FALSE,Routine UIP session.
NSK-2026-0174,BCG,1,BCG (At Birth),2026-05-14,2026-05-14,0,UIP-NSK-202605-BCG-846,PHC-NSK-03,nurse_nsk_03,FALSE,Administered at hospital after delivery.
NSK-2026-0174,OPV,1,OPV Zero Dose (At Birth),2026-05-14,2026-05-14,0,UIP-NSK-202605-OPV-192,PHC-NSK-03,nurse_nsk_03,FALSE,Administered at hospital after delivery.
NSK-2026-0174,HepB,1,Hepatitis B Birth Dose,2026-05-14,2026-05-14,0,UIP-NSK-202605-HEPB-167,PHC-NSK-03,nurse_nsk_03,FALSE,Administered at hospital after delivery.
NSK-2026-0174,OPV,2,OPV-1 (6 Weeks),2026-06-25,2026-06-25,0,UIP-NSK-202606-OPV-466,PHC-NSK-03,nurse_nsk_03,FALSE,Routine UIP session.
NSK-2026-0174,Penta,1,Pentavalent-1 (6 Weeks),2026-06-25,2026-06-26,1,UIP-NSK-202606-PENTA-419,PHC-NSK-03,nurse_nsk_03,FALSE,Routine UIP session.
NSK-2026-0174,Rota,1,Rotavirus-1 (6 Weeks),2026-06-25,2026-06-27,2,UIP-NSK-202606-ROTA-270,PHC-NSK-09,nurse_nsk_09,FALSE,Routine UIP session.
NSK-2026-0174,fIPV,1,fIPV-1 (6 Weeks),2026-06-25,2026-06-25,0,UIP-NSK-202606-FIPV-316,PHC-NSK-03,nurse_nsk_03,FALSE,Routine UIP session.
NSK-2026-0174,PCV,1,PCV-1 (6 Weeks),2026-06-25,2026-06-25,0,UIP-NSK-202606-PCV-523,PHC-NSK-03,nurse_nsk_03,FALSE,Routine UIP session.
NSK-2026-0174,OPV,3,OPV-2 (10 Weeks),2026-07-23,2026-07-23,0,UIP-NSK-202607-OPV-520,PHC-NSK-03,nurse_nsk_03,FALSE,Routine UIP session.
NSK-2026-0174,Penta,2,Pentavalent-2 (10 Weeks),2026-07-23,2026-07-24,1,UIP-NSK-202607-PENTA-735,PHC-NSK-03,nurse_nsk_03,FALSE,Routine UIP session.
NSK-2026-0174,Rota,2,Rotavirus-2 (10 Weeks),2026-07-23,2026-07-25,2,UIP-NSK-202607-ROTA-806,PHC-NSK-03,nurse_nsk_03,FALSE,Routine UIP session.
NSK-2026-0174,OPV,4,OPV-3 (14 Weeks),2026-08-20,2026-08-20,0,UIP-NSK-202608-OPV-476,PHC-NSK-03,nurse_nsk_03,FALSE,Routine UIP session.
NSK-2026-0174,Penta,3,Pentavalent-3 (14 Weeks),2026-08-20,2026-08-21,1,UIP-NSK-202608-PENTA-223,PHC-NSK-03,nurse_nsk_03,FALSE,Routine UIP session.
NSK-2026-0174,Rota,3,Rotavirus-3 (14 Weeks),2026-08-20,2026-08-22,2,UIP-NSK-202608-ROTA-347,PHC-NSK-03,nurse_nsk_03,FALSE,Routine UIP session.
NSK-2026-0174,fIPV,2,fIPV-2 (14 Weeks),2026-08-20,2026-08-20,0,UIP-NSK-202608-FIPV-929,PHC-NSK-03,nurse_nsk_03,FALSE,Routine UIP session.
NSK-2026-0174,PCV,2,PCV-2 (14 Weeks),2026-08-20,2026-08-20,0,UIP-NSK-202608-PCV-564,PHC-NSK-03,nurse_nsk_03,FALSE,Routine UIP session.
NSK-2026-0175,OPV,1,OPV Zero Dose (At Birth),2026-02-21,2026-02-21,0,UIP-NSK-202602-OPV-272,PHC-NSK-07,nurse_nsk_07,FALSE,Administered at hospital after delivery.
NSK-2026-0175,HepB,1,Hepatitis B Birth Dose,2026-02-21,2026-02-21,0,UIP-NSK-202602-HEPB-218,PHC-NSK-07,nurse_nsk_07,FALSE,Administered at hospital after delivery.
NSK-2026-0175,OPV,2,OPV-1 (6 Weeks),2026-04-04,2026-04-04,0,UIP-NSK-202604-OPV-699,PHC-NSK-07,nurse_nsk_07,FALSE,Routine UIP session.
NSK-2026-0175,Penta,1,Pentavalent-1 (6 Weeks),2026-04-04,2026-04-04,0,UIP-NSK-202604-PENTA-928,PHC-NSK-07,nurse_nsk_07,FALSE,Routine UIP session.
NSK-2026-0175,Rota,1,Rotavirus-1 (6 Weeks),2026-04-04,2026-04-05,1,UIP-NSK-202604-ROTA-533,PHC-NSK-07,nurse_nsk_07,FALSE,Routine UIP session.
NSK-2026-0175,fIPV,1,fIPV-1 (6 Weeks),2026-04-04,2026-04-06,2,UIP-NSK-202604-FIPV-940,PHC-NSK-07,nurse_nsk_07,FALSE,Routine UIP session.
NSK-2026-0175,PCV,1,PCV-1 (6 Weeks),2026-04-04,2026-04-11,7,UIP-NSK-202604-PCV-878,PHC-NSK-07,nurse_nsk_07,FALSE,Routine UIP session.
NSK-2026-0175,OPV,3,OPV-2 (10 Weeks),2026-05-02,2026-05-02,0,UIP-NSK-202605-OPV-779,PHC-NSK-07,nurse_nsk_07,FALSE,Routine UIP session.
NSK-2026-0175,Penta,2,Pentavalent-2 (10 Weeks),2026-05-02,2026-05-02,0,UIP-NSK-202605-PENTA-299,PHC-NSK-08,nurse_nsk_08,FALSE,Routine UIP session.
NSK-2026-0175,Rota,2,Rotavirus-2 (10 Weeks),2026-05-02,2026-05-03,1,UIP-NSK-202605-ROTA-787,PHC-NSK-07,nurse_nsk_07,FALSE,Routine UIP session.
NSK-2026-0175,OPV,4,OPV-3 (14 Weeks),2026-05-30,2026-05-30,0,UIP-NSK-202605-OPV-544,PHC-NSK-07,nurse_nsk_07,FALSE,Routine UIP session.
NSK-2026-0175,Penta,3,Pentavalent-3 (14 Weeks),2026-05-30,2026-06-02,3,UIP-NSK-202606-PENTA-354,PHC-NSK-07,nurse_nsk_07,FALSE,Routine UIP session.
NSK-2026-0175,Rota,3,Rotavirus-3 (14 Weeks),2026-05-30,2026-06-02,3,UIP-NSK-202606-ROTA-194,PHC-NSK-07,nurse_nsk_07,FALSE,Routine UIP session.
NSK-2026-0175,fIPV,2,fIPV-2 (14 Weeks),2026-05-30,2026-05-30,0,UIP-NSK-202605-FIPV-978,PHC-NSK-07,nurse_nsk_07,FALSE,Routine UIP session.
NSK-2026-0175,PCV,2,PCV-2 (14 Weeks),2026-05-30,2026-06-03,4,UIP-NSK-202606-PCV-625,PHC-NSK-07,nurse_nsk_07,FALSE,Routine UIP session.
NSK-2026-0176,BCG,1,BCG (At Birth),2026-06-10,2026-06-10,0,UIP-NSK-202606-BCG-464,PHC-NSK-08,nurse_nsk_08,FALSE,Administered at hospital after delivery.
NSK-2026-0176,OPV,1,OPV Zero Dose (At Birth),2026-06-10,2026-06-10,0,UIP-NSK-202606-OPV-783,PHC-NSK-08,nurse_nsk_08,FALSE,Administered at hospital after delivery.
NSK-2026-0176,HepB,1,Hepatitis B Birth Dose,2026-06-10,2026-06-10,0,UIP-NSK-202606-HEPB-718,PHC-NSK-08,nurse_nsk_08,FALSE,Administered at hospital after delivery.
NSK-2026-0176,OPV,2,OPV-1 (6 Weeks),2026-07-22,2026-07-22,0,UIP-NSK-202607-OPV-503,PHC-NSK-08,nurse_nsk_08,FALSE,Routine UIP session.
NSK-2026-0176,Penta,1,Pentavalent-1 (6 Weeks),2026-07-22,2026-07-22,0,UIP-NSK-202607-PENTA-576,PHC-NSK-08,nurse_nsk_08,FALSE,Routine UIP session.
NSK-2026-0176,Rota,1,Rotavirus-1 (6 Weeks),2026-07-22,2026-07-22,0,UIP-NSK-202607-ROTA-588,PHC-NSK-08,nurse_nsk_08,FALSE,Routine UIP session.
NSK-2026-0176,fIPV,1,fIPV-1 (6 Weeks),2026-07-22,2026-07-22,0,UIP-NSK-202607-FIPV-962,PHC-NSK-08,nurse_nsk_08,FALSE,Routine UIP session.
NSK-2026-0176,PCV,1,PCV-1 (6 Weeks),2026-07-22,2026-07-22,0,UIP-NSK-202607-PCV-336,PHC-NSK-08,nurse_nsk_08,FALSE,Routine UIP session.
NSK-2026-0176,OPV,3,OPV-2 (10 Weeks),2026-08-19,2026-08-19,0,UIP-NSK-202608-OPV-546,PHC-NSK-08,nurse_nsk_08,FALSE,Routine UIP session.
NSK-2026-0176,Penta,2,Pentavalent-2 (10 Weeks),2026-08-19,2026-08-22,3,UIP-NSK-202608-PENTA-397,PHC-NSK-08,nurse_nsk_08,FALSE,Routine UIP session.
NSK-2026-0176,Rota,2,Rotavirus-2 (10 Weeks),2026-08-19,2026-08-19,0,UIP-NSK-202608-ROTA-296,PHC-NSK-08,nurse_nsk_08,FALSE,Routine UIP session.
NSK-2026-0176,OPV,4,OPV-3 (14 Weeks),2026-09-16,2026-09-16,0,UIP-NSK-202609-OPV-237,PHC-NSK-07,nurse_nsk_07,FALSE,Routine UIP session.
NSK-2026-0176,Penta,3,Pentavalent-3 (14 Weeks),2026-09-16,2026-09-19,3,UIP-NSK-202609-PENTA-330,PHC-NSK-08,nurse_nsk_08,FALSE,Routine UIP session.
NSK-2026-0176,Rota,3,Rotavirus-3 (14 Weeks),2026-09-16,2026-09-16,0,UIP-NSK-202609-ROTA-681,PHC-NSK-08,nurse_nsk_08,FALSE,Routine UIP session.
NSK-2026-0176,fIPV,2,fIPV-2 (14 Weeks),2026-09-16,2026-09-16,0,UIP-NSK-202609-FIPV-222,PHC-NSK-08,nurse_nsk_08,FALSE,Routine UIP session.
NSK-2026-0176,PCV,2,PCV-2 (14 Weeks),2026-09-16,2026-09-16,0,UIP-NSK-202609-PCV-157,PHC-NSK-08,nurse_nsk_08,FALSE,Routine UIP session.
NSK-2026-0177,BCG,1,BCG (At Birth),2026-02-10,2026-02-10,0,UIP-NSK-202602-BCG-195,PHC-NSK-01,nurse_nsk_01,FALSE,Administered at hospital after delivery.
NSK-2026-0177,OPV,1,OPV Zero Dose (At Birth),2026-02-10,2026-02-10,0,UIP-NSK-202602-OPV-359,PHC-NSK-01,nurse_nsk_01,FALSE,Administered at hospital after delivery.
NSK-2026-0177,HepB,1,Hepatitis B Birth Dose,2026-02-10,2026-02-10,0,UIP-NSK-202602-HEPB-805,PHC-NSK-01,nurse_nsk_01,FALSE,Administered at hospital after delivery.
NSK-2026-0177,OPV,2,OPV-1 (6 Weeks),2026-03-24,2026-03-28,4,UIP-NSK-202603-OPV-692,PHC-NSK-01,nurse_nsk_01,FALSE,Routine UIP session.
NSK-2026-0177,Rota,1,Rotavirus-1 (6 Weeks),2026-03-24,2026-03-30,6,UIP-NSK-202603-ROTA-431,PHC-NSK-04,nurse_nsk_04,FALSE,Routine UIP session.
NSK-2026-0177,PCV,1,PCV-1 (6 Weeks),2026-03-24,2026-03-28,4,UIP-NSK-202603-PCV-812,PHC-NSK-01,nurse_nsk_01,FALSE,Routine UIP session.
NSK-2026-0177,OPV,3,OPV-2 (10 Weeks),2026-04-21,2026-05-05,14,UIP-NSK-202605-OPV-788,PHC-NSK-01,nurse_nsk_01,FALSE,Routine UIP session.
NSK-2026-0177,Penta,2,Pentavalent-2 (10 Weeks),2026-04-21,2026-04-28,7,UIP-NSK-202604-PENTA-558,PHC-NSK-01,nurse_nsk_01,FALSE,Routine UIP session.
NSK-2026-0177,Rota,2,Rotavirus-2 (10 Weeks),2026-04-21,2026-05-02,11,UIP-NSK-202605-ROTA-461,PHC-NSK-01,nurse_nsk_01,FALSE,Routine UIP session.
NSK-2026-0177,OPV,4,OPV-3 (14 Weeks),2026-05-19,2026-06-02,14,UIP-NSK-202606-OPV-334,PHC-NSK-01,nurse_nsk_01,FALSE,Routine UIP session.
NSK-2026-0177,Penta,3,Pentavalent-3 (14 Weeks),2026-05-19,2026-06-02,14,UIP-NSK-202606-PENTA-234,PHC-NSK-01,nurse_nsk_01,FALSE,Routine UIP session.
NSK-2026-0177,Rota,3,Rotavirus-3 (14 Weeks),2026-05-19,2026-06-03,15,UIP-NSK-202606-ROTA-199,PHC-NSK-01,nurse_nsk_01,FALSE,Routine UIP session.
NSK-2026-0177,fIPV,2,fIPV-2 (14 Weeks),2026-05-19,2026-05-24,5,UIP-NSK-202605-FIPV-320,PHC-NSK-01,nurse_nsk_01,FALSE,Routine UIP session.
NSK-2026-0177,PCV,2,PCV-2 (14 Weeks),2026-05-19,2026-05-28,9,UIP-NSK-202605-PCV-173,PHC-NSK-01,nurse_nsk_01,FALSE,Routine UIP session.
NSK-2026-0178,BCG,1,BCG (At Birth),2026-04-27,2026-04-27,0,UIP-NSK-202604-BCG-207,PHC-NSK-10,nurse_nsk_10,FALSE,Administered at hospital after delivery.
NSK-2026-0178,OPV,1,OPV Zero Dose (At Birth),2026-04-27,2026-04-27,0,UIP-NSK-202604-OPV-472,PHC-NSK-10,nurse_nsk_10,FALSE,Administered at hospital after delivery.
NSK-2026-0178,HepB,1,Hepatitis B Birth Dose,2026-04-27,2026-04-27,0,UIP-NSK-202604-HEPB-838,PHC-NSK-10,nurse_nsk_10,FALSE,Administered at hospital after delivery.
NSK-2026-0178,OPV,2,OPV-1 (6 Weeks),2026-06-08,2026-06-08,0,UIP-NSK-202606-OPV-428,PHC-NSK-10,nurse_nsk_10,FALSE,Routine UIP session.
NSK-2026-0178,Penta,1,Pentavalent-1 (6 Weeks),2026-06-08,2026-06-08,0,UIP-NSK-202606-PENTA-164,PHC-NSK-10,nurse_nsk_10,FALSE,Routine UIP session.
NSK-2026-0178,fIPV,1,fIPV-1 (6 Weeks),2026-06-08,2026-06-08,0,UIP-NSK-202606-FIPV-464,PHC-NSK-10,nurse_nsk_10,FALSE,Routine UIP session.
NSK-2026-0178,PCV,1,PCV-1 (6 Weeks),2026-06-08,2026-06-11,3,UIP-NSK-202606-PCV-270,PHC-NSK-10,nurse_nsk_10,FALSE,Routine UIP session.
NSK-2026-0178,OPV,3,OPV-2 (10 Weeks),2026-07-06,2026-07-06,0,UIP-NSK-202607-OPV-486,PHC-NSK-10,nurse_nsk_10,FALSE,Routine UIP session.
NSK-2026-0178,Penta,2,Pentavalent-2 (10 Weeks),2026-07-06,2026-07-08,2,UIP-NSK-202607-PENTA-188,PHC-NSK-10,nurse_nsk_10,FALSE,Routine UIP session.
NSK-2026-0178,OPV,4,OPV-3 (14 Weeks),2026-08-03,2026-08-03,0,UIP-NSK-202608-OPV-145,PHC-NSK-09,nurse_nsk_09,FALSE,Routine UIP session.
NSK-2026-0178,Penta,3,Pentavalent-3 (14 Weeks),2026-08-03,2026-08-05,2,UIP-NSK-202608-PENTA-468,PHC-NSK-10,nurse_nsk_10,FALSE,Routine UIP session.
NSK-2026-0178,Rota,3,Rotavirus-3 (14 Weeks),2026-08-03,2026-08-07,4,UIP-NSK-202608-ROTA-770,PHC-NSK-10,nurse_nsk_10,FALSE,Routine UIP session.
NSK-2026-0178,fIPV,2,fIPV-2 (14 Weeks),2026-08-03,2026-08-05,2,UIP-NSK-202608-FIPV-107,PHC-NSK-10,nurse_nsk_10,FALSE,Routine UIP session.
NSK-2026-0178,PCV,2,PCV-2 (14 Weeks),2026-08-03,2026-08-06,3,UIP-NSK-202608-PCV-919,PHC-NSK-10,nurse_nsk_10,FALSE,Routine UIP session.
NSK-2026-0179,BCG,1,BCG (At Birth),2026-05-05,2026-05-05,0,UIP-NSK-202605-BCG-677,PHC-NSK-02,nurse_nsk_02,FALSE,Administered at hospital after delivery.
NSK-2026-0179,OPV,1,OPV Zero Dose (At Birth),2026-05-05,2026-05-05,0,UIP-NSK-202605-OPV-781,PHC-NSK-02,nurse_nsk_02,FALSE,Administered at hospital after delivery.
NSK-2026-0179,HepB,1,Hepatitis B Birth Dose,2026-05-05,2026-05-05,0,UIP-NSK-202605-HEPB-931,PHC-NSK-02,nurse_nsk_02,FALSE,Administered at hospital after delivery.
NSK-2026-0179,OPV,2,OPV-1 (6 Weeks),2026-06-16,2026-06-22,6,UIP-NSK-202606-OPV-718,PHC-NSK-02,nurse_nsk_02,FALSE,Routine UIP session.
NSK-2026-0179,Penta,1,Pentavalent-1 (6 Weeks),2026-06-16,2026-06-17,1,UIP-NSK-202606-PENTA-670,PHC-NSK-02,nurse_nsk_02,FALSE,Routine UIP session.
NSK-2026-0179,Rota,1,Rotavirus-1 (6 Weeks),2026-06-16,2026-07-02,16,UIP-NSK-202607-ROTA-110,PHC-NSK-02,nurse_nsk_02,FALSE,Routine UIP session.
NSK-2026-0179,PCV,1,PCV-1 (6 Weeks),2026-06-16,2026-06-26,10,UIP-NSK-202606-PCV-328,PHC-NSK-02,nurse_nsk_02,FALSE,Routine UIP session.
NSK-2026-0179,OPV,3,OPV-2 (10 Weeks),2026-07-14,2026-07-23,9,UIP-NSK-202607-OPV-616,PHC-NSK-02,nurse_nsk_02,FALSE,Routine UIP session.
NSK-2026-0179,Penta,2,Pentavalent-2 (10 Weeks),2026-07-14,2026-07-17,3,UIP-NSK-202607-PENTA-859,PHC-NSK-02,nurse_nsk_02,FALSE,Routine UIP session.
NSK-2026-0179,Rota,2,Rotavirus-2 (10 Weeks),2026-07-14,2026-07-30,16,UIP-NSK-202607-ROTA-377,PHC-NSK-02,nurse_nsk_02,FALSE,Routine UIP session.
NSK-2026-0179,OPV,4,OPV-3 (14 Weeks),2026-08-11,2026-08-24,13,UIP-NSK-202608-OPV-983,PHC-NSK-02,nurse_nsk_02,FALSE,Routine UIP session.
NSK-2026-0179,Penta,3,Pentavalent-3 (14 Weeks),2026-08-11,2026-08-29,18,UIP-NSK-202608-PENTA-978,PHC-NSK-02,nurse_nsk_02,FALSE,Routine UIP session.
NSK-2026-0179,Rota,3,Rotavirus-3 (14 Weeks),2026-08-11,2026-08-27,16,UIP-NSK-202608-ROTA-418,PHC-NSK-02,nurse_nsk_02,FALSE,Routine UIP session.
NSK-2026-0179,PCV,2,PCV-2 (14 Weeks),2026-08-11,2026-08-20,9,UIP-NSK-202608-PCV-819,PHC-NSK-02,nurse_nsk_02,FALSE,Routine UIP session.
NSK-2026-0180,BCG,1,BCG (At Birth),2026-03-08,2026-03-16,8,UIP-NSK-202603-BCG-904,PHC-NSK-02,nurse_nsk_02,FALSE,Routine UIP session.
NSK-2026-0180,OPV,1,OPV Zero Dose (At Birth),2026-03-08,2026-03-08,0,UIP-NSK-202603-OPV-642,PHC-NSK-02,nurse_nsk_02,FALSE,Administered at hospital after delivery.
NSK-2026-0180,HepB,1,Hepatitis B Birth Dose,2026-03-08,2026-03-08,0,UIP-NSK-202603-HEPB-586,PHC-NSK-02,nurse_nsk_02,FALSE,Administered at hospital after delivery.
NSK-2026-0180,OPV,2,OPV-1 (6 Weeks),2026-04-19,2026-04-29,10,UIP-NSK-202604-OPV-353,PHC-NSK-02,nurse_nsk_02,FALSE,Routine UIP session.
NSK-2026-0180,Penta,1,Pentavalent-1 (6 Weeks),2026-04-19,2026-04-25,6,UIP-NSK-202604-PENTA-140,PHC-NSK-07,nurse_nsk_07,FALSE,Routine UIP session.
NSK-2026-0180,Rota,1,Rotavirus-1 (6 Weeks),2026-04-19,2026-04-23,4,UIP-NSK-202604-ROTA-356,PHC-NSK-02,nurse_nsk_02,FALSE,Routine UIP session.
NSK-2026-0180,fIPV,1,fIPV-1 (6 Weeks),2026-04-19,2026-04-27,8,UIP-NSK-202604-FIPV-753,PHC-NSK-02,nurse_nsk_02,FALSE,Routine UIP session.
NSK-2026-0180,PCV,1,PCV-1 (6 Weeks),2026-04-19,2026-04-26,7,UIP-NSK-202604-PCV-774,PHC-NSK-10,nurse_nsk_10,FALSE,Routine UIP session.
NSK-2026-0180,OPV,3,OPV-2 (10 Weeks),2026-05-17,2026-05-27,10,UIP-NSK-202605-OPV-305,PHC-NSK-02,nurse_nsk_02,FALSE,Routine UIP session.
NSK-2026-0180,Penta,2,Pentavalent-2 (10 Weeks),2026-05-17,2026-05-26,9,UIP-NSK-202605-PENTA-780,PHC-NSK-02,nurse_nsk_02,FALSE,Routine UIP session.
NSK-2026-0180,Rota,2,Rotavirus-2 (10 Weeks),2026-05-17,2026-05-21,4,UIP-NSK-202605-ROTA-494,PHC-NSK-03,nurse_nsk_03,FALSE,Routine UIP session.
NSK-2026-0180,OPV,4,OPV-3 (14 Weeks),2026-06-14,2026-06-30,16,UIP-NSK-202606-OPV-270,PHC-NSK-02,nurse_nsk_02,FALSE,Routine UIP session.
NSK-2026-0180,Penta,3,Pentavalent-3 (14 Weeks),2026-06-14,2026-06-23,9,UIP-NSK-202606-PENTA-620,PHC-NSK-02,nurse_nsk_02,FALSE,Routine UIP session.
NSK-2026-0180,fIPV,2,fIPV-2 (14 Weeks),2026-06-14,2026-06-25,11,UIP-NSK-202606-FIPV-433,PHC-NSK-02,nurse_nsk_02,FALSE,Routine UIP session.
NSK-2026-0180,PCV,2,PCV-2 (14 Weeks),2026-06-14,2026-06-23,9,UIP-NSK-202606-PCV-642,PHC-NSK-02,nurse_nsk_02,FALSE,Routine UIP session.
NSK-2026-0181,BCG,1,BCG (At Birth),2026-05-28,2026-05-28,0,UIP-NSK-202605-BCG-144,PHC-NSK-10,nurse_nsk_10,FALSE,Administered at hospital after delivery.
NSK-2026-0181,OPV,1,OPV Zero Dose (At Birth),2026-05-28,2026-05-28,0,UIP-NSK-202605-OPV-125,PHC-NSK-10,nurse_nsk_10,FALSE,Administered at hospital after delivery.
NSK-2026-0181,HepB,1,Hepatitis B Birth Dose,2026-05-28,2026-05-28,0,UIP-NSK-202605-HEPB-448,PHC-NSK-10,nurse_nsk_10,FALSE,Administered at hospital after delivery.
NSK-2026-0181,OPV,2,OPV-1 (6 Weeks),2026-07-09,2026-07-24,15,UIP-NSK-202607-OPV-990,PHC-NSK-10,nurse_nsk_10,FALSE,Routine UIP session.
NSK-2026-0181,Penta,1,Pentavalent-1 (6 Weeks),2026-07-09,2026-07-17,8,UIP-NSK-202607-PENTA-904,PHC-NSK-08,nurse_nsk_08,FALSE,Routine UIP session.
NSK-2026-0181,Rota,1,Rotavirus-1 (6 Weeks),2026-07-09,2026-07-13,4,UIP-NSK-202607-ROTA-926,PHC-NSK-10,nurse_nsk_10,FALSE,Routine UIP session.
NSK-2026-0181,OPV,3,OPV-2 (10 Weeks),2026-08-06,2026-08-21,15,UIP-NSK-202608-OPV-481,PHC-NSK-10,nurse_nsk_10,FALSE,Routine UIP session.
NSK-2026-0181,Penta,2,Pentavalent-2 (10 Weeks),2026-08-06,2026-08-14,8,UIP-NSK-202608-PENTA-513,PHC-NSK-10,nurse_nsk_10,FALSE,Routine UIP session.
NSK-2026-0181,Rota,2,Rotavirus-2 (10 Weeks),2026-08-06,2026-08-19,13,UIP-NSK-202608-ROTA-781,PHC-NSK-10,nurse_nsk_10,FALSE,Routine UIP session.
NSK-2026-0181,OPV,4,OPV-3 (14 Weeks),2026-09-03,2026-09-18,15,UIP-NSK-202609-OPV-827,PHC-NSK-10,nurse_nsk_10,FALSE,Routine UIP session.
NSK-2026-0181,Penta,3,Pentavalent-3 (14 Weeks),2026-09-03,2026-09-11,8,UIP-NSK-202609-PENTA-889,PHC-NSK-10,nurse_nsk_10,FALSE,Routine UIP session.
NSK-2026-0181,Rota,3,Rotavirus-3 (14 Weeks),2026-09-03,2026-09-16,13,UIP-NSK-202609-ROTA-176,PHC-NSK-10,nurse_nsk_10,FALSE,Routine UIP session.
NSK-2026-0181,fIPV,2,fIPV-2 (14 Weeks),2026-09-03,2026-09-10,7,UIP-NSK-202609-FIPV-649,PHC-NSK-10,nurse_nsk_10,FALSE,Routine UIP session.
NSK-2026-0181,PCV,2,PCV-2 (14 Weeks),2026-09-03,2026-09-07,4,UIP-NSK-202609-PCV-506,PHC-NSK-10,nurse_nsk_10,FALSE,Routine UIP session.
NSK-2026-0182,BCG,1,BCG (At Birth),2026-02-02,2026-02-02,0,UIP-NSK-202602-BCG-171,PHC-NSK-03,nurse_nsk_03,FALSE,Administered at hospital after delivery.
NSK-2026-0182,OPV,1,OPV Zero Dose (At Birth),2026-02-02,2026-02-02,0,UIP-NSK-202602-OPV-364,PHC-NSK-03,nurse_nsk_03,FALSE,Administered at hospital after delivery.
NSK-2026-0182,HepB,1,Hepatitis B Birth Dose,2026-02-02,2026-02-02,0,UIP-NSK-202602-HEPB-299,PHC-NSK-03,nurse_nsk_03,FALSE,Administered at hospital after delivery.
NSK-2026-0182,OPV,2,OPV-1 (6 Weeks),2026-03-16,2026-03-18,2,UIP-NSK-202603-OPV-470,PHC-NSK-03,nurse_nsk_03,FALSE,Routine UIP session.
NSK-2026-0182,Penta,1,Pentavalent-1 (6 Weeks),2026-03-16,2026-03-18,2,UIP-NSK-202603-PENTA-937,PHC-NSK-03,nurse_nsk_03,FALSE,Routine UIP session.
NSK-2026-0182,Rota,1,Rotavirus-1 (6 Weeks),2026-03-16,2026-03-18,2,UIP-NSK-202603-ROTA-684,PHC-NSK-03,nurse_nsk_03,FALSE,Routine UIP session.
NSK-2026-0182,fIPV,1,fIPV-1 (6 Weeks),2026-03-16,2026-03-16,0,UIP-NSK-202603-FIPV-305,PHC-NSK-03,nurse_nsk_03,FALSE,Routine UIP session.
NSK-2026-0182,PCV,1,PCV-1 (6 Weeks),2026-03-16,2026-03-16,0,UIP-NSK-202603-PCV-720,PHC-NSK-06,nurse_nsk_06,FALSE,Routine UIP session.
NSK-2026-0182,OPV,3,OPV-2 (10 Weeks),2026-04-13,2026-04-16,3,UIP-NSK-202604-OPV-415,PHC-NSK-03,nurse_nsk_03,FALSE,Routine UIP session.
NSK-2026-0182,Penta,2,Pentavalent-2 (10 Weeks),2026-04-13,2026-04-15,2,UIP-NSK-202604-PENTA-102,PHC-NSK-07,nurse_nsk_07,FALSE,Routine UIP session.
NSK-2026-0182,Rota,2,Rotavirus-2 (10 Weeks),2026-04-13,2026-04-16,3,UIP-NSK-202604-ROTA-867,PHC-NSK-03,nurse_nsk_03,FALSE,Routine UIP session.
NSK-2026-0182,OPV,4,OPV-3 (14 Weeks),2026-05-11,2026-05-14,3,UIP-NSK-202605-OPV-618,PHC-NSK-03,nurse_nsk_03,FALSE,Routine UIP session.
NSK-2026-0182,Penta,3,Pentavalent-3 (14 Weeks),2026-05-11,2026-05-13,2,UIP-NSK-202605-PENTA-254,PHC-NSK-03,nurse_nsk_03,FALSE,Routine UIP session.
NSK-2026-0182,Rota,3,Rotavirus-3 (14 Weeks),2026-05-11,2026-05-14,3,UIP-NSK-202605-ROTA-301,PHC-NSK-03,nurse_nsk_03,FALSE,Routine UIP session.
NSK-2026-0182,fIPV,2,fIPV-2 (14 Weeks),2026-05-11,2026-05-14,3,UIP-NSK-202605-FIPV-891,PHC-NSK-03,nurse_nsk_03,FALSE,Routine UIP session.
NSK-2026-0182,PCV,2,PCV-2 (14 Weeks),2026-05-11,2026-05-11,0,UIP-NSK-202605-PCV-440,PHC-NSK-03,nurse_nsk_03,FALSE,Routine UIP session.
NSK-2026-0183,BCG,1,BCG (At Birth),2026-05-23,2026-05-23,0,UIP-NSK-202605-BCG-162,PHC-NSK-09,nurse_nsk_09,FALSE,Administered at hospital after delivery.
NSK-2026-0183,OPV,1,OPV Zero Dose (At Birth),2026-05-23,2026-05-23,0,UIP-NSK-202605-OPV-484,PHC-NSK-09,nurse_nsk_09,FALSE,Administered at hospital after delivery.
NSK-2026-0183,HepB,1,Hepatitis B Birth Dose,2026-05-23,2026-05-23,0,UIP-NSK-202605-HEPB-160,PHC-NSK-09,nurse_nsk_09,FALSE,Administered at hospital after delivery.
NSK-2026-0183,OPV,2,OPV-1 (6 Weeks),2026-07-04,2026-07-04,0,UIP-NSK-202607-OPV-959,PHC-NSK-09,nurse_nsk_09,FALSE,Routine UIP session.
NSK-2026-0183,Penta,1,Pentavalent-1 (6 Weeks),2026-07-04,2026-07-04,0,UIP-NSK-202607-PENTA-702,PHC-NSK-09,nurse_nsk_09,FALSE,Routine UIP session.
NSK-2026-0183,Rota,1,Rotavirus-1 (6 Weeks),2026-07-04,2026-07-04,0,UIP-NSK-202607-ROTA-848,PHC-NSK-09,nurse_nsk_09,FALSE,Routine UIP session.
NSK-2026-0183,fIPV,1,fIPV-1 (6 Weeks),2026-07-04,2026-07-04,0,UIP-NSK-202607-FIPV-283,PHC-NSK-08,nurse_nsk_08,FALSE,Routine UIP session.
NSK-2026-0183,PCV,1,PCV-1 (6 Weeks),2026-07-04,2026-07-04,0,UIP-NSK-202607-PCV-394,PHC-NSK-09,nurse_nsk_09,FALSE,Routine UIP session.
NSK-2026-0183,OPV,3,OPV-2 (10 Weeks),2026-08-01,2026-08-01,0,UIP-NSK-202608-OPV-863,PHC-NSK-09,nurse_nsk_09,FALSE,Routine UIP session.
NSK-2026-0183,Penta,2,Pentavalent-2 (10 Weeks),2026-08-01,2026-08-01,0,UIP-NSK-202608-PENTA-932,PHC-NSK-09,nurse_nsk_09,FALSE,Routine UIP session.
NSK-2026-0183,Rota,2,Rotavirus-2 (10 Weeks),2026-08-01,2026-08-02,1,UIP-NSK-202608-ROTA-124,PHC-NSK-09,nurse_nsk_09,FALSE,Routine UIP session.
NSK-2026-0183,OPV,4,OPV-3 (14 Weeks),2026-08-29,2026-08-29,0,UIP-NSK-202608-OPV-323,PHC-NSK-09,nurse_nsk_09,FALSE,Routine UIP session.
NSK-2026-0183,Penta,3,Pentavalent-3 (14 Weeks),2026-08-29,2026-08-29,0,UIP-NSK-202608-PENTA-170,PHC-NSK-09,nurse_nsk_09,FALSE,Routine UIP session.
NSK-2026-0183,Rota,3,Rotavirus-3 (14 Weeks),2026-08-29,2026-08-30,1,UIP-NSK-202608-ROTA-709,PHC-NSK-09,nurse_nsk_09,FALSE,Routine UIP session.
NSK-2026-0183,fIPV,2,fIPV-2 (14 Weeks),2026-08-29,2026-09-05,7,UIP-NSK-202609-FIPV-207,PHC-NSK-09,nurse_nsk_09,FALSE,Routine UIP session.
NSK-2026-0184,BCG,1,BCG (At Birth),2026-02-06,2026-02-06,0,UIP-NSK-202602-BCG-500,PHC-NSK-01,nurse_nsk_01,FALSE,Administered at hospital after delivery.
NSK-2026-0184,OPV,1,OPV Zero Dose (At Birth),2026-02-06,2026-02-06,0,UIP-NSK-202602-OPV-842,PHC-NSK-06,nurse_nsk_06,FALSE,Administered at hospital after delivery.
NSK-2026-0184,HepB,1,Hepatitis B Birth Dose,2026-02-06,2026-02-08,2,UIP-NSK-202602-HEPB-741,PHC-NSK-01,nurse_nsk_01,FALSE,Routine UIP session.
NSK-2026-0184,OPV,2,OPV-1 (6 Weeks),2026-03-20,2026-03-20,0,UIP-NSK-202603-OPV-100,PHC-NSK-01,nurse_nsk_01,FALSE,Routine UIP session.
NSK-2026-0184,Penta,1,Pentavalent-1 (6 Weeks),2026-03-20,2026-03-20,0,UIP-NSK-202603-PENTA-964,PHC-NSK-01,nurse_nsk_01,FALSE,Routine UIP session.
NSK-2026-0184,Rota,1,Rotavirus-1 (6 Weeks),2026-03-20,2026-03-20,0,UIP-NSK-202603-ROTA-651,PHC-NSK-01,nurse_nsk_01,FALSE,Routine UIP session.
NSK-2026-0184,fIPV,1,fIPV-1 (6 Weeks),2026-03-20,2026-03-26,6,UIP-NSK-202603-FIPV-219,PHC-NSK-01,nurse_nsk_01,FALSE,Routine UIP session.
NSK-2026-0184,PCV,1,PCV-1 (6 Weeks),2026-03-20,2026-03-20,0,UIP-NSK-202603-PCV-533,PHC-NSK-01,nurse_nsk_01,FALSE,Routine UIP session.
NSK-2026-0184,OPV,3,OPV-2 (10 Weeks),2026-04-17,2026-04-17,0,UIP-NSK-202604-OPV-918,PHC-NSK-01,nurse_nsk_01,FALSE,Routine UIP session.
NSK-2026-0184,Penta,2,Pentavalent-2 (10 Weeks),2026-04-17,2026-04-17,0,UIP-NSK-202604-PENTA-294,PHC-NSK-01,nurse_nsk_01,FALSE,Routine UIP session.
NSK-2026-0184,Rota,2,Rotavirus-2 (10 Weeks),2026-04-17,2026-04-18,1,UIP-NSK-202604-ROTA-803,PHC-NSK-01,nurse_nsk_01,FALSE,Routine UIP session.
NSK-2026-0184,OPV,4,OPV-3 (14 Weeks),2026-05-15,2026-05-15,0,UIP-NSK-202605-OPV-452,PHC-NSK-01,nurse_nsk_01,FALSE,Routine UIP session.
NSK-2026-0184,Penta,3,Pentavalent-3 (14 Weeks),2026-05-15,2026-05-15,0,UIP-NSK-202605-PENTA-835,PHC-NSK-01,nurse_nsk_01,FALSE,Routine UIP session.
NSK-2026-0184,Rota,3,Rotavirus-3 (14 Weeks),2026-05-15,2026-05-16,1,UIP-NSK-202605-ROTA-187,PHC-NSK-01,nurse_nsk_01,FALSE,Routine UIP session.
NSK-2026-0184,PCV,2,PCV-2 (14 Weeks),2026-05-15,2026-05-15,0,UIP-NSK-202605-PCV-420,PHC-NSK-01,nurse_nsk_01,FALSE,Routine UIP session.
NSK-2026-0185,BCG,1,BCG (At Birth),2026-01-15,2026-01-15,0,UIP-NSK-202601-BCG-772,PHC-NSK-03,nurse_nsk_03,FALSE,Administered at hospital after delivery.
NSK-2026-0185,OPV,1,OPV Zero Dose (At Birth),2026-01-15,2026-01-15,0,UIP-NSK-202601-OPV-627,PHC-NSK-03,nurse_nsk_03,FALSE,Administered at hospital after delivery.
NSK-2026-0185,HepB,1,Hepatitis B Birth Dose,2026-01-15,2026-01-15,0,UIP-NSK-202601-HEPB-613,PHC-NSK-03,nurse_nsk_03,FALSE,Administered at hospital after delivery.
NSK-2026-0185,OPV,2,OPV-1 (6 Weeks),2026-02-26,2026-02-28,2,UIP-NSK-202602-OPV-653,PHC-NSK-03,nurse_nsk_03,FALSE,Routine UIP session.
NSK-2026-0185,Penta,1,Pentavalent-1 (6 Weeks),2026-02-26,2026-02-27,1,UIP-NSK-202602-PENTA-779,PHC-NSK-03,nurse_nsk_03,FALSE,Routine UIP session.
NSK-2026-0185,Rota,1,Rotavirus-1 (6 Weeks),2026-02-26,2026-03-01,3,UIP-NSK-202603-ROTA-444,PHC-NSK-03,nurse_nsk_03,FALSE,Routine UIP session.
NSK-2026-0185,fIPV,1,fIPV-1 (6 Weeks),2026-02-26,2026-02-26,0,UIP-NSK-202602-FIPV-257,PHC-NSK-03,nurse_nsk_03,FALSE,Routine UIP session.
NSK-2026-0185,PCV,1,PCV-1 (6 Weeks),2026-02-26,2026-02-26,0,UIP-NSK-202602-PCV-137,PHC-NSK-03,nurse_nsk_03,FALSE,Routine UIP session.
NSK-2026-0185,OPV,3,OPV-2 (10 Weeks),2026-03-26,2026-03-28,2,UIP-NSK-202603-OPV-734,PHC-NSK-03,nurse_nsk_03,FALSE,Routine UIP session.
NSK-2026-0185,Penta,2,Pentavalent-2 (10 Weeks),2026-03-26,2026-03-27,1,UIP-NSK-202603-PENTA-180,PHC-NSK-03,nurse_nsk_03,FALSE,Routine UIP session.
NSK-2026-0185,Rota,2,Rotavirus-2 (10 Weeks),2026-03-26,2026-03-29,3,UIP-NSK-202603-ROTA-951,PHC-NSK-03,nurse_nsk_03,FALSE,Routine UIP session.
NSK-2026-0185,OPV,4,OPV-3 (14 Weeks),2026-04-23,2026-04-25,2,UIP-NSK-202604-OPV-913,PHC-NSK-03,nurse_nsk_03,FALSE,Routine UIP session.
NSK-2026-0185,Penta,3,Pentavalent-3 (14 Weeks),2026-04-23,2026-04-24,1,UIP-NSK-202604-PENTA-660,PHC-NSK-03,nurse_nsk_03,FALSE,Routine UIP session.
NSK-2026-0185,Rota,3,Rotavirus-3 (14 Weeks),2026-04-23,2026-04-26,3,UIP-NSK-202604-ROTA-767,PHC-NSK-03,nurse_nsk_03,FALSE,Routine UIP session.
NSK-2026-0185,fIPV,2,fIPV-2 (14 Weeks),2026-04-23,2026-04-23,0,UIP-NSK-202604-FIPV-677,PHC-NSK-03,nurse_nsk_03,FALSE,Routine UIP session.
NSK-2026-0185,PCV,2,PCV-2 (14 Weeks),2026-04-23,2026-04-23,0,UIP-NSK-202604-PCV-617,PHC-NSK-03,nurse_nsk_03,FALSE,Routine UIP session.
NSK-2026-0186,BCG,1,BCG (At Birth),2026-05-19,2026-05-19,0,UIP-NSK-202605-BCG-742,PHC-NSK-04,nurse_nsk_04,FALSE,Administered at hospital after delivery.
NSK-2026-0186,OPV,1,OPV Zero Dose (At Birth),2026-05-19,2026-05-19,0,UIP-NSK-202605-OPV-170,PHC-NSK-04,nurse_nsk_04,FALSE,Administered at hospital after delivery.
NSK-2026-0186,HepB,1,Hepatitis B Birth Dose,2026-05-19,2026-05-19,0,UIP-NSK-202605-HEPB-674,PHC-NSK-10,nurse_nsk_10,FALSE,Administered at hospital after delivery.
NSK-2026-0186,OPV,2,OPV-1 (6 Weeks),2026-06-30,2026-07-03,3,UIP-NSK-202607-OPV-861,PHC-NSK-04,nurse_nsk_04,FALSE,Routine UIP session.
NSK-2026-0186,Penta,1,Pentavalent-1 (6 Weeks),2026-06-30,2026-06-30,0,UIP-NSK-202606-PENTA-372,PHC-NSK-04,nurse_nsk_04,FALSE,Routine UIP session.
NSK-2026-0186,Rota,1,Rotavirus-1 (6 Weeks),2026-06-30,2026-07-01,1,UIP-NSK-202607-ROTA-203,PHC-NSK-04,nurse_nsk_04,FALSE,Routine UIP session.
NSK-2026-0186,fIPV,1,fIPV-1 (6 Weeks),2026-06-30,2026-07-03,3,UIP-NSK-202607-FIPV-725,PHC-NSK-04,nurse_nsk_04,FALSE,Routine UIP session.
NSK-2026-0186,PCV,1,PCV-1 (6 Weeks),2026-06-30,2026-06-30,0,UIP-NSK-202606-PCV-997,PHC-NSK-04,nurse_nsk_04,TRUE,Mild fever and local swelling; resolved in 48 hours.
NSK-2026-0186,OPV,3,OPV-2 (10 Weeks),2026-07-28,2026-07-31,3,UIP-NSK-202607-OPV-581,PHC-NSK-04,nurse_nsk_04,FALSE,Routine UIP session.
NSK-2026-0186,Penta,2,Pentavalent-2 (10 Weeks),2026-07-28,2026-07-28,0,UIP-NSK-202607-PENTA-391,PHC-NSK-04,nurse_nsk_04,FALSE,Routine UIP session.
NSK-2026-0186,Rota,2,Rotavirus-2 (10 Weeks),2026-07-28,2026-07-29,1,UIP-NSK-202607-ROTA-649,PHC-NSK-04,nurse_nsk_04,FALSE,Routine UIP session.
NSK-2026-0186,OPV,4,OPV-3 (14 Weeks),2026-08-25,2026-08-28,3,UIP-NSK-202608-OPV-964,PHC-NSK-04,nurse_nsk_04,FALSE,Routine UIP session.
NSK-2026-0186,Penta,3,Pentavalent-3 (14 Weeks),2026-08-25,2026-08-25,0,UIP-NSK-202608-PENTA-902,PHC-NSK-04,nurse_nsk_04,FALSE,Routine UIP session.
NSK-2026-0186,Rota,3,Rotavirus-3 (14 Weeks),2026-08-25,2026-08-28,3,UIP-NSK-202608-ROTA-687,PHC-NSK-04,nurse_nsk_04,FALSE,Routine UIP session.
NSK-2026-0186,fIPV,2,fIPV-2 (14 Weeks),2026-08-25,2026-08-25,0,UIP-NSK-202608-FIPV-758,PHC-NSK-05,nurse_nsk_05,FALSE,Routine UIP session.
NSK-2026-0186,PCV,2,PCV-2 (14 Weeks),2026-08-25,2026-08-25,0,UIP-NSK-202608-PCV-127,PHC-NSK-04,nurse_nsk_04,FALSE,Routine UIP session.
NSK-2026-0187,BCG,1,BCG (At Birth),2026-01-04,2026-01-04,0,UIP-NSK-202601-BCG-122,PHC-NSK-04,nurse_nsk_04,FALSE,Administered at hospital after delivery.
NSK-2026-0187,OPV,1,OPV Zero Dose (At Birth),2026-01-04,2026-01-04,0,UIP-NSK-202601-OPV-985,PHC-NSK-04,nurse_nsk_04,FALSE,Administered at hospital after delivery.
NSK-2026-0187,HepB,1,Hepatitis B Birth Dose,2026-01-04,2026-01-04,0,UIP-NSK-202601-HEPB-926,PHC-NSK-04,nurse_nsk_04,FALSE,Administered at hospital after delivery.
NSK-2026-0187,OPV,2,OPV-1 (6 Weeks),2026-02-15,2026-02-16,1,UIP-NSK-202602-OPV-749,PHC-NSK-04,nurse_nsk_04,FALSE,Routine UIP session.
NSK-2026-0187,Penta,1,Pentavalent-1 (6 Weeks),2026-02-15,2026-02-15,0,UIP-NSK-202602-PENTA-753,PHC-NSK-04,nurse_nsk_04,FALSE,Routine UIP session.
NSK-2026-0187,fIPV,1,fIPV-1 (6 Weeks),2026-02-15,2026-02-15,0,UIP-NSK-202602-FIPV-984,PHC-NSK-04,nurse_nsk_04,FALSE,Routine UIP session.
NSK-2026-0187,PCV,1,PCV-1 (6 Weeks),2026-02-15,2026-02-15,0,UIP-NSK-202602-PCV-462,PHC-NSK-04,nurse_nsk_04,FALSE,Routine UIP session.
NSK-2026-0187,OPV,3,OPV-2 (10 Weeks),2026-03-15,2026-03-16,1,UIP-NSK-202603-OPV-950,PHC-NSK-04,nurse_nsk_04,FALSE,Routine UIP session.
NSK-2026-0187,Penta,2,Pentavalent-2 (10 Weeks),2026-03-15,2026-03-15,0,UIP-NSK-202603-PENTA-280,PHC-NSK-04,nurse_nsk_04,FALSE,Routine UIP session.
NSK-2026-0187,OPV,4,OPV-3 (14 Weeks),2026-04-12,2026-04-13,1,UIP-NSK-202604-OPV-649,PHC-NSK-04,nurse_nsk_04,FALSE,Routine UIP session.
NSK-2026-0187,Penta,3,Pentavalent-3 (14 Weeks),2026-04-12,2026-04-12,0,UIP-NSK-202604-PENTA-852,PHC-NSK-04,nurse_nsk_04,FALSE,Routine UIP session.
NSK-2026-0187,Rota,3,Rotavirus-3 (14 Weeks),2026-04-12,2026-04-12,0,UIP-NSK-202604-ROTA-673,PHC-NSK-04,nurse_nsk_04,FALSE,Routine UIP session.
NSK-2026-0187,fIPV,2,fIPV-2 (14 Weeks),2026-04-12,2026-04-12,0,UIP-NSK-202604-FIPV-450,PHC-NSK-01,nurse_nsk_01,FALSE,Routine UIP session.
NSK-2026-0187,PCV,2,PCV-2 (14 Weeks),2026-04-12,2026-04-12,0,UIP-NSK-202604-PCV-463,PHC-NSK-04,nurse_nsk_04,FALSE,Routine UIP session.
NSK-2026-0187,MR,1,MR-1 (9-12 Months),2026-10-04,2026-10-04,0,UIP-NSK-202610-MR-353,PHC-NSK-04,nurse_nsk_04,FALSE,Routine UIP session.
NSK-2026-0187,PCV,3,PCV Booster (9 Months),2026-10-04,2026-10-04,0,UIP-NSK-202610-PCV-159,PHC-NSK-04,nurse_nsk_04,FALSE,Routine UIP session.
NSK-2026-0188,BCG,1,BCG (At Birth),2026-04-11,2026-04-11,0,UIP-NSK-202604-BCG-651,PHC-NSK-04,nurse_nsk_04,FALSE,Administered at hospital after delivery.
NSK-2026-0188,OPV,1,OPV Zero Dose (At Birth),2026-04-11,2026-04-11,0,UIP-NSK-202604-OPV-577,PHC-NSK-04,nurse_nsk_04,FALSE,Administered at hospital after delivery.
NSK-2026-0188,HepB,1,Hepatitis B Birth Dose,2026-04-11,2026-04-11,0,UIP-NSK-202604-HEPB-845,PHC-NSK-04,nurse_nsk_04,FALSE,Administered at hospital after delivery.
NSK-2026-0188,OPV,2,OPV-1 (6 Weeks),2026-05-23,2026-05-27,4,UIP-NSK-202605-OPV-615,PHC-NSK-02,nurse_nsk_02,FALSE,Routine UIP session.
NSK-2026-0188,Penta,1,Pentavalent-1 (6 Weeks),2026-05-23,2026-05-25,2,UIP-NSK-202605-PENTA-287,PHC-NSK-04,nurse_nsk_04,FALSE,Routine UIP session.
NSK-2026-0188,Rota,1,Rotavirus-1 (6 Weeks),2026-05-23,2026-06-08,16,UIP-NSK-202606-ROTA-371,PHC-NSK-04,nurse_nsk_04,FALSE,Routine UIP session.
NSK-2026-0188,fIPV,1,fIPV-1 (6 Weeks),2026-05-23,2026-05-31,8,UIP-NSK-202605-FIPV-428,PHC-NSK-04,nurse_nsk_04,FALSE,Routine UIP session.
NSK-2026-0188,PCV,1,PCV-1 (6 Weeks),2026-05-23,2026-06-11,19,UIP-NSK-202606-PCV-681,PHC-NSK-04,nurse_nsk_04,FALSE,Routine UIP session.
NSK-2026-0188,OPV,3,OPV-2 (10 Weeks),2026-06-20,2026-07-01,11,UIP-NSK-202607-OPV-625,PHC-NSK-04,nurse_nsk_04,FALSE,Routine UIP session.
NSK-2026-0188,Penta,2,Pentavalent-2 (10 Weeks),2026-06-20,2026-06-22,2,UIP-NSK-202606-PENTA-213,PHC-NSK-04,nurse_nsk_04,FALSE,Routine UIP session.
NSK-2026-0188,Rota,2,Rotavirus-2 (10 Weeks),2026-06-20,2026-07-08,18,UIP-NSK-202607-ROTA-373,PHC-NSK-03,nurse_nsk_03,FALSE,Routine UIP session.
NSK-2026-0188,OPV,4,OPV-3 (14 Weeks),2026-07-18,2026-07-30,12,UIP-NSK-202607-OPV-275,PHC-NSK-04,nurse_nsk_04,FALSE,Routine UIP session.
NSK-2026-0188,Penta,3,Pentavalent-3 (14 Weeks),2026-07-18,2026-07-25,7,UIP-NSK-202607-PENTA-260,PHC-NSK-04,nurse_nsk_04,FALSE,Routine UIP session.
NSK-2026-0188,Rota,3,Rotavirus-3 (14 Weeks),2026-07-18,2026-08-05,18,UIP-NSK-202608-ROTA-949,PHC-NSK-04,nurse_nsk_04,FALSE,Routine UIP session.
NSK-2026-0188,PCV,2,PCV-2 (14 Weeks),2026-07-18,2026-07-26,8,UIP-NSK-202607-PCV-905,PHC-NSK-04,nurse_nsk_04,FALSE,Routine UIP session.
NSK-2026-0189,BCG,1,BCG (At Birth),2026-06-15,2026-06-15,0,UIP-NSK-202606-BCG-671,PHC-NSK-01,nurse_nsk_01,FALSE,Administered at hospital after delivery.
NSK-2026-0189,OPV,1,OPV Zero Dose (At Birth),2026-06-15,2026-06-15,0,UIP-NSK-202606-OPV-365,PHC-NSK-02,nurse_nsk_02,FALSE,Administered at hospital after delivery.
NSK-2026-0189,HepB,1,Hepatitis B Birth Dose,2026-06-15,2026-06-15,0,UIP-NSK-202606-HEPB-144,PHC-NSK-02,nurse_nsk_02,FALSE,Administered at hospital after delivery.
NSK-2026-0189,OPV,2,OPV-1 (6 Weeks),2026-07-27,2026-07-27,0,UIP-NSK-202607-OPV-636,PHC-NSK-02,nurse_nsk_02,FALSE,Routine UIP session.
NSK-2026-0189,Penta,1,Pentavalent-1 (6 Weeks),2026-07-27,2026-07-27,0,UIP-NSK-202607-PENTA-157,PHC-NSK-02,nurse_nsk_02,FALSE,Routine UIP session.
NSK-2026-0189,Rota,1,Rotavirus-1 (6 Weeks),2026-07-27,2026-07-27,0,UIP-NSK-202607-ROTA-751,PHC-NSK-02,nurse_nsk_02,FALSE,Routine UIP session.
NSK-2026-0189,fIPV,1,fIPV-1 (6 Weeks),2026-07-27,2026-07-27,0,UIP-NSK-202607-FIPV-298,PHC-NSK-02,nurse_nsk_02,FALSE,Routine UIP session.
NSK-2026-0189,PCV,1,PCV-1 (6 Weeks),2026-07-27,2026-07-27,0,UIP-NSK-202607-PCV-953,PHC-NSK-02,nurse_nsk_02,FALSE,Routine UIP session.
NSK-2026-0189,OPV,3,OPV-2 (10 Weeks),2026-08-24,2026-08-24,0,UIP-NSK-202608-OPV-285,PHC-NSK-02,nurse_nsk_02,FALSE,Routine UIP session.
NSK-2026-0189,Penta,2,Pentavalent-2 (10 Weeks),2026-08-24,2026-08-24,0,UIP-NSK-202608-PENTA-610,PHC-NSK-02,nurse_nsk_02,FALSE,Routine UIP session.
NSK-2026-0189,Rota,2,Rotavirus-2 (10 Weeks),2026-08-24,2026-08-24,0,UIP-NSK-202608-ROTA-139,PHC-NSK-02,nurse_nsk_02,FALSE,Routine UIP session.
NSK-2026-0189,OPV,4,OPV-3 (14 Weeks),2026-09-21,2026-09-24,3,UIP-NSK-202609-OPV-968,PHC-NSK-02,nurse_nsk_02,FALSE,Routine UIP session.
NSK-2026-0189,Penta,3,Pentavalent-3 (14 Weeks),2026-09-21,2026-09-21,0,UIP-NSK-202609-PENTA-483,PHC-NSK-02,nurse_nsk_02,FALSE,Routine UIP session.
NSK-2026-0189,Rota,3,Rotavirus-3 (14 Weeks),2026-09-21,2026-09-21,0,UIP-NSK-202609-ROTA-333,PHC-NSK-02,nurse_nsk_02,FALSE,Routine UIP session.
NSK-2026-0189,fIPV,2,fIPV-2 (14 Weeks),2026-09-21,2026-09-21,0,UIP-NSK-202609-FIPV-464,PHC-NSK-02,nurse_nsk_02,FALSE,Routine UIP session.
NSK-2026-0189,PCV,2,PCV-2 (14 Weeks),2026-09-21,2026-09-21,0,UIP-NSK-202609-PCV-167,PHC-NSK-04,nurse_nsk_04,FALSE,Routine UIP session.
NSK-2026-0190,BCG,1,BCG (At Birth),2026-07-08,2026-07-08,0,UIP-NSK-202607-BCG-533,PHC-NSK-04,nurse_nsk_04,FALSE,Administered at hospital after delivery.
NSK-2026-0190,OPV,1,OPV Zero Dose (At Birth),2026-07-08,2026-07-08,0,UIP-NSK-202607-OPV-254,PHC-NSK-04,nurse_nsk_04,FALSE,Administered at hospital after delivery.
NSK-2026-0190,HepB,1,Hepatitis B Birth Dose,2026-07-08,2026-07-08,0,UIP-NSK-202607-HEPB-475,PHC-NSK-04,nurse_nsk_04,FALSE,Administered at hospital after delivery.
NSK-2026-0190,OPV,2,OPV-1 (6 Weeks),2026-08-19,2026-09-04,16,UIP-NSK-202609-OPV-256,PHC-NSK-05,nurse_nsk_05,TRUE,Mild fever and local swelling; resolved in 48 hours.
NSK-2026-0190,Rota,1,Rotavirus-1 (6 Weeks),2026-08-19,2026-08-25,6,UIP-NSK-202608-ROTA-953,PHC-NSK-04,nurse_nsk_04,FALSE,Routine UIP session.
NSK-2026-0190,PCV,1,PCV-1 (6 Weeks),2026-08-19,2026-09-02,14,UIP-NSK-202609-PCV-845,PHC-NSK-04,nurse_nsk_04,FALSE,Routine UIP session.
NSK-2026-0190,Rota,2,Rotavirus-2 (10 Weeks),2026-09-16,2026-09-22,6,UIP-NSK-202609-ROTA-814,PHC-NSK-04,nurse_nsk_04,FALSE,Routine UIP session.
NSK-2026-0191,BCG,1,BCG (At Birth),2026-08-08,2026-08-08,0,UIP-NSK-202608-BCG-265,PHC-NSK-05,nurse_nsk_05,FALSE,Administered at hospital after delivery.
NSK-2026-0191,OPV,1,OPV Zero Dose (At Birth),2026-08-08,2026-08-08,0,UIP-NSK-202608-OPV-515,PHC-NSK-05,nurse_nsk_05,FALSE,Administered at hospital after delivery.
NSK-2026-0191,HepB,1,Hepatitis B Birth Dose,2026-08-08,2026-08-08,0,UIP-NSK-202608-HEPB-156,PHC-NSK-05,nurse_nsk_05,FALSE,Administered at hospital after delivery.
NSK-2026-0191,OPV,2,OPV-1 (6 Weeks),2026-09-19,2026-09-19,0,UIP-NSK-202609-OPV-766,PHC-NSK-01,nurse_nsk_01,FALSE,Routine UIP session.
NSK-2026-0191,Penta,1,Pentavalent-1 (6 Weeks),2026-09-19,2026-09-19,0,UIP-NSK-202609-PENTA-657,PHC-NSK-05,nurse_nsk_05,FALSE,Routine UIP session.
NSK-2026-0191,Rota,1,Rotavirus-1 (6 Weeks),2026-09-19,2026-09-19,0,UIP-NSK-202609-ROTA-446,PHC-NSK-05,nurse_nsk_05,FALSE,Routine UIP session.
NSK-2026-0191,fIPV,1,fIPV-1 (6 Weeks),2026-09-19,2026-09-19,0,UIP-NSK-202609-FIPV-573,PHC-NSK-05,nurse_nsk_05,FALSE,Routine UIP session.
NSK-2026-0191,PCV,1,PCV-1 (6 Weeks),2026-09-19,2026-09-19,0,UIP-NSK-202609-PCV-157,PHC-NSK-05,nurse_nsk_05,FALSE,Routine UIP session.
NSK-2026-0192,OPV,1,OPV Zero Dose (At Birth),2026-07-04,2026-07-04,0,UIP-NSK-202607-OPV-435,PHC-NSK-01,nurse_nsk_01,FALSE,Administered at hospital after delivery.
NSK-2026-0192,HepB,1,Hepatitis B Birth Dose,2026-07-04,2026-07-04,0,UIP-NSK-202607-HEPB-147,PHC-NSK-01,nurse_nsk_01,FALSE,Administered at hospital after delivery.
NSK-2026-0192,OPV,2,OPV-1 (6 Weeks),2026-08-15,2026-08-21,6,UIP-NSK-202608-OPV-965,PHC-NSK-01,nurse_nsk_01,FALSE,Routine UIP session.
NSK-2026-0192,Penta,1,Pentavalent-1 (6 Weeks),2026-08-15,2026-08-23,8,UIP-NSK-202608-PENTA-470,PHC-NSK-01,nurse_nsk_01,FALSE,Routine UIP session.
NSK-2026-0192,Rota,1,Rotavirus-1 (6 Weeks),2026-08-15,2026-08-29,14,UIP-NSK-202608-ROTA-681,PHC-NSK-06,nurse_nsk_06,FALSE,Routine UIP session.
NSK-2026-0192,fIPV,1,fIPV-1 (6 Weeks),2026-08-15,2026-09-02,18,UIP-NSK-202609-FIPV-149,PHC-NSK-01,nurse_nsk_01,FALSE,Routine UIP session.
NSK-2026-0192,PCV,1,PCV-1 (6 Weeks),2026-08-15,2026-08-19,4,UIP-NSK-202608-PCV-782,PHC-NSK-01,nurse_nsk_01,FALSE,Routine UIP session.
NSK-2026-0192,OPV,3,OPV-2 (10 Weeks),2026-09-12,2026-09-27,15,UIP-NSK-202609-OPV-657,PHC-NSK-01,nurse_nsk_01,FALSE,Routine UIP session.
NSK-2026-0192,Penta,2,Pentavalent-2 (10 Weeks),2026-09-12,2026-09-29,17,UIP-NSK-202609-PENTA-682,PHC-NSK-01,nurse_nsk_01,FALSE,Routine UIP session.
NSK-2026-0192,Rota,2,Rotavirus-2 (10 Weeks),2026-09-12,2026-09-26,14,UIP-NSK-202609-ROTA-718,PHC-NSK-01,nurse_nsk_01,FALSE,Routine UIP session.
NSK-2026-0193,BCG,1,BCG (At Birth),2026-06-20,2026-06-20,0,UIP-NSK-202606-BCG-430,PHC-NSK-09,nurse_nsk_09,FALSE,Administered at hospital after delivery.
NSK-2026-0193,OPV,1,OPV Zero Dose (At Birth),2026-06-20,2026-06-20,0,UIP-NSK-202606-OPV-746,PHC-NSK-03,nurse_nsk_03,FALSE,Administered at hospital after delivery.
NSK-2026-0193,HepB,1,Hepatitis B Birth Dose,2026-06-20,2026-06-20,0,UIP-NSK-202606-HEPB-652,PHC-NSK-03,nurse_nsk_03,FALSE,Administered at hospital after delivery.
NSK-2026-0193,OPV,2,OPV-1 (6 Weeks),2026-08-01,2026-08-02,1,UIP-NSK-202608-OPV-547,PHC-NSK-03,nurse_nsk_03,FALSE,Routine UIP session.
NSK-2026-0193,Penta,1,Pentavalent-1 (6 Weeks),2026-08-01,2026-08-01,0,UIP-NSK-202608-PENTA-731,PHC-NSK-03,nurse_nsk_03,FALSE,Routine UIP session.
NSK-2026-0193,Rota,1,Rotavirus-1 (6 Weeks),2026-08-01,2026-08-03,2,UIP-NSK-202608-ROTA-299,PHC-NSK-03,nurse_nsk_03,FALSE,Routine UIP session.
NSK-2026-0193,fIPV,1,fIPV-1 (6 Weeks),2026-08-01,2026-08-04,3,UIP-NSK-202608-FIPV-346,PHC-NSK-03,nurse_nsk_03,FALSE,Routine UIP session.
NSK-2026-0193,PCV,1,PCV-1 (6 Weeks),2026-08-01,2026-08-03,2,UIP-NSK-202608-PCV-629,PHC-NSK-03,nurse_nsk_03,FALSE,Routine UIP session.
NSK-2026-0193,OPV,3,OPV-2 (10 Weeks),2026-08-29,2026-08-30,1,UIP-NSK-202608-OPV-435,PHC-NSK-03,nurse_nsk_03,FALSE,Routine UIP session.
NSK-2026-0193,Penta,2,Pentavalent-2 (10 Weeks),2026-08-29,2026-08-29,0,UIP-NSK-202608-PENTA-750,PHC-NSK-03,nurse_nsk_03,FALSE,Routine UIP session.
NSK-2026-0193,Rota,2,Rotavirus-2 (10 Weeks),2026-08-29,2026-08-31,2,UIP-NSK-202608-ROTA-455,PHC-NSK-03,nurse_nsk_03,FALSE,Routine UIP session.
NSK-2026-0193,OPV,4,OPV-3 (14 Weeks),2026-09-26,2026-09-27,1,UIP-NSK-202609-OPV-787,PHC-NSK-03,nurse_nsk_03,FALSE,Routine UIP session.
NSK-2026-0193,Penta,3,Pentavalent-3 (14 Weeks),2026-09-26,2026-09-26,0,UIP-NSK-202609-PENTA-632,PHC-NSK-04,nurse_nsk_04,FALSE,Routine UIP session.
NSK-2026-0193,Rota,3,Rotavirus-3 (14 Weeks),2026-09-26,2026-09-28,2,UIP-NSK-202609-ROTA-214,PHC-NSK-03,nurse_nsk_03,FALSE,Routine UIP session.
NSK-2026-0193,fIPV,2,fIPV-2 (14 Weeks),2026-09-26,2026-09-26,0,UIP-NSK-202609-FIPV-902,PHC-NSK-03,nurse_nsk_03,TRUE,Mild fever and local swelling; resolved in 48 hours.
NSK-2026-0193,PCV,2,PCV-2 (14 Weeks),2026-09-26,2026-09-26,0,UIP-NSK-202609-PCV-122,PHC-NSK-03,nurse_nsk_03,FALSE,Routine UIP session.
NSK-2026-0194,BCG,1,BCG (At Birth),2026-08-31,2026-08-31,0,UIP-NSK-202608-BCG-243,PHC-NSK-07,nurse_nsk_07,FALSE,Administered at hospital after delivery.
NSK-2026-0194,OPV,1,OPV Zero Dose (At Birth),2026-08-31,2026-08-31,0,UIP-NSK-202608-OPV-695,PHC-NSK-07,nurse_nsk_07,FALSE,Administered at hospital after delivery.
NSK-2026-0194,HepB,1,Hepatitis B Birth Dose,2026-08-31,2026-08-31,0,UIP-NSK-202608-HEPB-551,PHC-NSK-07,nurse_nsk_07,FALSE,Administered at hospital after delivery.
NSK-2026-0195,BCG,1,BCG (At Birth),2026-08-14,2026-08-14,0,UIP-NSK-202608-BCG-403,PHC-NSK-09,nurse_nsk_09,FALSE,Administered at hospital after delivery.
NSK-2026-0195,OPV,1,OPV Zero Dose (At Birth),2026-08-14,2026-08-14,0,UIP-NSK-202608-OPV-990,PHC-NSK-09,nurse_nsk_09,FALSE,Administered at hospital after delivery.
NSK-2026-0195,HepB,1,Hepatitis B Birth Dose,2026-08-14,2026-08-14,0,UIP-NSK-202608-HEPB-206,PHC-NSK-05,nurse_nsk_05,FALSE,Administered at hospital after delivery.
NSK-2026-0195,OPV,2,OPV-1 (6 Weeks),2026-09-25,2026-09-25,0,UIP-NSK-202609-OPV-745,PHC-NSK-09,nurse_nsk_09,FALSE,Routine UIP session.
NSK-2026-0195,Penta,1,Pentavalent-1 (6 Weeks),2026-09-25,2026-09-28,3,UIP-NSK-202609-PENTA-699,PHC-NSK-09,nurse_nsk_09,FALSE,Routine UIP session.
NSK-2026-0195,Rota,1,Rotavirus-1 (6 Weeks),2026-09-25,2026-09-25,0,UIP-NSK-202609-ROTA-300,PHC-NSK-09,nurse_nsk_09,FALSE,Routine UIP session.
NSK-2026-0195,fIPV,1,fIPV-1 (6 Weeks),2026-09-25,2026-09-27,2,UIP-NSK-202609-FIPV-948,PHC-NSK-09,nurse_nsk_09,FALSE,Routine UIP session.
NSK-2026-0195,PCV,1,PCV-1 (6 Weeks),2026-09-25,2026-09-25,0,UIP-NSK-202609-PCV-256,PHC-NSK-09,nurse_nsk_09,FALSE,Routine UIP session.
NSK-2026-0196,BCG,1,BCG (At Birth),2026-09-22,2026-09-22,0,UIP-NSK-202609-BCG-223,PHC-NSK-05,nurse_nsk_05,FALSE,Administered at hospital after delivery.
NSK-2026-0196,OPV,1,OPV Zero Dose (At Birth),2026-09-22,2026-09-22,0,UIP-NSK-202609-OPV-261,PHC-NSK-05,nurse_nsk_05,FALSE,Administered at hospital after delivery.
NSK-2026-0197,BCG,1,BCG (At Birth),2026-09-15,2026-09-15,0,UIP-NSK-202609-BCG-831,PHC-NSK-09,nurse_nsk_09,FALSE,Administered at hospital after delivery.
NSK-2026-0197,OPV,1,OPV Zero Dose (At Birth),2026-09-15,2026-09-15,0,UIP-NSK-202609-OPV-746,PHC-NSK-09,nurse_nsk_09,FALSE,Administered at hospital after delivery.
NSK-2026-0197,HepB,1,Hepatitis B Birth Dose,2026-09-15,2026-09-15,0,UIP-NSK-202609-HEPB-884,PHC-NSK-09,nurse_nsk_09,FALSE,Administered at hospital after delivery.
NSK-2026-0198,BCG,1,BCG (At Birth),2026-09-29,2026-09-29,0,UIP-NSK-202609-BCG-484,PHC-NSK-10,nurse_nsk_10,FALSE,Administered at hospital after delivery.
NSK-2026-0198,OPV,1,OPV Zero Dose (At Birth),2026-09-29,2026-09-29,0,UIP-NSK-202609-OPV-880,PHC-NSK-10,nurse_nsk_10,FALSE,Administered at hospital after delivery.
NSK-2026-0199,BCG,1,BCG (At Birth),2026-09-14,2026-09-14,0,UIP-NSK-202609-BCG-673,PHC-NSK-03,nurse_nsk_03,FALSE,Administered at hospital after delivery.
NSK-2026-0199,OPV,1,OPV Zero Dose (At Birth),2026-09-14,2026-09-14,0,UIP-NSK-202609-OPV-635,PHC-NSK-03,nurse_nsk_03,FALSE,Administered at hospital after delivery.
NSK-2026-0199,HepB,1,Hepatitis B Birth Dose,2026-09-14,2026-09-14,0,UIP-NSK-202609-HEPB-609,PHC-NSK-03,nurse_nsk_03,FALSE,Administered at hospital after delivery.
NSK-2026-0200,BCG,1,BCG (At Birth),2026-04-30,2026-04-30,0,UIP-NSK-202604-BCG-387,PHC-NSK-04,nurse_nsk_04,FALSE,Administered at hospital after delivery.
NSK-2026-0200,OPV,1,OPV Zero Dose (At Birth),2026-04-30,2026-04-30,0,UIP-NSK-202604-OPV-609,PHC-NSK-04,nurse_nsk_04,FALSE,Administered at hospital after delivery.
NSK-2026-0200,HepB,1,Hepatitis B Birth Dose,2026-04-30,2026-04-30,0,UIP-NSK-202604-HEPB-528,PHC-NSK-04,nurse_nsk_04,FALSE,Administered at hospital after delivery.
NSK-2026-0200,OPV,2,OPV-1 (6 Weeks),2026-06-11,2026-06-17,6,UIP-NSK-202606-OPV-344,PHC-NSK-04,nurse_nsk_04,FALSE,Routine UIP session.
NSK-2026-0200,Penta,1,Pentavalent-1 (6 Weeks),2026-06-11,2026-06-17,6,UIP-NSK-202606-PENTA-810,PHC-NSK-04,nurse_nsk_04,FALSE,Routine UIP session.
NSK-2026-0200,Rota,1,Rotavirus-1 (6 Weeks),2026-06-11,2026-06-18,7,UIP-NSK-202606-ROTA-711,PHC-NSK-04,nurse_nsk_04,FALSE,Routine UIP session.
NSK-2026-0200,PCV,1,PCV-1 (6 Weeks),2026-06-11,2026-06-14,3,UIP-NSK-202606-PCV-543,PHC-NSK-04,nurse_nsk_04,FALSE,Routine UIP session.
NSK-2026-0200,OPV,3,OPV-2 (10 Weeks),2026-07-09,2026-07-16,7,UIP-NSK-202607-OPV-113,PHC-NSK-04,nurse_nsk_04,FALSE,Routine UIP session.
NSK-2026-0200,Penta,2,Pentavalent-2 (10 Weeks),2026-07-09,2026-07-17,8,UIP-NSK-202607-PENTA-847,PHC-NSK-04,nurse_nsk_04,FALSE,Routine UIP session.
NSK-2026-0200,Rota,2,Rotavirus-2 (10 Weeks),2026-07-09,2026-07-22,13,UIP-NSK-202607-ROTA-742,PHC-NSK-04,nurse_nsk_04,FALSE,Routine UIP session.
NSK-2026-0200,OPV,4,OPV-3 (14 Weeks),2026-08-06,2026-08-13,7,UIP-NSK-202608-OPV-710,PHC-NSK-04,nurse_nsk_04,FALSE,Routine UIP session.
NSK-2026-0200,Penta,3,Pentavalent-3 (14 Weeks),2026-08-06,2026-08-16,10,UIP-NSK-202608-PENTA-634,PHC-NSK-04,nurse_nsk_04,FALSE,Routine UIP session.
NSK-2026-0200,Rota,3,Rotavirus-3 (14 Weeks),2026-08-06,2026-08-19,13,UIP-NSK-202608-ROTA-839,PHC-NSK-04,nurse_nsk_04,FALSE,Routine UIP session.
NSK-2026-0200,PCV,2,PCV-2 (14 Weeks),2026-08-06,2026-08-08,2,UIP-NSK-202608-PCV-295,PHC-NSK-04,nurse_nsk_04,FALSE,Routine UIP session.
NSK-2026-0201,BCG,1,BCG (At Birth),2026-08-14,2026-08-14,0,UIP-NSK-202608-BCG-643,PHC-NSK-01,nurse_nsk_01,FALSE,Administered at hospital after delivery.
NSK-2026-0201,OPV,1,OPV Zero Dose (At Birth),2026-08-14,2026-08-14,0,UIP-NSK-202608-OPV-617,PHC-NSK-01,nurse_nsk_01,FALSE,Administered at hospital after delivery.
NSK-2026-0201,OPV,2,OPV-1 (6 Weeks),2026-09-25,2026-09-26,1,UIP-NSK-202609-OPV-590,PHC-NSK-07,nurse_nsk_07,FALSE,Routine UIP session.
NSK-2026-0201,Penta,1,Pentavalent-1 (6 Weeks),2026-09-25,2026-09-26,1,UIP-NSK-202609-PENTA-894,PHC-NSK-01,nurse_nsk_01,FALSE,Routine UIP session.
NSK-2026-0201,Rota,1,Rotavirus-1 (6 Weeks),2026-09-25,2026-09-25,0,UIP-NSK-202609-ROTA-152,PHC-NSK-01,nurse_nsk_01,FALSE,Routine UIP session.
NSK-2026-0201,fIPV,1,fIPV-1 (6 Weeks),2026-09-25,2026-09-25,0,UIP-NSK-202609-FIPV-473,PHC-NSK-01,nurse_nsk_01,FALSE,Routine UIP session.
NSK-2026-0201,PCV,1,PCV-1 (6 Weeks),2026-09-25,2026-09-25,0,UIP-NSK-202609-PCV-859,PHC-NSK-01,nurse_nsk_01,FALSE,Routine UIP session.
NSK-2026-0202,BCG,1,BCG (At Birth),2026-07-24,2026-07-29,5,UIP-NSK-202607-BCG-251,PHC-NSK-10,nurse_nsk_10,FALSE,Routine UIP session.
NSK-2026-0202,OPV,1,OPV Zero Dose (At Birth),2026-07-24,2026-08-06,13,UIP-NSK-202608-OPV-692,PHC-NSK-10,nurse_nsk_10,FALSE,Routine UIP session.
NSK-2026-0202,HepB,1,Hepatitis B Birth Dose,2026-07-24,2026-07-24,0,UIP-NSK-202607-HEPB-924,PHC-NSK-10,nurse_nsk_10,FALSE,Administered at hospital after delivery.
NSK-2026-0202,OPV,2,OPV-1 (6 Weeks),2026-09-04,2026-09-11,7,UIP-NSK-202609-OPV-310,PHC-NSK-10,nurse_nsk_10,FALSE,Routine UIP session.
NSK-2026-0202,Penta,1,Pentavalent-1 (6 Weeks),2026-09-04,2026-09-10,6,UIP-NSK-202609-PENTA-455,PHC-NSK-04,nurse_nsk_04,FALSE,Routine UIP session.
NSK-2026-0202,Rota,1,Rotavirus-1 (6 Weeks),2026-09-04,2026-09-09,5,UIP-NSK-202609-ROTA-424,PHC-NSK-10,nurse_nsk_10,FALSE,Routine UIP session.
NSK-2026-0202,fIPV,1,fIPV-1 (6 Weeks),2026-09-04,2026-09-13,9,UIP-NSK-202609-FIPV-866,PHC-NSK-10,nurse_nsk_10,FALSE,Routine UIP session.
NSK-2026-0202,PCV,1,PCV-1 (6 Weeks),2026-09-04,2026-09-06,2,UIP-NSK-202609-PCV-275,PHC-NSK-10,nurse_nsk_10,FALSE,Routine UIP session.
NSK-2026-0203,BCG,1,BCG (At Birth),2026-02-05,2026-02-05,0,UIP-NSK-202602-BCG-111,PHC-NSK-02,nurse_nsk_02,FALSE,Administered at hospital after delivery.
NSK-2026-0203,OPV,1,OPV Zero Dose (At Birth),2026-02-05,2026-02-15,10,UIP-NSK-202602-OPV-428,PHC-NSK-09,nurse_nsk_09,FALSE,Routine UIP session.
NSK-2026-0203,HepB,1,Hepatitis B Birth Dose,2026-02-05,2026-02-05,0,UIP-NSK-202602-HEPB-913,PHC-NSK-09,nurse_nsk_09,FALSE,Administered at hospital after delivery.
NSK-2026-0203,fIPV,1,fIPV-1 (6 Weeks),2026-03-19,2026-04-20,32,UIP-NSK-202604-FIPV-426,PHC-NSK-09,nurse_nsk_09,FALSE,Routine UIP session.
NSK-2026-0203,PCV,1,PCV-1 (6 Weeks),2026-03-19,2026-04-17,29,UIP-NSK-202604-PCV-705,PHC-NSK-09,nurse_nsk_09,FALSE,Routine UIP session.
NSK-2026-0203,Penta,2,Pentavalent-2 (10 Weeks),2026-04-16,2026-05-26,40,UIP-NSK-202605-PENTA-620,PHC-NSK-09,nurse_nsk_09,FALSE,Routine UIP session.
NSK-2026-0203,Penta,3,Pentavalent-3 (14 Weeks),2026-05-14,2026-06-23,40,UIP-NSK-202606-PENTA-381,PHC-NSK-09,nurse_nsk_09,FALSE,Routine UIP session.
NSK-2026-0203,fIPV,2,fIPV-2 (14 Weeks),2026-05-14,2026-06-12,29,UIP-NSK-202606-FIPV-422,PHC-NSK-08,nurse_nsk_08,FALSE,Routine UIP session.
NSK-2026-0203,PCV,2,PCV-2 (14 Weeks),2026-05-14,2026-06-03,20,UIP-NSK-202606-PCV-635,PHC-NSK-09,nurse_nsk_09,FALSE,Routine UIP session.
NSK-2026-0204,BCG,1,BCG (At Birth),2026-03-08,2026-03-08,0,UIP-NSK-202603-BCG-129,PHC-NSK-05,nurse_nsk_05,FALSE,Administered at hospital after delivery.
NSK-2026-0204,OPV,1,OPV Zero Dose (At Birth),2026-03-08,2026-03-08,0,UIP-NSK-202603-OPV-343,PHC-NSK-07,nurse_nsk_07,FALSE,Administered at hospital after delivery.
NSK-2026-0204,HepB,1,Hepatitis B Birth Dose,2026-03-08,2026-03-08,0,UIP-NSK-202603-HEPB-523,PHC-NSK-07,nurse_nsk_07,FALSE,Administered at hospital after delivery.
NSK-2026-0204,OPV,2,OPV-1 (6 Weeks),2026-04-19,2026-04-22,3,UIP-NSK-202604-OPV-915,PHC-NSK-07,nurse_nsk_07,FALSE,Routine UIP session.
NSK-2026-0204,Penta,1,Pentavalent-1 (6 Weeks),2026-04-19,2026-04-28,9,UIP-NSK-202604-PENTA-261,PHC-NSK-07,nurse_nsk_07,FALSE,Routine UIP session.
NSK-2026-0204,Rota,1,Rotavirus-1 (6 Weeks),2026-04-19,2026-04-25,6,UIP-NSK-202604-ROTA-228,PHC-NSK-07,nurse_nsk_07,FALSE,Routine UIP session.
NSK-2026-0204,fIPV,1,fIPV-1 (6 Weeks),2026-04-19,2026-04-24,5,UIP-NSK-202604-FIPV-843,PHC-NSK-07,nurse_nsk_07,FALSE,Routine UIP session.
NSK-2026-0204,PCV,1,PCV-1 (6 Weeks),2026-04-19,2026-04-27,8,UIP-NSK-202604-PCV-674,PHC-NSK-07,nurse_nsk_07,FALSE,Routine UIP session.
NSK-2026-0204,OPV,3,OPV-2 (10 Weeks),2026-05-17,2026-05-24,7,UIP-NSK-202605-OPV-753,PHC-NSK-07,nurse_nsk_07,FALSE,Routine UIP session.
NSK-2026-0204,Penta,2,Pentavalent-2 (10 Weeks),2026-05-17,2026-05-26,9,UIP-NSK-202605-PENTA-361,PHC-NSK-07,nurse_nsk_07,FALSE,Routine UIP session.
NSK-2026-0204,Rota,2,Rotavirus-2 (10 Weeks),2026-05-17,2026-05-24,7,UIP-NSK-202605-ROTA-443,PHC-NSK-06,nurse_nsk_06,FALSE,Routine UIP session.
NSK-2026-0204,OPV,4,OPV-3 (14 Weeks),2026-06-14,2026-06-21,7,UIP-NSK-202606-OPV-709,PHC-NSK-07,nurse_nsk_07,FALSE,Routine UIP session.
NSK-2026-0204,Penta,3,Pentavalent-3 (14 Weeks),2026-06-14,2026-06-23,9,UIP-NSK-202606-PENTA-364,PHC-NSK-07,nurse_nsk_07,FALSE,Routine UIP session.
NSK-2026-0204,Rota,3,Rotavirus-3 (14 Weeks),2026-06-14,2026-06-21,7,UIP-NSK-202606-ROTA-359,PHC-NSK-07,nurse_nsk_07,FALSE,Routine UIP session.
NSK-2026-0204,PCV,2,PCV-2 (14 Weeks),2026-06-14,2026-06-21,7,UIP-NSK-202606-PCV-272,PHC-NSK-07,nurse_nsk_07,FALSE,Routine UIP session.
NSK-2026-0205,BCG,1,BCG (At Birth),2026-09-07,2026-09-07,0,UIP-NSK-202609-BCG-386,PHC-NSK-04,nurse_nsk_04,FALSE,Administered at hospital after delivery.
NSK-2026-0205,OPV,1,OPV Zero Dose (At Birth),2026-09-07,2026-09-07,0,UIP-NSK-202609-OPV-933,PHC-NSK-04,nurse_nsk_04,FALSE,Administered at hospital after delivery.
NSK-2026-0205,HepB,1,Hepatitis B Birth Dose,2026-09-07,2026-09-07,0,UIP-NSK-202609-HEPB-660,PHC-NSK-04,nurse_nsk_04,FALSE,Administered at hospital after delivery.
NSK-2026-0206,BCG,1,BCG (At Birth),2026-09-06,2026-09-06,0,UIP-NSK-202609-BCG-368,PHC-NSK-01,nurse_nsk_01,FALSE,Administered at hospital after delivery.
NSK-2026-0206,OPV,1,OPV Zero Dose (At Birth),2026-09-06,2026-09-06,0,UIP-NSK-202609-OPV-936,PHC-NSK-01,nurse_nsk_01,FALSE,Administered at hospital after delivery.
NSK-2026-0206,HepB,1,Hepatitis B Birth Dose,2026-09-06,2026-09-07,1,UIP-NSK-202609-HEPB-625,PHC-NSK-01,nurse_nsk_01,FALSE,Routine UIP session.
NSK-2026-0207,BCG,1,BCG (At Birth),2026-09-14,2026-09-14,0,UIP-NSK-202609-BCG-664,PHC-NSK-09,nurse_nsk_09,FALSE,Administered at hospital after delivery.
NSK-2026-0207,OPV,1,OPV Zero Dose (At Birth),2026-09-14,2026-09-14,0,UIP-NSK-202609-OPV-250,PHC-NSK-09,nurse_nsk_09,FALSE,Administered at hospital after delivery.
NSK-2026-0207,HepB,1,Hepatitis B Birth Dose,2026-09-14,2026-09-14,0,UIP-NSK-202609-HEPB-418,PHC-NSK-09,nurse_nsk_09,FALSE,Administered at hospital after delivery.
NSK-2026-0208,BCG,1,BCG (At Birth),2026-09-21,2026-09-21,0,UIP-NSK-202609-BCG-223,PHC-NSK-03,nurse_nsk_03,FALSE,Administered at hospital after delivery.
NSK-2026-0208,OPV,1,OPV Zero Dose (At Birth),2026-09-21,2026-09-21,0,UIP-NSK-202609-OPV-543,PHC-NSK-03,nurse_nsk_03,FALSE,Administered at hospital after delivery.
NSK-2026-0208,HepB,1,Hepatitis B Birth Dose,2026-09-21,2026-09-21,0,UIP-NSK-202609-HEPB-431,PHC-NSK-03,nurse_nsk_03,FALSE,Administered at hospital after delivery.
NSK-2026-0209,BCG,1,BCG (At Birth),2026-07-14,2026-08-19,36,UIP-NSK-202608-BCG-576,PHC-NSK-01,nurse_nsk_01,FALSE,Routine UIP session.
NSK-2026-0209,OPV,1,OPV Zero Dose (At Birth),2026-07-14,2026-07-14,0,UIP-NSK-202607-OPV-311,PHC-NSK-01,nurse_nsk_01,FALSE,Administered at hospital after delivery.
NSK-2026-0209,HepB,1,Hepatitis B Birth Dose,2026-07-14,2026-07-14,0,UIP-NSK-202607-HEPB-661,PHC-NSK-01,nurse_nsk_01,FALSE,Administered at hospital after delivery.
NSK-2026-0209,OPV,2,OPV-1 (6 Weeks),2026-08-25,2026-09-04,10,UIP-NSK-202609-OPV-729,PHC-NSK-01,nurse_nsk_01,FALSE,Routine UIP session.
NSK-2026-0209,Rota,1,Rotavirus-1 (6 Weeks),2026-08-25,2026-09-04,10,UIP-NSK-202609-ROTA-817,PHC-NSK-01,nurse_nsk_01,FALSE,Routine UIP session.
NSK-2026-0210,BCG,1,BCG (At Birth),2026-02-26,2026-02-26,0,UIP-NSK-202602-BCG-118,PHC-NSK-03,nurse_nsk_03,FALSE,Administered at hospital after delivery.
NSK-2026-0210,OPV,1,OPV Zero Dose (At Birth),2026-02-26,2026-02-26,0,UIP-NSK-202602-OPV-476,PHC-NSK-03,nurse_nsk_03,FALSE,Administered at hospital after delivery.
NSK-2026-0210,HepB,1,Hepatitis B Birth Dose,2026-02-26,2026-02-26,0,UIP-NSK-202602-HEPB-547,PHC-NSK-03,nurse_nsk_03,FALSE,Administered at hospital after delivery.
NSK-2026-0210,OPV,2,OPV-1 (6 Weeks),2026-04-09,2026-04-09,0,UIP-NSK-202604-OPV-228,PHC-NSK-03,nurse_nsk_03,FALSE,Routine UIP session.
NSK-2026-0210,Penta,1,Pentavalent-1 (6 Weeks),2026-04-09,2026-04-09,0,UIP-NSK-202604-PENTA-378,PHC-NSK-03,nurse_nsk_03,FALSE,Routine UIP session.
NSK-2026-0210,Rota,1,Rotavirus-1 (6 Weeks),2026-04-09,2026-04-09,0,UIP-NSK-202604-ROTA-465,PHC-NSK-03,nurse_nsk_03,FALSE,Routine UIP session.
NSK-2026-0210,fIPV,1,fIPV-1 (6 Weeks),2026-04-09,2026-04-09,0,UIP-NSK-202604-FIPV-519,PHC-NSK-03,nurse_nsk_03,FALSE,Routine UIP session.
NSK-2026-0210,PCV,1,PCV-1 (6 Weeks),2026-04-09,2026-04-12,3,UIP-NSK-202604-PCV-894,PHC-NSK-03,nurse_nsk_03,FALSE,Routine UIP session.
NSK-2026-0210,OPV,3,OPV-2 (10 Weeks),2026-05-07,2026-05-07,0,UIP-NSK-202605-OPV-458,PHC-NSK-03,nurse_nsk_03,FALSE,Routine UIP session.
NSK-2026-0210,Penta,2,Pentavalent-2 (10 Weeks),2026-05-07,2026-05-07,0,UIP-NSK-202605-PENTA-799,PHC-NSK-04,nurse_nsk_04,FALSE,Routine UIP session.
NSK-2026-0210,Rota,2,Rotavirus-2 (10 Weeks),2026-05-07,2026-05-07,0,UIP-NSK-202605-ROTA-525,PHC-NSK-03,nurse_nsk_03,FALSE,Routine UIP session.
NSK-2026-0210,OPV,4,OPV-3 (14 Weeks),2026-06-04,2026-06-08,4,UIP-NSK-202606-OPV-880,PHC-NSK-03,nurse_nsk_03,FALSE,Routine UIP session.
NSK-2026-0210,Penta,3,Pentavalent-3 (14 Weeks),2026-06-04,2026-06-04,0,UIP-NSK-202606-PENTA-490,PHC-NSK-03,nurse_nsk_03,FALSE,Routine UIP session.
NSK-2026-0210,Rota,3,Rotavirus-3 (14 Weeks),2026-06-04,2026-06-04,0,UIP-NSK-202606-ROTA-276,PHC-NSK-03,nurse_nsk_03,FALSE,Routine UIP session.
NSK-2026-0210,fIPV,2,fIPV-2 (14 Weeks),2026-06-04,2026-06-04,0,UIP-NSK-202606-FIPV-647,PHC-NSK-03,nurse_nsk_03,FALSE,Routine UIP session.
NSK-2026-0210,PCV,2,PCV-2 (14 Weeks),2026-06-04,2026-06-04,0,UIP-NSK-202606-PCV-174,PHC-NSK-03,nurse_nsk_03,FALSE,Routine UIP session.
NSK-2026-0211,BCG,1,BCG (At Birth),2026-04-22,2026-04-22,0,UIP-NSK-202604-BCG-395,PHC-NSK-02,nurse_nsk_02,FALSE,Administered at hospital after delivery.
NSK-2026-0211,OPV,1,OPV Zero Dose (At Birth),2026-04-22,2026-04-22,0,UIP-NSK-202604-OPV-441,PHC-NSK-02,nurse_nsk_02,FALSE,Administered at hospital after delivery.
NSK-2026-0211,HepB,1,Hepatitis B Birth Dose,2026-04-22,2026-04-22,0,UIP-NSK-202604-HEPB-693,PHC-NSK-02,nurse_nsk_02,FALSE,Administered at hospital after delivery.
NSK-2026-0211,OPV,2,OPV-1 (6 Weeks),2026-06-03,2026-06-04,1,UIP-NSK-202606-OPV-927,PHC-NSK-02,nurse_nsk_02,FALSE,Routine UIP session.
NSK-2026-0211,Penta,1,Pentavalent-1 (6 Weeks),2026-06-03,2026-06-06,3,UIP-NSK-202606-PENTA-517,PHC-NSK-02,nurse_nsk_02,TRUE,Mild fever and local swelling; resolved in 48 hours.
NSK-2026-0211,Rota,1,Rotavirus-1 (6 Weeks),2026-06-03,2026-06-03,0,UIP-NSK-202606-ROTA-607,PHC-NSK-02,nurse_nsk_02,FALSE,Routine UIP session.
NSK-2026-0211,fIPV,1,fIPV-1 (6 Weeks),2026-06-03,2026-06-03,0,UIP-NSK-202606-FIPV-723,PHC-NSK-02,nurse_nsk_02,FALSE,Routine UIP session.
NSK-2026-0211,PCV,1,PCV-1 (6 Weeks),2026-06-03,2026-06-03,0,UIP-NSK-202606-PCV-830,PHC-NSK-04,nurse_nsk_04,FALSE,Routine UIP session.
NSK-2026-0211,OPV,3,OPV-2 (10 Weeks),2026-07-01,2026-07-02,1,UIP-NSK-202607-OPV-197,PHC-NSK-02,nurse_nsk_02,FALSE,Routine UIP session.
NSK-2026-0211,Penta,2,Pentavalent-2 (10 Weeks),2026-07-01,2026-07-05,4,UIP-NSK-202607-PENTA-168,PHC-NSK-02,nurse_nsk_02,FALSE,Routine UIP session.
NSK-2026-0211,Rota,2,Rotavirus-2 (10 Weeks),2026-07-01,2026-07-04,3,UIP-NSK-202607-ROTA-894,PHC-NSK-02,nurse_nsk_02,FALSE,Routine UIP session.
NSK-2026-0211,OPV,4,OPV-3 (14 Weeks),2026-07-29,2026-08-07,9,UIP-NSK-202608-OPV-911,PHC-NSK-02,nurse_nsk_02,FALSE,Routine UIP session.
NSK-2026-0211,Penta,3,Pentavalent-3 (14 Weeks),2026-07-29,2026-08-02,4,UIP-NSK-202608-PENTA-577,PHC-NSK-02,nurse_nsk_02,FALSE,Routine UIP session.
NSK-2026-0211,Rota,3,Rotavirus-3 (14 Weeks),2026-07-29,2026-08-01,3,UIP-NSK-202608-ROTA-330,PHC-NSK-02,nurse_nsk_02,FALSE,Routine UIP session.
NSK-2026-0211,fIPV,2,fIPV-2 (14 Weeks),2026-07-29,2026-07-29,0,UIP-NSK-202607-FIPV-544,PHC-NSK-02,nurse_nsk_02,FALSE,Routine UIP session.
NSK-2026-0211,PCV,2,PCV-2 (14 Weeks),2026-07-29,2026-07-29,0,UIP-NSK-202607-PCV-391,PHC-NSK-02,nurse_nsk_02,FALSE,Routine UIP session.
NSK-2026-0212,BCG,1,BCG (At Birth),2026-09-19,2026-09-19,0,UIP-NSK-202609-BCG-459,PHC-NSK-09,nurse_nsk_09,FALSE,Administered at hospital after delivery.
NSK-2026-0212,OPV,1,OPV Zero Dose (At Birth),2026-09-19,2026-09-19,0,UIP-NSK-202609-OPV-391,PHC-NSK-09,nurse_nsk_09,FALSE,Administered at hospital after delivery.
NSK-2026-0212,HepB,1,Hepatitis B Birth Dose,2026-09-19,2026-09-19,0,UIP-NSK-202609-HEPB-136,PHC-NSK-09,nurse_nsk_09,FALSE,Administered at hospital after delivery.
NSK-2026-0213,BCG,1,BCG (At Birth),2026-01-02,2026-01-02,0,UIP-NSK-202601-BCG-533,PHC-NSK-04,nurse_nsk_04,FALSE,Administered at hospital after delivery.
NSK-2026-0213,HepB,1,Hepatitis B Birth Dose,2026-01-02,2026-01-02,0,UIP-NSK-202601-HEPB-789,PHC-NSK-04,nurse_nsk_04,FALSE,Administered at hospital after delivery.
NSK-2026-0213,Penta,1,Pentavalent-1 (6 Weeks),2026-02-13,2026-02-24,11,UIP-NSK-202602-PENTA-616,PHC-NSK-04,nurse_nsk_04,FALSE,Routine UIP session.
NSK-2026-0213,Rota,1,Rotavirus-1 (6 Weeks),2026-02-13,2026-02-13,0,UIP-NSK-202602-ROTA-333,PHC-NSK-04,nurse_nsk_04,FALSE,Routine UIP session.
NSK-2026-0213,fIPV,1,fIPV-1 (6 Weeks),2026-02-13,2026-02-19,6,UIP-NSK-202602-FIPV-635,PHC-NSK-04,nurse_nsk_04,FALSE,Routine UIP session.
NSK-2026-0213,PCV,1,PCV-1 (6 Weeks),2026-02-13,2026-02-19,6,UIP-NSK-202602-PCV-372,PHC-NSK-04,nurse_nsk_04,FALSE,Routine UIP session.
NSK-2026-0213,OPV,3,OPV-2 (10 Weeks),2026-03-13,2026-03-22,9,UIP-NSK-202603-OPV-754,PHC-NSK-04,nurse_nsk_04,FALSE,Routine UIP session.
NSK-2026-0213,Penta,2,Pentavalent-2 (10 Weeks),2026-03-13,2026-03-24,11,UIP-NSK-202603-PENTA-301,PHC-NSK-04,nurse_nsk_04,FALSE,Routine UIP session.
NSK-2026-0213,Rota,2,Rotavirus-2 (10 Weeks),2026-03-13,2026-03-21,8,UIP-NSK-202603-ROTA-668,PHC-NSK-04,nurse_nsk_04,FALSE,Routine UIP session.
NSK-2026-0213,OPV,4,OPV-3 (14 Weeks),2026-04-10,2026-04-19,9,UIP-NSK-202604-OPV-235,PHC-NSK-04,nurse_nsk_04,FALSE,Routine UIP session.
NSK-2026-0213,Penta,3,Pentavalent-3 (14 Weeks),2026-04-10,2026-04-26,16,UIP-NSK-202604-PENTA-364,PHC-NSK-05,nurse_nsk_05,FALSE,Routine UIP session.
NSK-2026-0213,Rota,3,Rotavirus-3 (14 Weeks),2026-04-10,2026-04-18,8,UIP-NSK-202604-ROTA-858,PHC-NSK-04,nurse_nsk_04,FALSE,Routine UIP session.
NSK-2026-0213,fIPV,2,fIPV-2 (14 Weeks),2026-04-10,2026-04-17,7,UIP-NSK-202604-FIPV-910,PHC-NSK-04,nurse_nsk_04,FALSE,Routine UIP session.
NSK-2026-0213,PCV,2,PCV-2 (14 Weeks),2026-04-10,2026-04-19,9,UIP-NSK-202604-PCV-262,PHC-NSK-04,nurse_nsk_04,FALSE,Routine UIP session.
NSK-2026-0214,BCG,1,BCG (At Birth),2026-06-15,2026-06-15,0,UIP-NSK-202606-BCG-941,PHC-NSK-02,nurse_nsk_02,FALSE,Administered at hospital after delivery.
NSK-2026-0214,OPV,1,OPV Zero Dose (At Birth),2026-06-15,2026-06-15,0,UIP-NSK-202606-OPV-436,PHC-NSK-02,nurse_nsk_02,FALSE,Administered at hospital after delivery.
NSK-2026-0214,HepB,1,Hepatitis B Birth Dose,2026-06-15,2026-06-15,0,UIP-NSK-202606-HEPB-295,PHC-NSK-02,nurse_nsk_02,FALSE,Administered at hospital after delivery.
NSK-2026-0214,OPV,2,OPV-1 (6 Weeks),2026-07-27,2026-08-15,19,UIP-NSK-202608-OPV-263,PHC-NSK-02,nurse_nsk_02,FALSE,Routine UIP session.
NSK-2026-0214,Rota,1,Rotavirus-1 (6 Weeks),2026-07-27,2026-09-21,56,UIP-NSK-202609-ROTA-581,PHC-NSK-02,nurse_nsk_02,FALSE,Routine UIP session.
NSK-2026-0214,PCV,1,PCV-1 (6 Weeks),2026-07-27,2026-08-23,27,UIP-NSK-202608-PCV-770,PHC-NSK-02,nurse_nsk_02,FALSE,Routine UIP session.
NSK-2026-0214,OPV,3,OPV-2 (10 Weeks),2026-08-24,2026-09-12,19,UIP-NSK-202609-OPV-563,PHC-NSK-02,nurse_nsk_02,FALSE,Routine UIP session.
NSK-2026-0215,BCG,1,BCG (At Birth),2026-05-31,2026-05-31,0,UIP-NSK-202605-BCG-796,PHC-NSK-10,nurse_nsk_10,FALSE,Administered at hospital after delivery.
NSK-2026-0215,OPV,1,OPV Zero Dose (At Birth),2026-05-31,2026-05-31,0,UIP-NSK-202605-OPV-331,PHC-NSK-10,nurse_nsk_10,FALSE,Administered at hospital after delivery.
NSK-2026-0215,HepB,1,Hepatitis B Birth Dose,2026-05-31,2026-05-31,0,UIP-NSK-202605-HEPB-407,PHC-NSK-10,nurse_nsk_10,FALSE,Administered at hospital after delivery.
NSK-2026-0215,Penta,1,Pentavalent-1 (6 Weeks),2026-07-12,2026-07-14,2,UIP-NSK-202607-PENTA-665,PHC-NSK-10,nurse_nsk_10,FALSE,Routine UIP session.
NSK-2026-0215,Rota,1,Rotavirus-1 (6 Weeks),2026-07-12,2026-07-15,3,UIP-NSK-202607-ROTA-906,PHC-NSK-10,nurse_nsk_10,FALSE,Routine UIP session.
NSK-2026-0215,fIPV,1,fIPV-1 (6 Weeks),2026-07-12,2026-07-12,0,UIP-NSK-202607-FIPV-247,PHC-NSK-10,nurse_nsk_10,FALSE,Routine UIP session.
NSK-2026-0215,PCV,1,PCV-1 (6 Weeks),2026-07-12,2026-07-12,0,UIP-NSK-202607-PCV-957,PHC-NSK-10,nurse_nsk_10,FALSE,Routine UIP session.
NSK-2026-0215,OPV,3,OPV-2 (10 Weeks),2026-08-09,2026-08-09,0,UIP-NSK-202608-OPV-132,PHC-NSK-10,nurse_nsk_10,FALSE,Routine UIP session.
NSK-2026-0215,Penta,2,Pentavalent-2 (10 Weeks),2026-08-09,2026-08-11,2,UIP-NSK-202608-PENTA-131,PHC-NSK-10,nurse_nsk_10,FALSE,Routine UIP session.
NSK-2026-0215,Rota,2,Rotavirus-2 (10 Weeks),2026-08-09,2026-08-12,3,UIP-NSK-202608-ROTA-220,PHC-NSK-10,nurse_nsk_10,FALSE,Routine UIP session.
NSK-2026-0215,OPV,4,OPV-3 (14 Weeks),2026-09-06,2026-09-06,0,UIP-NSK-202609-OPV-958,PHC-NSK-10,nurse_nsk_10,FALSE,Routine UIP session.
NSK-2026-0215,Penta,3,Pentavalent-3 (14 Weeks),2026-09-06,2026-09-08,2,UIP-NSK-202609-PENTA-937,PHC-NSK-10,nurse_nsk_10,FALSE,Routine UIP session.
NSK-2026-0215,Rota,3,Rotavirus-3 (14 Weeks),2026-09-06,2026-09-09,3,UIP-NSK-202609-ROTA-556,PHC-NSK-05,nurse_nsk_05,FALSE,Routine UIP session.
NSK-2026-0215,fIPV,2,fIPV-2 (14 Weeks),2026-09-06,2026-09-06,0,UIP-NSK-202609-FIPV-906,PHC-NSK-07,nurse_nsk_07,FALSE,Routine UIP session.
NSK-2026-0215,PCV,2,PCV-2 (14 Weeks),2026-09-06,2026-09-13,7,UIP-NSK-202609-PCV-197,PHC-NSK-10,nurse_nsk_10,FALSE,Routine UIP session.
NSK-2026-0216,BCG,1,BCG (At Birth),2026-08-13,2026-08-13,0,UIP-NSK-202608-BCG-626,PHC-NSK-02,nurse_nsk_02,FALSE,Administered at hospital after delivery.
NSK-2026-0216,OPV,1,OPV Zero Dose (At Birth),2026-08-13,2026-08-13,0,UIP-NSK-202608-OPV-529,PHC-NSK-02,nurse_nsk_02,FALSE,Administered at hospital after delivery.
NSK-2026-0216,HepB,1,Hepatitis B Birth Dose,2026-08-13,2026-08-15,2,UIP-NSK-202608-HEPB-660,PHC-NSK-06,nurse_nsk_06,FALSE,Routine UIP session.
NSK-2026-0216,OPV,2,OPV-1 (6 Weeks),2026-09-24,2026-09-25,1,UIP-NSK-202609-OPV-642,PHC-NSK-02,nurse_nsk_02,FALSE,Routine UIP session.
NSK-2026-0216,Penta,1,Pentavalent-1 (6 Weeks),2026-09-24,2026-09-27,3,UIP-NSK-202609-PENTA-312,PHC-NSK-02,nurse_nsk_02,FALSE,Routine UIP session.
NSK-2026-0216,Rota,1,Rotavirus-1 (6 Weeks),2026-09-24,2026-09-24,0,UIP-NSK-202609-ROTA-279,PHC-NSK-02,nurse_nsk_02,FALSE,Routine UIP session.
NSK-2026-0216,fIPV,1,fIPV-1 (6 Weeks),2026-09-24,2026-09-27,3,UIP-NSK-202609-FIPV-128,PHC-NSK-02,nurse_nsk_02,FALSE,Routine UIP session.
NSK-2026-0216,PCV,1,PCV-1 (6 Weeks),2026-09-24,2026-09-26,2,UIP-NSK-202609-PCV-667,PHC-NSK-02,nurse_nsk_02,FALSE,Routine UIP session.
NSK-2026-0217,BCG,1,BCG (At Birth),2026-06-06,2026-06-06,0,UIP-NSK-202606-BCG-294,PHC-NSK-07,nurse_nsk_07,FALSE,Administered at hospital after delivery.
NSK-2026-0217,OPV,1,OPV Zero Dose (At Birth),2026-06-06,2026-06-06,0,UIP-NSK-202606-OPV-905,PHC-NSK-07,nurse_nsk_07,FALSE,Administered at hospital after delivery.
NSK-2026-0217,HepB,1,Hepatitis B Birth Dose,2026-06-06,2026-06-06,0,UIP-NSK-202606-HEPB-607,PHC-NSK-07,nurse_nsk_07,FALSE,Administered at hospital after delivery.
NSK-2026-0217,OPV,2,OPV-1 (6 Weeks),2026-07-18,2026-07-18,0,UIP-NSK-202607-OPV-270,PHC-NSK-07,nurse_nsk_07,FALSE,Routine UIP session.
NSK-2026-0217,Penta,1,Pentavalent-1 (6 Weeks),2026-07-18,2026-07-18,0,UIP-NSK-202607-PENTA-415,PHC-NSK-07,nurse_nsk_07,FALSE,Routine UIP session.
NSK-2026-0217,Rota,1,Rotavirus-1 (6 Weeks),2026-07-18,2026-07-18,0,UIP-NSK-202607-ROTA-583,PHC-NSK-07,nurse_nsk_07,FALSE,Routine UIP session.
NSK-2026-0217,fIPV,1,fIPV-1 (6 Weeks),2026-07-18,2026-07-18,0,UIP-NSK-202607-FIPV-908,PHC-NSK-07,nurse_nsk_07,FALSE,Routine UIP session.
NSK-2026-0217,PCV,1,PCV-1 (6 Weeks),2026-07-18,2026-07-18,0,UIP-NSK-202607-PCV-764,PHC-NSK-07,nurse_nsk_07,FALSE,Routine UIP session.
NSK-2026-0217,OPV,3,OPV-2 (10 Weeks),2026-08-15,2026-08-15,0,UIP-NSK-202608-OPV-883,PHC-NSK-07,nurse_nsk_07,FALSE,Routine UIP session.
NSK-2026-0217,Penta,2,Pentavalent-2 (10 Weeks),2026-08-15,2026-08-15,0,UIP-NSK-202608-PENTA-161,PHC-NSK-05,nurse_nsk_05,FALSE,Routine UIP session.
NSK-2026-0217,Rota,2,Rotavirus-2 (10 Weeks),2026-08-15,2026-08-15,0,UIP-NSK-202608-ROTA-914,PHC-NSK-07,nurse_nsk_07,FALSE,Routine UIP session.
NSK-2026-0217,OPV,4,OPV-3 (14 Weeks),2026-09-12,2026-09-14,2,UIP-NSK-202609-OPV-305,PHC-NSK-07,nurse_nsk_07,FALSE,Routine UIP session.
NSK-2026-0217,Penta,3,Pentavalent-3 (14 Weeks),2026-09-12,2026-09-12,0,UIP-NSK-202609-PENTA-164,PHC-NSK-07,nurse_nsk_07,FALSE,Routine UIP session.
NSK-2026-0217,Rota,3,Rotavirus-3 (14 Weeks),2026-09-12,2026-09-12,0,UIP-NSK-202609-ROTA-988,PHC-NSK-07,nurse_nsk_07,FALSE,Routine UIP session.
NSK-2026-0217,fIPV,2,fIPV-2 (14 Weeks),2026-09-12,2026-09-12,0,UIP-NSK-202609-FIPV-717,PHC-NSK-07,nurse_nsk_07,FALSE,Routine UIP session.
NSK-2026-0217,PCV,2,PCV-2 (14 Weeks),2026-09-12,2026-09-19,7,UIP-NSK-202609-PCV-718,PHC-NSK-07,nurse_nsk_07,FALSE,Routine UIP session.
NSK-2026-0218,BCG,1,BCG (At Birth),2026-08-18,2026-08-18,0,UIP-NSK-202608-BCG-867,PHC-NSK-04,nurse_nsk_04,FALSE,Administered at hospital after delivery.
NSK-2026-0218,OPV,1,OPV Zero Dose (At Birth),2026-08-18,2026-08-18,0,UIP-NSK-202608-OPV-344,PHC-NSK-04,nurse_nsk_04,FALSE,Administered at hospital after delivery.
NSK-2026-0218,HepB,1,Hepatitis B Birth Dose,2026-08-18,2026-08-18,0,UIP-NSK-202608-HEPB-438,PHC-NSK-04,nurse_nsk_04,FALSE,Administered at hospital after delivery.
NSK-2026-0218,OPV,2,OPV-1 (6 Weeks),2026-09-29,2026-09-29,0,UIP-NSK-202609-OPV-890,PHC-NSK-04,nurse_nsk_04,FALSE,Routine UIP session.
NSK-2026-0218,Penta,1,Pentavalent-1 (6 Weeks),2026-09-29,2026-09-29,0,UIP-NSK-202609-PENTA-261,PHC-NSK-04,nurse_nsk_04,FALSE,Routine UIP session.
NSK-2026-0218,Rota,1,Rotavirus-1 (6 Weeks),2026-09-29,2026-09-29,0,UIP-NSK-202609-ROTA-741,PHC-NSK-04,nurse_nsk_04,FALSE,Routine UIP session.
NSK-2026-0218,fIPV,1,fIPV-1 (6 Weeks),2026-09-29,2026-09-30,1,UIP-NSK-202609-FIPV-524,PHC-NSK-04,nurse_nsk_04,FALSE,Routine UIP session.
NSK-2026-0218,PCV,1,PCV-1 (6 Weeks),2026-09-29,2026-09-29,0,UIP-NSK-202609-PCV-449,PHC-NSK-04,nurse_nsk_04,FALSE,Routine UIP session.
NSK-2026-0219,BCG,1,BCG (At Birth),2026-01-05,2026-01-05,0,UIP-NSK-202601-BCG-717,PHC-NSK-09,nurse_nsk_09,FALSE,Administered at hospital after delivery.
NSK-2026-0219,HepB,1,Hepatitis B Birth Dose,2026-01-05,2026-01-05,0,UIP-NSK-202601-HEPB-381,PHC-NSK-09,nurse_nsk_09,FALSE,Administered at hospital after delivery.
NSK-2026-0219,OPV,2,OPV-1 (6 Weeks),2026-02-16,2026-02-16,0,UIP-NSK-202602-OPV-860,PHC-NSK-09,nurse_nsk_09,FALSE,Routine UIP session.
NSK-2026-0219,Penta,1,Pentavalent-1 (6 Weeks),2026-02-16,2026-02-16,0,UIP-NSK-202602-PENTA-982,PHC-NSK-09,nurse_nsk_09,FALSE,Routine UIP session.
NSK-2026-0219,Rota,1,Rotavirus-1 (6 Weeks),2026-02-16,2026-02-19,3,UIP-NSK-202602-ROTA-805,PHC-NSK-09,nurse_nsk_09,FALSE,Routine UIP session.
NSK-2026-0219,fIPV,1,fIPV-1 (6 Weeks),2026-02-16,2026-02-17,1,UIP-NSK-202602-FIPV-612,PHC-NSK-09,nurse_nsk_09,FALSE,Routine UIP session.
NSK-2026-0219,PCV,1,PCV-1 (6 Weeks),2026-02-16,2026-02-16,0,UIP-NSK-202602-PCV-621,PHC-NSK-09,nurse_nsk_09,FALSE,Routine UIP session.
NSK-2026-0219,OPV,3,OPV-2 (10 Weeks),2026-03-16,2026-03-18,2,UIP-NSK-202603-OPV-334,PHC-NSK-09,nurse_nsk_09,FALSE,Routine UIP session.
NSK-2026-0219,Penta,2,Pentavalent-2 (10 Weeks),2026-03-16,2026-03-16,0,UIP-NSK-202603-PENTA-862,PHC-NSK-07,nurse_nsk_07,FALSE,Routine UIP session.
NSK-2026-0219,Rota,2,Rotavirus-2 (10 Weeks),2026-03-16,2026-03-23,7,UIP-NSK-202603-ROTA-215,PHC-NSK-09,nurse_nsk_09,FALSE,Routine UIP session.
NSK-2026-0219,OPV,4,OPV-3 (14 Weeks),2026-04-13,2026-04-15,2,UIP-NSK-202604-OPV-131,PHC-NSK-05,nurse_nsk_05,FALSE,Routine UIP session.
NSK-2026-0219,Penta,3,Pentavalent-3 (14 Weeks),2026-04-13,2026-04-13,0,UIP-NSK-202604-PENTA-666,PHC-NSK-09,nurse_nsk_09,FALSE,Routine UIP session.
NSK-2026-0219,Rota,3,Rotavirus-3 (14 Weeks),2026-04-13,2026-04-20,7,UIP-NSK-202604-ROTA-689,PHC-NSK-09,nurse_nsk_09,FALSE,Routine UIP session.
NSK-2026-0219,fIPV,2,fIPV-2 (14 Weeks),2026-04-13,2026-04-21,8,UIP-NSK-202604-FIPV-659,PHC-NSK-09,nurse_nsk_09,FALSE,Routine UIP session.
NSK-2026-0219,PCV,2,PCV-2 (14 Weeks),2026-04-13,2026-04-13,0,UIP-NSK-202604-PCV-746,PHC-NSK-09,nurse_nsk_09,FALSE,Routine UIP session.
NSK-2026-0219,PCV,3,PCV Booster (9 Months),2026-10-05,2026-10-05,0,UIP-NSK-202610-PCV-504,PHC-NSK-09,nurse_nsk_09,FALSE,Routine UIP session.
NSK-2026-0220,BCG,1,BCG (At Birth),2026-04-10,2026-04-10,0,UIP-NSK-202604-BCG-629,PHC-NSK-01,nurse_nsk_01,FALSE,Administered at hospital after delivery.
NSK-2026-0220,OPV,1,OPV Zero Dose (At Birth),2026-04-10,2026-04-10,0,UIP-NSK-202604-OPV-900,PHC-NSK-01,nurse_nsk_01,FALSE,Administered at hospital after delivery.
NSK-2026-0220,HepB,1,Hepatitis B Birth Dose,2026-04-10,2026-04-10,0,UIP-NSK-202604-HEPB-417,PHC-NSK-01,nurse_nsk_01,FALSE,Administered at hospital after delivery.
NSK-2026-0220,OPV,2,OPV-1 (6 Weeks),2026-05-22,2026-05-25,3,UIP-NSK-202605-OPV-810,PHC-NSK-01,nurse_nsk_01,FALSE,Routine UIP session.
NSK-2026-0220,Penta,1,Pentavalent-1 (6 Weeks),2026-05-22,2026-05-25,3,UIP-NSK-202605-PENTA-109,PHC-NSK-01,nurse_nsk_01,FALSE,Routine UIP session.
NSK-2026-0220,Rota,1,Rotavirus-1 (6 Weeks),2026-05-22,2026-05-25,3,UIP-NSK-202605-ROTA-741,PHC-NSK-01,nurse_nsk_01,FALSE,Routine UIP session.
NSK-2026-0220,fIPV,1,fIPV-1 (6 Weeks),2026-05-22,2026-05-25,3,UIP-NSK-202605-FIPV-347,PHC-NSK-01,nurse_nsk_01,FALSE,Routine UIP session.
NSK-2026-0220,PCV,1,PCV-1 (6 Weeks),2026-05-22,2026-05-22,0,UIP-NSK-202605-PCV-344,PHC-NSK-01,nurse_nsk_01,FALSE,Routine UIP session.
NSK-2026-0220,OPV,3,OPV-2 (10 Weeks),2026-06-19,2026-06-22,3,UIP-NSK-202606-OPV-720,PHC-NSK-01,nurse_nsk_01,FALSE,Routine UIP session.
NSK-2026-0220,Penta,2,Pentavalent-2 (10 Weeks),2026-06-19,2026-06-22,3,UIP-NSK-202606-PENTA-609,PHC-NSK-01,nurse_nsk_01,FALSE,Routine UIP session.
NSK-2026-0220,Rota,2,Rotavirus-2 (10 Weeks),2026-06-19,2026-06-22,3,UIP-NSK-202606-ROTA-589,PHC-NSK-01,nurse_nsk_01,FALSE,Routine UIP session.
NSK-2026-0220,OPV,4,OPV-3 (14 Weeks),2026-07-17,2026-07-26,9,UIP-NSK-202607-OPV-995,PHC-NSK-01,nurse_nsk_01,FALSE,Routine UIP session.
NSK-2026-0220,Penta,3,Pentavalent-3 (14 Weeks),2026-07-17,2026-07-20,3,UIP-NSK-202607-PENTA-650,PHC-NSK-01,nurse_nsk_01,FALSE,Routine UIP session.
NSK-2026-0220,Rota,3,Rotavirus-3 (14 Weeks),2026-07-17,2026-07-20,3,UIP-NSK-202607-ROTA-175,PHC-NSK-01,nurse_nsk_01,FALSE,Routine UIP session.
NSK-2026-0220,fIPV,2,fIPV-2 (14 Weeks),2026-07-17,2026-07-17,0,UIP-NSK-202607-FIPV-559,PHC-NSK-01,nurse_nsk_01,FALSE,Routine UIP session.
NSK-2026-0220,PCV,2,PCV-2 (14 Weeks),2026-07-17,2026-07-17,0,UIP-NSK-202607-PCV-280,PHC-NSK-01,nurse_nsk_01,FALSE,Routine UIP session.
NSK-2026-0221,BCG,1,BCG (At Birth),2026-02-06,2026-02-06,0,UIP-NSK-202602-BCG-169,PHC-NSK-09,nurse_nsk_09,FALSE,Administered at hospital after delivery.
NSK-2026-0221,OPV,1,OPV Zero Dose (At Birth),2026-02-06,2026-02-06,0,UIP-NSK-202602-OPV-423,PHC-NSK-06,nurse_nsk_06,FALSE,Administered at hospital after delivery.
NSK-2026-0221,HepB,1,Hepatitis B Birth Dose,2026-02-06,2026-02-06,0,UIP-NSK-202602-HEPB-904,PHC-NSK-09,nurse_nsk_09,FALSE,Administered at hospital after delivery.
NSK-2026-0221,Penta,1,Pentavalent-1 (6 Weeks),2026-03-20,2026-04-26,37,UIP-NSK-202604-PENTA-717,PHC-NSK-09,nurse_nsk_09,FALSE,Routine UIP session.
NSK-2026-0221,fIPV,1,fIPV-1 (6 Weeks),2026-03-20,2026-04-01,12,UIP-NSK-202604-FIPV-290,PHC-NSK-09,nurse_nsk_09,FALSE,Routine UIP session.
NSK-2026-0221,PCV,1,PCV-1 (6 Weeks),2026-03-20,2026-04-04,15,UIP-NSK-202604-PCV-474,PHC-NSK-09,nurse_nsk_09,FALSE,Routine UIP session.
NSK-2026-0221,Penta,2,Pentavalent-2 (10 Weeks),2026-04-17,2026-05-24,37,UIP-NSK-202605-PENTA-872,PHC-NSK-09,nurse_nsk_09,FALSE,Routine UIP session.
NSK-2026-0221,Penta,3,Pentavalent-3 (14 Weeks),2026-05-15,2026-06-21,37,UIP-NSK-202606-PENTA-613,PHC-NSK-09,nurse_nsk_09,FALSE,Routine UIP session.
NSK-2026-0222,BCG,1,BCG (At Birth),2026-07-16,2026-07-16,0,UIP-NSK-202607-BCG-151,PHC-NSK-02,nurse_nsk_02,FALSE,Administered at hospital after delivery.
NSK-2026-0222,OPV,1,OPV Zero Dose (At Birth),2026-07-16,2026-07-16,0,UIP-NSK-202607-OPV-131,PHC-NSK-02,nurse_nsk_02,FALSE,Administered at hospital after delivery.
NSK-2026-0222,HepB,1,Hepatitis B Birth Dose,2026-07-16,2026-07-16,0,UIP-NSK-202607-HEPB-983,PHC-NSK-05,nurse_nsk_05,FALSE,Administered at hospital after delivery.
NSK-2026-0222,OPV,2,OPV-1 (6 Weeks),2026-08-27,2026-08-28,1,UIP-NSK-202608-OPV-348,PHC-NSK-02,nurse_nsk_02,FALSE,Routine UIP session.
NSK-2026-0222,Penta,1,Pentavalent-1 (6 Weeks),2026-08-27,2026-08-27,0,UIP-NSK-202608-PENTA-846,PHC-NSK-02,nurse_nsk_02,FALSE,Routine UIP session.
NSK-2026-0222,Rota,1,Rotavirus-1 (6 Weeks),2026-08-27,2026-08-27,0,UIP-NSK-202608-ROTA-921,PHC-NSK-02,nurse_nsk_02,FALSE,Routine UIP session.
NSK-2026-0222,fIPV,1,fIPV-1 (6 Weeks),2026-08-27,2026-08-27,0,UIP-NSK-202608-FIPV-174,PHC-NSK-02,nurse_nsk_02,FALSE,Routine UIP session.
NSK-2026-0222,PCV,1,PCV-1 (6 Weeks),2026-08-27,2026-08-28,1,UIP-NSK-202608-PCV-546,PHC-NSK-02,nurse_nsk_02,FALSE,Routine UIP session.
NSK-2026-0222,OPV,3,OPV-2 (10 Weeks),2026-09-24,2026-09-25,1,UIP-NSK-202609-OPV-291,PHC-NSK-02,nurse_nsk_02,FALSE,Routine UIP session.
NSK-2026-0222,Penta,2,Pentavalent-2 (10 Weeks),2026-09-24,2026-09-24,0,UIP-NSK-202609-PENTA-535,PHC-NSK-02,nurse_nsk_02,FALSE,Routine UIP session.
NSK-2026-0222,Rota,2,Rotavirus-2 (10 Weeks),2026-09-24,2026-09-24,0,UIP-NSK-202609-ROTA-406,PHC-NSK-02,nurse_nsk_02,FALSE,Routine UIP session.
NSK-2026-0223,BCG,1,BCG (At Birth),2026-03-03,2026-03-03,0,UIP-NSK-202603-BCG-108,PHC-NSK-01,nurse_nsk_01,FALSE,Administered at hospital after delivery.
NSK-2026-0223,OPV,1,OPV Zero Dose (At Birth),2026-03-03,2026-03-03,0,UIP-NSK-202603-OPV-139,PHC-NSK-01,nurse_nsk_01,FALSE,Administered at hospital after delivery.
NSK-2026-0223,HepB,1,Hepatitis B Birth Dose,2026-03-03,2026-03-03,0,UIP-NSK-202603-HEPB-757,PHC-NSK-01,nurse_nsk_01,FALSE,Administered at hospital after delivery.
NSK-2026-0223,OPV,2,OPV-1 (6 Weeks),2026-04-14,2026-04-16,2,UIP-NSK-202604-OPV-356,PHC-NSK-01,nurse_nsk_01,FALSE,Routine UIP session.
NSK-2026-0223,Penta,1,Pentavalent-1 (6 Weeks),2026-04-14,2026-04-14,0,UIP-NSK-202604-PENTA-766,PHC-NSK-01,nurse_nsk_01,FALSE,Routine UIP session.
NSK-2026-0223,Rota,1,Rotavirus-1 (6 Weeks),2026-04-14,2026-04-14,0,UIP-NSK-202604-ROTA-237,PHC-NSK-01,nurse_nsk_01,FALSE,Routine UIP session.
NSK-2026-0223,fIPV,1,fIPV-1 (6 Weeks),2026-04-14,2026-04-14,0,UIP-NSK-202604-FIPV-965,PHC-NSK-01,nurse_nsk_01,FALSE,Routine UIP session.
NSK-2026-0223,OPV,3,OPV-2 (10 Weeks),2026-05-12,2026-05-14,2,UIP-NSK-202605-OPV-155,PHC-NSK-01,nurse_nsk_01,FALSE,Routine UIP session.
NSK-2026-0223,Penta,2,Pentavalent-2 (10 Weeks),2026-05-12,2026-05-12,0,UIP-NSK-202605-PENTA-825,PHC-NSK-01,nurse_nsk_01,FALSE,Routine UIP session.
NSK-2026-0223,Rota,2,Rotavirus-2 (10 Weeks),2026-05-12,2026-05-12,0,UIP-NSK-202605-ROTA-508,PHC-NSK-01,nurse_nsk_01,FALSE,Routine UIP session.
NSK-2026-0223,OPV,4,OPV-3 (14 Weeks),2026-06-09,2026-06-11,2,UIP-NSK-202606-OPV-495,PHC-NSK-01,nurse_nsk_01,FALSE,Routine UIP session.
NSK-2026-0223,Penta,3,Pentavalent-3 (14 Weeks),2026-06-09,2026-06-09,0,UIP-NSK-202606-PENTA-693,PHC-NSK-01,nurse_nsk_01,FALSE,Routine UIP session.
NSK-2026-0223,Rota,3,Rotavirus-3 (14 Weeks),2026-06-09,2026-06-09,0,UIP-NSK-202606-ROTA-704,PHC-NSK-01,nurse_nsk_01,FALSE,Routine UIP session.
NSK-2026-0223,fIPV,2,fIPV-2 (14 Weeks),2026-06-09,2026-06-09,0,UIP-NSK-202606-FIPV-383,PHC-NSK-01,nurse_nsk_01,FALSE,Routine UIP session.
NSK-2026-0224,BCG,1,BCG (At Birth),2026-02-24,2026-02-24,0,UIP-NSK-202602-BCG-937,PHC-NSK-01,nurse_nsk_01,FALSE,Administered at hospital after delivery.
NSK-2026-0224,OPV,1,OPV Zero Dose (At Birth),2026-02-24,2026-02-24,0,UIP-NSK-202602-OPV-145,PHC-NSK-01,nurse_nsk_01,FALSE,Administered at hospital after delivery.
NSK-2026-0224,HepB,1,Hepatitis B Birth Dose,2026-02-24,2026-02-24,0,UIP-NSK-202602-HEPB-344,PHC-NSK-01,nurse_nsk_01,FALSE,Administered at hospital after delivery.
NSK-2026-0224,OPV,2,OPV-1 (6 Weeks),2026-04-07,2026-04-08,1,UIP-NSK-202604-OPV-282,PHC-NSK-01,nurse_nsk_01,FALSE,Routine UIP session.
NSK-2026-0224,Penta,1,Pentavalent-1 (6 Weeks),2026-04-07,2026-04-09,2,UIP-NSK-202604-PENTA-205,PHC-NSK-01,nurse_nsk_01,FALSE,Routine UIP session.
NSK-2026-0224,Rota,1,Rotavirus-1 (6 Weeks),2026-04-07,2026-04-07,0,UIP-NSK-202604-ROTA-794,PHC-NSK-01,nurse_nsk_01,FALSE,Routine UIP session.
NSK-2026-0224,fIPV,1,fIPV-1 (6 Weeks),2026-04-07,2026-04-07,0,UIP-NSK-202604-FIPV-481,PHC-NSK-01,nurse_nsk_01,FALSE,Routine UIP session.
NSK-2026-0224,PCV,1,PCV-1 (6 Weeks),2026-04-07,2026-04-07,0,UIP-NSK-202604-PCV-348,PHC-NSK-01,nurse_nsk_01,FALSE,Routine UIP session.
NSK-2026-0224,OPV,3,OPV-2 (10 Weeks),2026-05-05,2026-05-06,1,UIP-NSK-202605-OPV-538,PHC-NSK-04,nurse_nsk_04,FALSE,Routine UIP session.
NSK-2026-0224,Penta,2,Pentavalent-2 (10 Weeks),2026-05-05,2026-05-07,2,UIP-NSK-202605-PENTA-813,PHC-NSK-01,nurse_nsk_01,FALSE,Routine UIP session.
NSK-2026-0224,Rota,2,Rotavirus-2 (10 Weeks),2026-05-05,2026-05-05,0,UIP-NSK-202605-ROTA-726,PHC-NSK-01,nurse_nsk_01,FALSE,Routine UIP session.
NSK-2026-0224,OPV,4,OPV-3 (14 Weeks),2026-06-02,2026-06-04,2,UIP-NSK-202606-OPV-977,PHC-NSK-07,nurse_nsk_07,FALSE,Routine UIP session.
NSK-2026-0224,Penta,3,Pentavalent-3 (14 Weeks),2026-06-02,2026-06-04,2,UIP-NSK-202606-PENTA-718,PHC-NSK-01,nurse_nsk_01,FALSE,Routine UIP session.
NSK-2026-0224,Rota,3,Rotavirus-3 (14 Weeks),2026-06-02,2026-06-02,0,UIP-NSK-202606-ROTA-559,PHC-NSK-01,nurse_nsk_01,FALSE,Routine UIP session.
NSK-2026-0224,fIPV,2,fIPV-2 (14 Weeks),2026-06-02,2026-06-02,0,UIP-NSK-202606-FIPV-736,PHC-NSK-01,nurse_nsk_01,FALSE,Routine UIP session.
NSK-2026-0224,PCV,2,PCV-2 (14 Weeks),2026-06-02,2026-06-02,0,UIP-NSK-202606-PCV-116,PHC-NSK-01,nurse_nsk_01,FALSE,Routine UIP session.
NSK-2026-0225,BCG,1,BCG (At Birth),2026-08-17,2026-08-17,0,UIP-NSK-202608-BCG-506,PHC-NSK-05,nurse_nsk_05,FALSE,Administered at hospital after delivery.
NSK-2026-0225,OPV,1,OPV Zero Dose (At Birth),2026-08-17,2026-08-17,0,UIP-NSK-202608-OPV-519,PHC-NSK-05,nurse_nsk_05,FALSE,Administered at hospital after delivery.
NSK-2026-0225,HepB,1,Hepatitis B Birth Dose,2026-08-17,2026-08-17,0,UIP-NSK-202608-HEPB-662,PHC-NSK-05,nurse_nsk_05,FALSE,Administered at hospital after delivery.
NSK-2026-0225,OPV,2,OPV-1 (6 Weeks),2026-09-28,2026-10-05,7,UIP-NSK-202610-OPV-611,PHC-NSK-05,nurse_nsk_05,FALSE,Routine UIP session.
NSK-2026-0225,Penta,1,Pentavalent-1 (6 Weeks),2026-09-28,2026-10-04,6,UIP-NSK-202610-PENTA-272,PHC-NSK-05,nurse_nsk_05,FALSE,Routine UIP session.
NSK-2026-0225,Rota,1,Rotavirus-1 (6 Weeks),2026-09-28,2026-10-03,5,UIP-NSK-202610-ROTA-521,PHC-NSK-05,nurse_nsk_05,FALSE,Routine UIP session.
NSK-2026-0225,PCV,1,PCV-1 (6 Weeks),2026-09-28,2026-10-01,3,UIP-NSK-202610-PCV-856,PHC-NSK-05,nurse_nsk_05,FALSE,Routine UIP session.
NSK-2026-0226,BCG,1,BCG (At Birth),2026-07-20,2026-07-20,0,UIP-NSK-202607-BCG-625,PHC-NSK-07,nurse_nsk_07,FALSE,Administered at hospital after delivery.
NSK-2026-0226,OPV,1,OPV Zero Dose (At Birth),2026-07-20,2026-08-02,13,UIP-NSK-202608-OPV-567,PHC-NSK-07,nurse_nsk_07,FALSE,Routine UIP session.
NSK-2026-0226,HepB,1,Hepatitis B Birth Dose,2026-07-20,2026-07-20,0,UIP-NSK-202607-HEPB-969,PHC-NSK-07,nurse_nsk_07,FALSE,Administered at hospital after delivery.
NSK-2026-0226,OPV,2,OPV-1 (6 Weeks),2026-08-31,2026-09-06,6,UIP-NSK-202609-OPV-275,PHC-NSK-07,nurse_nsk_07,FALSE,Routine UIP session.
NSK-2026-0226,Penta,1,Pentavalent-1 (6 Weeks),2026-08-31,2026-09-03,3,UIP-NSK-202609-PENTA-581,PHC-NSK-07,nurse_nsk_07,FALSE,Routine UIP session.
NSK-2026-0226,Rota,1,Rotavirus-1 (6 Weeks),2026-08-31,2026-09-11,11,UIP-NSK-202609-ROTA-793,PHC-NSK-07,nurse_nsk_07,FALSE,Routine UIP session.
NSK-2026-0226,fIPV,1,fIPV-1 (6 Weeks),2026-08-31,2026-09-04,4,UIP-NSK-202609-FIPV-439,PHC-NSK-07,nurse_nsk_07,FALSE,Routine UIP session.
NSK-2026-0226,PCV,1,PCV-1 (6 Weeks),2026-08-31,2026-09-01,1,UIP-NSK-202609-PCV-346,PHC-NSK-01,nurse_nsk_01,FALSE,Routine UIP session.
NSK-2026-0226,OPV,3,OPV-2 (10 Weeks),2026-09-28,2026-10-04,6,UIP-NSK-202610-OPV-230,PHC-NSK-07,nurse_nsk_07,FALSE,Routine UIP session.
NSK-2026-0226,Penta,2,Pentavalent-2 (10 Weeks),2026-09-28,2026-10-01,3,UIP-NSK-202610-PENTA-123,PHC-NSK-07,nurse_nsk_07,FALSE,Routine UIP session.
NSK-2026-0227,BCG,1,BCG (At Birth),2026-02-13,2026-02-13,0,UIP-NSK-202602-BCG-259,PHC-NSK-08,nurse_nsk_08,FALSE,Administered at hospital after delivery.
NSK-2026-0227,OPV,1,OPV Zero Dose (At Birth),2026-02-13,2026-02-13,0,UIP-NSK-202602-OPV-425,PHC-NSK-08,nurse_nsk_08,FALSE,Administered at hospital after delivery.
NSK-2026-0227,HepB,1,Hepatitis B Birth Dose,2026-02-13,2026-02-13,0,UIP-NSK-202602-HEPB-543,PHC-NSK-08,nurse_nsk_08,FALSE,Administered at hospital after delivery.
NSK-2026-0227,OPV,2,OPV-1 (6 Weeks),2026-03-27,2026-03-27,0,UIP-NSK-202603-OPV-898,PHC-NSK-08,nurse_nsk_08,FALSE,Routine UIP session.
NSK-2026-0227,Penta,1,Pentavalent-1 (6 Weeks),2026-03-27,2026-03-29,2,UIP-NSK-202603-PENTA-665,PHC-NSK-08,nurse_nsk_08,FALSE,Routine UIP session.
NSK-2026-0227,Rota,1,Rotavirus-1 (6 Weeks),2026-03-27,2026-03-29,2,UIP-NSK-202603-ROTA-296,PHC-NSK-08,nurse_nsk_08,FALSE,Routine UIP session.
NSK-2026-0227,fIPV,1,fIPV-1 (6 Weeks),2026-03-27,2026-03-29,2,UIP-NSK-202603-FIPV-936,PHC-NSK-08,nurse_nsk_08,FALSE,Routine UIP session.
NSK-2026-0227,PCV,1,PCV-1 (6 Weeks),2026-03-27,2026-03-27,0,UIP-NSK-202603-PCV-901,PHC-NSK-08,nurse_nsk_08,FALSE,Routine UIP session.
NSK-2026-0227,OPV,3,OPV-2 (10 Weeks),2026-04-24,2026-04-24,0,UIP-NSK-202604-OPV-385,PHC-NSK-08,nurse_nsk_08,FALSE,Routine UIP session.
NSK-2026-0227,Penta,2,Pentavalent-2 (10 Weeks),2026-04-24,2026-04-26,2,UIP-NSK-202604-PENTA-526,PHC-NSK-08,nurse_nsk_08,FALSE,Routine UIP session.
NSK-2026-0227,Rota,2,Rotavirus-2 (10 Weeks),2026-04-24,2026-04-26,2,UIP-NSK-202604-ROTA-385,PHC-NSK-08,nurse_nsk_08,FALSE,Routine UIP session.
NSK-2026-0227,OPV,4,OPV-3 (14 Weeks),2026-05-22,2026-05-22,0,UIP-NSK-202605-OPV-946,PHC-NSK-08,nurse_nsk_08,FALSE,Routine UIP session.
NSK-2026-0227,Penta,3,Pentavalent-3 (14 Weeks),2026-05-22,2026-05-24,2,UIP-NSK-202605-PENTA-321,PHC-NSK-08,nurse_nsk_08,FALSE,Routine UIP session.
NSK-2026-0227,Rota,3,Rotavirus-3 (14 Weeks),2026-05-22,2026-05-24,2,UIP-NSK-202605-ROTA-658,PHC-NSK-08,nurse_nsk_08,FALSE,Routine UIP session.
NSK-2026-0227,fIPV,2,fIPV-2 (14 Weeks),2026-05-22,2026-05-22,0,UIP-NSK-202605-FIPV-482,PHC-NSK-08,nurse_nsk_08,FALSE,Routine UIP session.
NSK-2026-0227,PCV,2,PCV-2 (14 Weeks),2026-05-22,2026-05-26,4,UIP-NSK-202605-PCV-328,PHC-NSK-08,nurse_nsk_08,FALSE,Routine UIP session.
NSK-2026-0228,BCG,1,BCG (At Birth),2026-01-04,2026-01-04,0,UIP-NSK-202601-BCG-838,PHC-NSK-05,nurse_nsk_05,FALSE,Administered at hospital after delivery.
NSK-2026-0228,OPV,1,OPV Zero Dose (At Birth),2026-01-04,2026-01-04,0,UIP-NSK-202601-OPV-114,PHC-NSK-05,nurse_nsk_05,FALSE,Administered at hospital after delivery.
NSK-2026-0228,HepB,1,Hepatitis B Birth Dose,2026-01-04,2026-01-04,0,UIP-NSK-202601-HEPB-153,PHC-NSK-05,nurse_nsk_05,FALSE,Administered at hospital after delivery.
NSK-2026-0228,OPV,2,OPV-1 (6 Weeks),2026-02-15,2026-02-16,1,UIP-NSK-202602-OPV-511,PHC-NSK-05,nurse_nsk_05,FALSE,Routine UIP session.
NSK-2026-0228,Penta,1,Pentavalent-1 (6 Weeks),2026-02-15,2026-02-22,7,UIP-NSK-202602-PENTA-753,PHC-NSK-05,nurse_nsk_05,FALSE,Routine UIP session.
NSK-2026-0228,Rota,1,Rotavirus-1 (6 Weeks),2026-02-15,2026-02-15,0,UIP-NSK-202602-ROTA-194,PHC-NSK-06,nurse_nsk_06,FALSE,Routine UIP session.
NSK-2026-0228,fIPV,1,fIPV-1 (6 Weeks),2026-02-15,2026-02-15,0,UIP-NSK-202602-FIPV-843,PHC-NSK-07,nurse_nsk_07,FALSE,Routine UIP session.
NSK-2026-0228,PCV,1,PCV-1 (6 Weeks),2026-02-15,2026-02-15,0,UIP-NSK-202602-PCV-294,PHC-NSK-05,nurse_nsk_05,FALSE,Routine UIP session.
NSK-2026-0228,OPV,3,OPV-2 (10 Weeks),2026-03-15,2026-03-16,1,UIP-NSK-202603-OPV-750,PHC-NSK-05,nurse_nsk_05,FALSE,Routine UIP session.
NSK-2026-0228,Penta,2,Pentavalent-2 (10 Weeks),2026-03-15,2026-03-22,7,UIP-NSK-202603-PENTA-483,PHC-NSK-05,nurse_nsk_05,FALSE,Routine UIP session.
NSK-2026-0228,Rota,2,Rotavirus-2 (10 Weeks),2026-03-15,2026-03-15,0,UIP-NSK-202603-ROTA-341,PHC-NSK-05,nurse_nsk_05,FALSE,Routine UIP session.
NSK-2026-0228,OPV,4,OPV-3 (14 Weeks),2026-04-12,2026-04-13,1,UIP-NSK-202604-OPV-258,PHC-NSK-05,nurse_nsk_05,FALSE,Routine UIP session.
NSK-2026-0228,Penta,3,Pentavalent-3 (14 Weeks),2026-04-12,2026-04-19,7,UIP-NSK-202604-PENTA-391,PHC-NSK-05,nurse_nsk_05,FALSE,Routine UIP session.
NSK-2026-0228,Rota,3,Rotavirus-3 (14 Weeks),2026-04-12,2026-04-12,0,UIP-NSK-202604-ROTA-384,PHC-NSK-05,nurse_nsk_05,FALSE,Routine UIP session.
NSK-2026-0228,fIPV,2,fIPV-2 (14 Weeks),2026-04-12,2026-04-12,0,UIP-NSK-202604-FIPV-688,PHC-NSK-05,nurse_nsk_05,FALSE,Routine UIP session.
NSK-2026-0228,PCV,2,PCV-2 (14 Weeks),2026-04-12,2026-04-15,3,UIP-NSK-202604-PCV-525,PHC-NSK-05,nurse_nsk_05,FALSE,Routine UIP session.
NSK-2026-0228,MR,1,MR-1 (9-12 Months),2026-10-04,2026-10-05,1,UIP-NSK-202610-MR-115,PHC-NSK-05,nurse_nsk_05,TRUE,Mild fever and local swelling; resolved in 48 hours.
NSK-2026-0228,PCV,3,PCV Booster (9 Months),2026-10-04,2026-10-04,0,UIP-NSK-202610-PCV-729,PHC-NSK-05,nurse_nsk_05,FALSE,Routine UIP session.
NSK-2026-0229,BCG,1,BCG (At Birth),2026-04-23,2026-04-23,0,UIP-NSK-202604-BCG-406,PHC-NSK-02,nurse_nsk_02,FALSE,Administered at hospital after delivery.
NSK-2026-0229,OPV,1,OPV Zero Dose (At Birth),2026-04-23,2026-04-27,4,UIP-NSK-202604-OPV-679,PHC-NSK-02,nurse_nsk_02,FALSE,Routine UIP session.
NSK-2026-0229,OPV,2,OPV-1 (6 Weeks),2026-06-04,2026-06-18,14,UIP-NSK-202606-OPV-368,PHC-NSK-02,nurse_nsk_02,FALSE,Routine UIP session.
NSK-2026-0229,Penta,1,Pentavalent-1 (6 Weeks),2026-06-04,2026-06-17,13,UIP-NSK-202606-PENTA-362,PHC-NSK-06,nurse_nsk_06,FALSE,Routine UIP session.
NSK-2026-0229,Rota,1,Rotavirus-1 (6 Weeks),2026-06-04,2026-06-10,6,UIP-NSK-202606-ROTA-580,PHC-NSK-02,nurse_nsk_02,FALSE,Routine UIP session.
NSK-2026-0229,fIPV,1,fIPV-1 (6 Weeks),2026-06-04,2026-06-09,5,UIP-NSK-202606-FIPV-378,PHC-NSK-02,nurse_nsk_02,FALSE,Routine UIP session.
NSK-2026-0229,PCV,1,PCV-1 (6 Weeks),2026-06-04,2026-06-22,18,UIP-NSK-202606-PCV-386,PHC-NSK-02,nurse_nsk_02,FALSE,Routine UIP session.
NSK-2026-0229,Penta,2,Pentavalent-2 (10 Weeks),2026-07-02,2026-07-15,13,UIP-NSK-202607-PENTA-196,PHC-NSK-02,nurse_nsk_02,TRUE,Mild fever and local swelling; resolved in 48 hours.
NSK-2026-0229,Rota,2,Rotavirus-2 (10 Weeks),2026-07-02,2026-07-20,18,UIP-NSK-202607-ROTA-378,PHC-NSK-02,nurse_nsk_02,FALSE,Routine UIP session.
NSK-2026-0229,Penta,3,Pentavalent-3 (14 Weeks),2026-07-30,2026-08-12,13,UIP-NSK-202608-PENTA-983,PHC-NSK-02,nurse_nsk_02,FALSE,Routine UIP session.
NSK-2026-0229,Rota,3,Rotavirus-3 (14 Weeks),2026-07-30,2026-08-17,18,UIP-NSK-202608-ROTA-293,PHC-NSK-02,nurse_nsk_02,FALSE,Routine UIP session.
NSK-2026-0229,fIPV,2,fIPV-2 (14 Weeks),2026-07-30,2026-08-05,6,UIP-NSK-202608-FIPV-628,PHC-NSK-02,nurse_nsk_02,FALSE,Routine UIP session.
NSK-2026-0229,PCV,2,PCV-2 (14 Weeks),2026-07-30,2026-08-04,5,UIP-NSK-202608-PCV-910,PHC-NSK-02,nurse_nsk_02,FALSE,Routine UIP session.
NSK-2026-0230,BCG,1,BCG (At Birth),2026-08-02,2026-08-02,0,UIP-NSK-202608-BCG-108,PHC-NSK-10,nurse_nsk_10,FALSE,Administered at hospital after delivery.
NSK-2026-0230,OPV,1,OPV Zero Dose (At Birth),2026-08-02,2026-08-02,0,UIP-NSK-202608-OPV-227,PHC-NSK-10,nurse_nsk_10,FALSE,Administered at hospital after delivery.
NSK-2026-0230,HepB,1,Hepatitis B Birth Dose,2026-08-02,2026-08-02,0,UIP-NSK-202608-HEPB-639,PHC-NSK-08,nurse_nsk_08,FALSE,Administered at hospital after delivery.
NSK-2026-0230,OPV,2,OPV-1 (6 Weeks),2026-09-13,2026-09-14,1,UIP-NSK-202609-OPV-679,PHC-NSK-10,nurse_nsk_10,FALSE,Routine UIP session.
NSK-2026-0230,Penta,1,Pentavalent-1 (6 Weeks),2026-09-13,2026-09-13,0,UIP-NSK-202609-PENTA-375,PHC-NSK-10,nurse_nsk_10,FALSE,Routine UIP session.
NSK-2026-0230,Rota,1,Rotavirus-1 (6 Weeks),2026-09-13,2026-09-13,0,UIP-NSK-202609-ROTA-892,PHC-NSK-10,nurse_nsk_10,FALSE,Routine UIP session.
NSK-2026-0230,fIPV,1,fIPV-1 (6 Weeks),2026-09-13,2026-09-14,1,UIP-NSK-202609-FIPV-127,PHC-NSK-10,nurse_nsk_10,FALSE,Routine UIP session.
NSK-2026-0230,PCV,1,PCV-1 (6 Weeks),2026-09-13,2026-09-23,10,UIP-NSK-202609-PCV-809,PHC-NSK-10,nurse_nsk_10,FALSE,Routine UIP session.
NSK-2026-0231,BCG,1,BCG (At Birth),2026-09-01,2026-09-01,0,UIP-NSK-202609-BCG-325,PHC-NSK-09,nurse_nsk_09,FALSE,Administered at hospital after delivery.
NSK-2026-0231,HepB,1,Hepatitis B Birth Dose,2026-09-01,2026-09-01,0,UIP-NSK-202609-HEPB-799,PHC-NSK-08,nurse_nsk_08,FALSE,Administered at hospital after delivery.
NSK-2026-0232,BCG,1,BCG (At Birth),2026-09-05,2026-09-15,10,UIP-NSK-202609-BCG-476,PHC-NSK-09,nurse_nsk_09,FALSE,Routine UIP session.
NSK-2026-0232,OPV,1,OPV Zero Dose (At Birth),2026-09-05,2026-09-05,0,UIP-NSK-202609-OPV-679,PHC-NSK-08,nurse_nsk_08,FALSE,Administered at hospital after delivery.
NSK-2026-0232,HepB,1,Hepatitis B Birth Dose,2026-09-05,2026-09-05,0,UIP-NSK-202609-HEPB-205,PHC-NSK-09,nurse_nsk_09,FALSE,Administered at hospital after delivery.
NSK-2026-0233,OPV,1,OPV Zero Dose (At Birth),2026-09-25,2026-09-25,0,UIP-NSK-202609-OPV-165,PHC-NSK-08,nurse_nsk_08,FALSE,Administered at hospital after delivery.
NSK-2026-0233,HepB,1,Hepatitis B Birth Dose,2026-09-25,2026-09-25,0,UIP-NSK-202609-HEPB-942,PHC-NSK-08,nurse_nsk_08,FALSE,Administered at hospital after delivery.
NSK-2026-0234,BCG,1,BCG (At Birth),2026-08-18,2026-08-18,0,UIP-NSK-202608-BCG-855,PHC-NSK-05,nurse_nsk_05,FALSE,Administered at hospital after delivery.
NSK-2026-0234,OPV,1,OPV Zero Dose (At Birth),2026-08-18,2026-08-18,0,UIP-NSK-202608-OPV-667,PHC-NSK-05,nurse_nsk_05,FALSE,Administered at hospital after delivery.
NSK-2026-0234,HepB,1,Hepatitis B Birth Dose,2026-08-18,2026-08-18,0,UIP-NSK-202608-HEPB-765,PHC-NSK-05,nurse_nsk_05,FALSE,Administered at hospital after delivery.
NSK-2026-0235,BCG,1,BCG (At Birth),2026-03-20,2026-03-20,0,UIP-NSK-202603-BCG-275,PHC-NSK-09,nurse_nsk_09,FALSE,Administered at hospital after delivery.
NSK-2026-0235,OPV,1,OPV Zero Dose (At Birth),2026-03-20,2026-03-20,0,UIP-NSK-202603-OPV-226,PHC-NSK-03,nurse_nsk_03,FALSE,Administered at hospital after delivery.
NSK-2026-0235,HepB,1,Hepatitis B Birth Dose,2026-03-20,2026-03-20,0,UIP-NSK-202603-HEPB-450,PHC-NSK-03,nurse_nsk_03,FALSE,Administered at hospital after delivery.
NSK-2026-0235,PCV,1,PCV-1 (6 Weeks),2026-05-01,2026-06-14,44,UIP-NSK-202606-PCV-233,PHC-NSK-08,nurse_nsk_08,FALSE,Routine UIP session.
NSK-2026-0235,PCV,2,PCV-2 (14 Weeks),2026-06-26,2026-07-12,16,UIP-NSK-202607-PCV-809,PHC-NSK-03,nurse_nsk_03,FALSE,Routine UIP session.
NSK-2026-0236,BCG,1,BCG (At Birth),2026-03-24,2026-03-24,0,UIP-NSK-202603-BCG-489,PHC-NSK-09,nurse_nsk_09,FALSE,Administered at hospital after delivery.
NSK-2026-0236,OPV,1,OPV Zero Dose (At Birth),2026-03-24,2026-03-24,0,UIP-NSK-202603-OPV-417,PHC-NSK-09,nurse_nsk_09,FALSE,Administered at hospital after delivery.
NSK-2026-0236,HepB,1,Hepatitis B Birth Dose,2026-03-24,2026-03-24,0,UIP-NSK-202603-HEPB-261,PHC-NSK-09,nurse_nsk_09,FALSE,Administered at hospital after delivery.
NSK-2026-0236,OPV,2,OPV-1 (6 Weeks),2026-05-05,2026-05-05,0,UIP-NSK-202605-OPV-738,PHC-NSK-09,nurse_nsk_09,FALSE,Routine UIP session.
NSK-2026-0236,Penta,1,Pentavalent-1 (6 Weeks),2026-05-05,2026-05-05,0,UIP-NSK-202605-PENTA-851,PHC-NSK-09,nurse_nsk_09,FALSE,Routine UIP session.
NSK-2026-0236,Rota,1,Rotavirus-1 (6 Weeks),2026-05-05,2026-05-06,1,UIP-NSK-202605-ROTA-798,PHC-NSK-09,nurse_nsk_09,FALSE,Routine UIP session.
NSK-2026-0236,fIPV,1,fIPV-1 (6 Weeks),2026-05-05,2026-05-06,1,UIP-NSK-202605-FIPV-887,PHC-NSK-09,nurse_nsk_09,FALSE,Routine UIP session.
NSK-2026-0236,PCV,1,PCV-1 (6 Weeks),2026-05-05,2026-05-07,2,UIP-NSK-202605-PCV-490,PHC-NSK-09,nurse_nsk_09,FALSE,Routine UIP session.
NSK-2026-0236,OPV,3,OPV-2 (10 Weeks),2026-06-02,2026-06-02,0,UIP-NSK-202606-OPV-670,PHC-NSK-09,nurse_nsk_09,FALSE,Routine UIP session.
NSK-2026-0236,Penta,2,Pentavalent-2 (10 Weeks),2026-06-02,2026-06-02,0,UIP-NSK-202606-PENTA-635,PHC-NSK-09,nurse_nsk_09,FALSE,Routine UIP session.
NSK-2026-0236,Rota,2,Rotavirus-2 (10 Weeks),2026-06-02,2026-06-03,1,UIP-NSK-202606-ROTA-180,PHC-NSK-09,nurse_nsk_09,FALSE,Routine UIP session.
NSK-2026-0236,OPV,4,OPV-3 (14 Weeks),2026-06-30,2026-06-30,0,UIP-NSK-202606-OPV-900,PHC-NSK-09,nurse_nsk_09,FALSE,Routine UIP session.
NSK-2026-0236,Penta,3,Pentavalent-3 (14 Weeks),2026-06-30,2026-07-07,7,UIP-NSK-202607-PENTA-499,PHC-NSK-09,nurse_nsk_09,FALSE,Routine UIP session.
NSK-2026-0236,Rota,3,Rotavirus-3 (14 Weeks),2026-06-30,2026-07-01,1,UIP-NSK-202607-ROTA-728,PHC-NSK-09,nurse_nsk_09,FALSE,Routine UIP session.
NSK-2026-0236,fIPV,2,fIPV-2 (14 Weeks),2026-06-30,2026-06-30,0,UIP-NSK-202606-FIPV-365,PHC-NSK-09,nurse_nsk_09,FALSE,Routine UIP session.
NSK-2026-0236,PCV,2,PCV-2 (14 Weeks),2026-06-30,2026-07-03,3,UIP-NSK-202607-PCV-712,PHC-NSK-09,nurse_nsk_09,FALSE,Routine UIP session.
NSK-2026-0237,BCG,1,BCG (At Birth),2026-01-12,2026-01-12,0,UIP-NSK-202601-BCG-219,PHC-NSK-03,nurse_nsk_03,FALSE,Administered at hospital after delivery.
NSK-2026-0237,OPV,1,OPV Zero Dose (At Birth),2026-01-12,2026-01-12,0,UIP-NSK-202601-OPV-767,PHC-NSK-01,nurse_nsk_01,FALSE,Administered at hospital after delivery.
NSK-2026-0237,HepB,1,Hepatitis B Birth Dose,2026-01-12,2026-01-12,0,UIP-NSK-202601-HEPB-862,PHC-NSK-03,nurse_nsk_03,FALSE,Administered at hospital after delivery.
NSK-2026-0237,OPV,2,OPV-1 (6 Weeks),2026-02-23,2026-02-23,0,UIP-NSK-202602-OPV-879,PHC-NSK-03,nurse_nsk_03,FALSE,Routine UIP session.
NSK-2026-0237,Penta,1,Pentavalent-1 (6 Weeks),2026-02-23,2026-02-23,0,UIP-NSK-202602-PENTA-123,PHC-NSK-03,nurse_nsk_03,FALSE,Routine UIP session.
NSK-2026-0237,Rota,1,Rotavirus-1 (6 Weeks),2026-02-23,2026-02-23,0,UIP-NSK-202602-ROTA-868,PHC-NSK-03,nurse_nsk_03,FALSE,Routine UIP session.
NSK-2026-0237,fIPV,1,fIPV-1 (6 Weeks),2026-02-23,2026-03-03,8,UIP-NSK-202603-FIPV-480,PHC-NSK-03,nurse_nsk_03,FALSE,Routine UIP session.
NSK-2026-0237,OPV,3,OPV-2 (10 Weeks),2026-03-23,2026-03-23,0,UIP-NSK-202603-OPV-600,PHC-NSK-03,nurse_nsk_03,FALSE,Routine UIP session.
NSK-2026-0237,Penta,2,Pentavalent-2 (10 Weeks),2026-03-23,2026-03-23,0,UIP-NSK-202603-PENTA-563,PHC-NSK-03,nurse_nsk_03,FALSE,Routine UIP session.
NSK-2026-0237,Rota,2,Rotavirus-2 (10 Weeks),2026-03-23,2026-03-23,0,UIP-NSK-202603-ROTA-481,PHC-NSK-03,nurse_nsk_03,FALSE,Routine UIP session.
NSK-2026-0237,OPV,4,OPV-3 (14 Weeks),2026-04-20,2026-04-20,0,UIP-NSK-202604-OPV-146,PHC-NSK-03,nurse_nsk_03,FALSE,Routine UIP session.
NSK-2026-0237,Penta,3,Pentavalent-3 (14 Weeks),2026-04-20,2026-04-20,0,UIP-NSK-202604-PENTA-626,PHC-NSK-03,nurse_nsk_03,FALSE,Routine UIP session.
NSK-2026-0237,Rota,3,Rotavirus-3 (14 Weeks),2026-04-20,2026-04-20,0,UIP-NSK-202604-ROTA-289,PHC-NSK-03,nurse_nsk_03,FALSE,Routine UIP session.
NSK-2026-0237,fIPV,2,fIPV-2 (14 Weeks),2026-04-20,2026-04-20,0,UIP-NSK-202604-FIPV-211,PHC-NSK-09,nurse_nsk_09,FALSE,Routine UIP session.
NSK-2026-0237,PCV,2,PCV-2 (14 Weeks),2026-04-20,2026-04-22,2,UIP-NSK-202604-PCV-656,PHC-NSK-03,nurse_nsk_03,FALSE,Routine UIP session.
NSK-2026-0238,BCG,1,BCG (At Birth),2026-06-30,2026-06-30,0,UIP-NSK-202606-BCG-914,PHC-NSK-01,nurse_nsk_01,FALSE,Administered at hospital after delivery.
NSK-2026-0238,OPV,1,OPV Zero Dose (At Birth),2026-06-30,2026-07-03,3,UIP-NSK-202607-OPV-361,PHC-NSK-01,nurse_nsk_01,FALSE,Routine UIP session.
NSK-2026-0238,HepB,1,Hepatitis B Birth Dose,2026-06-30,2026-06-30,0,UIP-NSK-202606-HEPB-434,PHC-NSK-01,nurse_nsk_01,FALSE,Administered at hospital after delivery.
NSK-2026-0238,OPV,2,OPV-1 (6 Weeks),2026-08-11,2026-08-11,0,UIP-NSK-202608-OPV-340,PHC-NSK-01,nurse_nsk_01,FALSE,Routine UIP session.
NSK-2026-0238,Penta,1,Pentavalent-1 (6 Weeks),2026-08-11,2026-08-11,0,UIP-NSK-202608-PENTA-959,PHC-NSK-02,nurse_nsk_02,FALSE,Routine UIP session.
NSK-2026-0238,Rota,1,Rotavirus-1 (6 Weeks),2026-08-11,2026-08-14,3,UIP-NSK-202608-ROTA-506,PHC-NSK-01,nurse_nsk_01,FALSE,Routine UIP session.
NSK-2026-0238,fIPV,1,fIPV-1 (6 Weeks),2026-08-11,2026-08-11,0,UIP-NSK-202608-FIPV-296,PHC-NSK-01,nurse_nsk_01,FALSE,Routine UIP session.
NSK-2026-0238,PCV,1,PCV-1 (6 Weeks),2026-08-11,2026-08-11,0,UIP-NSK-202608-PCV-705,PHC-NSK-01,nurse_nsk_01,FALSE,Routine UIP session.
NSK-2026-0238,OPV,3,OPV-2 (10 Weeks),2026-09-08,2026-09-09,1,UIP-NSK-202609-OPV-552,PHC-NSK-01,nurse_nsk_01,FALSE,Routine UIP session.
NSK-2026-0238,Penta,2,Pentavalent-2 (10 Weeks),2026-09-08,2026-09-08,0,UIP-NSK-202609-PENTA-804,PHC-NSK-01,nurse_nsk_01,FALSE,Routine UIP session.
NSK-2026-0238,Rota,2,Rotavirus-2 (10 Weeks),2026-09-08,2026-09-11,3,UIP-NSK-202609-ROTA-453,PHC-NSK-06,nurse_nsk_06,FALSE,Routine UIP session.
NSK-2026-0239,BCG,1,BCG (At Birth),2026-07-12,2026-07-12,0,UIP-NSK-202607-BCG-938,PHC-NSK-02,nurse_nsk_02,FALSE,Administered at hospital after delivery.
NSK-2026-0239,OPV,1,OPV Zero Dose (At Birth),2026-07-12,2026-07-12,0,UIP-NSK-202607-OPV-453,PHC-NSK-02,nurse_nsk_02,FALSE,Administered at hospital after delivery.
NSK-2026-0239,HepB,1,Hepatitis B Birth Dose,2026-07-12,2026-07-12,0,UIP-NSK-202607-HEPB-914,PHC-NSK-02,nurse_nsk_02,FALSE,Administered at hospital after delivery.
NSK-2026-0239,Penta,1,Pentavalent-1 (6 Weeks),2026-08-23,2026-09-05,13,UIP-NSK-202609-PENTA-387,PHC-NSK-02,nurse_nsk_02,FALSE,Routine UIP session.
NSK-2026-0239,Rota,1,Rotavirus-1 (6 Weeks),2026-08-23,2026-09-10,18,UIP-NSK-202609-ROTA-886,PHC-NSK-02,nurse_nsk_02,FALSE,Routine UIP session.
NSK-2026-0239,fIPV,1,fIPV-1 (6 Weeks),2026-08-23,2026-08-28,5,UIP-NSK-202608-FIPV-634,PHC-NSK-08,nurse_nsk_08,FALSE,Routine UIP session.
NSK-2026-0239,PCV,1,PCV-1 (6 Weeks),2026-08-23,2026-08-29,6,UIP-NSK-202608-PCV-561,PHC-NSK-02,nurse_nsk_02,FALSE,Routine UIP session.
NSK-2026-0240,BCG,1,BCG (At Birth),2026-08-11,2026-08-11,0,UIP-NSK-202608-BCG-302,PHC-NSK-02,nurse_nsk_02,FALSE,Administered at hospital after delivery.
NSK-2026-0240,OPV,1,OPV Zero Dose (At Birth),2026-08-11,2026-08-11,0,UIP-NSK-202608-OPV-633,PHC-NSK-02,nurse_nsk_02,FALSE,Administered at hospital after delivery.
NSK-2026-0240,HepB,1,Hepatitis B Birth Dose,2026-08-11,2026-08-11,0,UIP-NSK-202608-HEPB-122,PHC-NSK-01,nurse_nsk_01,FALSE,Administered at hospital after delivery.
NSK-2026-0240,OPV,2,OPV-1 (6 Weeks),2026-09-22,2026-09-25,3,UIP-NSK-202609-OPV-200,PHC-NSK-02,nurse_nsk_02,FALSE,Routine UIP session.
NSK-2026-0240,Penta,1,Pentavalent-1 (6 Weeks),2026-09-22,2026-09-22,0,UIP-NSK-202609-PENTA-477,PHC-NSK-02,nurse_nsk_02,FALSE,Routine UIP session.
NSK-2026-0240,Rota,1,Rotavirus-1 (6 Weeks),2026-09-22,2026-09-25,3,UIP-NSK-202609-ROTA-247,PHC-NSK-02,nurse_nsk_02,FALSE,Routine UIP session.
NSK-2026-0240,fIPV,1,fIPV-1 (6 Weeks),2026-09-22,2026-09-22,0,UIP-NSK-202609-FIPV-956,PHC-NSK-02,nurse_nsk_02,FALSE,Routine UIP session.
NSK-2026-0240,PCV,1,PCV-1 (6 Weeks),2026-09-22,2026-09-22,0,UIP-NSK-202609-PCV-285,PHC-NSK-02,nurse_nsk_02,FALSE,Routine UIP session.
NSK-2026-0241,BCG,1,BCG (At Birth),2026-01-26,2026-01-26,0,UIP-NSK-202601-BCG-784,PHC-NSK-09,nurse_nsk_09,FALSE,Administered at hospital after delivery.
NSK-2026-0241,OPV,1,OPV Zero Dose (At Birth),2026-01-26,2026-01-26,0,UIP-NSK-202601-OPV-102,PHC-NSK-09,nurse_nsk_09,FALSE,Administered at hospital after delivery.
NSK-2026-0241,HepB,1,Hepatitis B Birth Dose,2026-01-26,2026-01-26,0,UIP-NSK-202601-HEPB-372,PHC-NSK-09,nurse_nsk_09,FALSE,Administered at hospital after delivery.
NSK-2026-0241,OPV,2,OPV-1 (6 Weeks),2026-03-09,2026-03-09,0,UIP-NSK-202603-OPV-420,PHC-NSK-09,nurse_nsk_09,FALSE,Routine UIP session.
NSK-2026-0241,Penta,1,Pentavalent-1 (6 Weeks),2026-03-09,2026-03-09,0,UIP-NSK-202603-PENTA-148,PHC-NSK-09,nurse_nsk_09,FALSE,Routine UIP session.
NSK-2026-0241,Rota,1,Rotavirus-1 (6 Weeks),2026-03-09,2026-03-12,3,UIP-NSK-202603-ROTA-938,PHC-NSK-09,nurse_nsk_09,FALSE,Routine UIP session.
NSK-2026-0241,fIPV,1,fIPV-1 (6 Weeks),2026-03-09,2026-03-11,2,UIP-NSK-202603-FIPV-599,PHC-NSK-09,nurse_nsk_09,FALSE,Routine UIP session.
NSK-2026-0241,PCV,1,PCV-1 (6 Weeks),2026-03-09,2026-03-09,0,UIP-NSK-202603-PCV-527,PHC-NSK-09,nurse_nsk_09,FALSE,Routine UIP session.
NSK-2026-0241,OPV,3,OPV-2 (10 Weeks),2026-04-06,2026-04-06,0,UIP-NSK-202604-OPV-120,PHC-NSK-09,nurse_nsk_09,FALSE,Routine UIP session.
NSK-2026-0241,Rota,2,Rotavirus-2 (10 Weeks),2026-04-06,2026-04-09,3,UIP-NSK-202604-ROTA-551,PHC-NSK-09,nurse_nsk_09,FALSE,Routine UIP session.
NSK-2026-0241,OPV,4,OPV-3 (14 Weeks),2026-05-04,2026-05-04,0,UIP-NSK-202605-OPV-830,PHC-NSK-09,nurse_nsk_09,FALSE,Routine UIP session.
NSK-2026-0241,Rota,3,Rotavirus-3 (14 Weeks),2026-05-04,2026-05-07,3,UIP-NSK-202605-ROTA-946,PHC-NSK-09,nurse_nsk_09,FALSE,Routine UIP session.
NSK-2026-0241,fIPV,2,fIPV-2 (14 Weeks),2026-05-04,2026-05-04,0,UIP-NSK-202605-FIPV-324,PHC-NSK-09,nurse_nsk_09,FALSE,Routine UIP session.
NSK-2026-0241,PCV,2,PCV-2 (14 Weeks),2026-05-04,2026-05-04,0,UIP-NSK-202605-PCV-789,PHC-NSK-09,nurse_nsk_09,FALSE,Routine UIP session.
NSK-2026-0242,BCG,1,BCG (At Birth),2026-08-23,2026-08-23,0,UIP-NSK-202608-BCG-643,PHC-NSK-06,nurse_nsk_06,FALSE,Administered at hospital after delivery.
NSK-2026-0242,OPV,1,OPV Zero Dose (At Birth),2026-08-23,2026-08-23,0,UIP-NSK-202608-OPV-435,PHC-NSK-06,nurse_nsk_06,FALSE,Administered at hospital after delivery.
NSK-2026-0242,HepB,1,Hepatitis B Birth Dose,2026-08-23,2026-08-23,0,UIP-NSK-202608-HEPB-504,PHC-NSK-06,nurse_nsk_06,FALSE,Administered at hospital after delivery.
NSK-2026-0242,OPV,2,OPV-1 (6 Weeks),2026-10-04,2026-10-04,0,UIP-NSK-202610-OPV-416,PHC-NSK-06,nurse_nsk_06,FALSE,Routine UIP session.
NSK-2026-0242,Penta,1,Pentavalent-1 (6 Weeks),2026-10-04,2026-10-04,0,UIP-NSK-202610-PENTA-672,PHC-NSK-06,nurse_nsk_06,FALSE,Routine UIP session.
NSK-2026-0242,Rota,1,Rotavirus-1 (6 Weeks),2026-10-04,2026-10-04,0,UIP-NSK-202610-ROTA-628,PHC-NSK-06,nurse_nsk_06,FALSE,Routine UIP session.
NSK-2026-0242,fIPV,1,fIPV-1 (6 Weeks),2026-10-04,2026-10-04,0,UIP-NSK-202610-FIPV-756,PHC-NSK-06,nurse_nsk_06,FALSE,Routine UIP session.
NSK-2026-0242,PCV,1,PCV-1 (6 Weeks),2026-10-04,2026-10-04,0,UIP-NSK-202610-PCV-102,PHC-NSK-06,nurse_nsk_06,TRUE,Mild fever and local swelling; resolved in 48 hours.
NSK-2026-0243,BCG,1,BCG (At Birth),2026-06-23,2026-06-23,0,UIP-NSK-202606-BCG-183,PHC-NSK-02,nurse_nsk_02,FALSE,Administered at hospital after delivery.
NSK-2026-0243,OPV,1,OPV Zero Dose (At Birth),2026-06-23,2026-06-23,0,UIP-NSK-202606-OPV-765,PHC-NSK-02,nurse_nsk_02,FALSE,Administered at hospital after delivery.
NSK-2026-0243,HepB,1,Hepatitis B Birth Dose,2026-06-23,2026-06-23,0,UIP-NSK-202606-HEPB-611,PHC-NSK-02,nurse_nsk_02,FALSE,Administered at hospital after delivery.
NSK-2026-0243,OPV,2,OPV-1 (6 Weeks),2026-08-04,2026-08-04,0,UIP-NSK-202608-OPV-923,PHC-NSK-02,nurse_nsk_02,TRUE,Mild fever and local swelling; resolved in 48 hours.
NSK-2026-0243,Penta,1,Pentavalent-1 (6 Weeks),2026-08-04,2026-08-04,0,UIP-NSK-202608-PENTA-239,PHC-NSK-02,nurse_nsk_02,FALSE,Routine UIP session.
NSK-2026-0243,Rota,1,Rotavirus-1 (6 Weeks),2026-08-04,2026-08-04,0,UIP-NSK-202608-ROTA-746,PHC-NSK-02,nurse_nsk_02,FALSE,Routine UIP session.
NSK-2026-0243,fIPV,1,fIPV-1 (6 Weeks),2026-08-04,2026-08-04,0,UIP-NSK-202608-FIPV-743,PHC-NSK-02,nurse_nsk_02,FALSE,Routine UIP session.
NSK-2026-0243,PCV,1,PCV-1 (6 Weeks),2026-08-04,2026-08-04,0,UIP-NSK-202608-PCV-984,PHC-NSK-02,nurse_nsk_02,FALSE,Routine UIP session.
NSK-2026-0243,OPV,3,OPV-2 (10 Weeks),2026-09-01,2026-09-02,1,UIP-NSK-202609-OPV-692,PHC-NSK-02,nurse_nsk_02,FALSE,Routine UIP session.
NSK-2026-0243,Penta,2,Pentavalent-2 (10 Weeks),2026-09-01,2026-09-01,0,UIP-NSK-202609-PENTA-205,PHC-NSK-02,nurse_nsk_02,FALSE,Routine UIP session.
NSK-2026-0243,Rota,2,Rotavirus-2 (10 Weeks),2026-09-01,2026-09-01,0,UIP-NSK-202609-ROTA-906,PHC-NSK-02,nurse_nsk_02,FALSE,Routine UIP session.
NSK-2026-0243,OPV,4,OPV-3 (14 Weeks),2026-09-29,2026-09-30,1,UIP-NSK-202609-OPV-168,PHC-NSK-04,nurse_nsk_04,FALSE,Routine UIP session.
NSK-2026-0243,Penta,3,Pentavalent-3 (14 Weeks),2026-09-29,2026-10-02,3,UIP-NSK-202610-PENTA-672,PHC-NSK-10,nurse_nsk_10,FALSE,Routine UIP session.
NSK-2026-0243,Rota,3,Rotavirus-3 (14 Weeks),2026-09-29,2026-10-01,2,UIP-NSK-202610-ROTA-773,PHC-NSK-02,nurse_nsk_02,FALSE,Routine UIP session.
NSK-2026-0243,fIPV,2,fIPV-2 (14 Weeks),2026-09-29,2026-09-29,0,UIP-NSK-202609-FIPV-264,PHC-NSK-02,nurse_nsk_02,FALSE,Routine UIP session.
NSK-2026-0243,PCV,2,PCV-2 (14 Weeks),2026-09-29,2026-09-30,1,UIP-NSK-202609-PCV-432,PHC-NSK-02,nurse_nsk_02,FALSE,Routine UIP session.
NSK-2026-0244,BCG,1,BCG (At Birth),2026-09-09,2026-09-09,0,UIP-NSK-202609-BCG-543,PHC-NSK-03,nurse_nsk_03,FALSE,Administered at hospital after delivery.
NSK-2026-0244,OPV,1,OPV Zero Dose (At Birth),2026-09-09,2026-09-09,0,UIP-NSK-202609-OPV-862,PHC-NSK-03,nurse_nsk_03,FALSE,Administered at hospital after delivery.
NSK-2026-0244,HepB,1,Hepatitis B Birth Dose,2026-09-09,2026-09-09,0,UIP-NSK-202609-HEPB-485,PHC-NSK-03,nurse_nsk_03,FALSE,Administered at hospital after delivery.
NSK-2026-0245,BCG,1,BCG (At Birth),2026-09-05,2026-09-05,0,UIP-NSK-202609-BCG-613,PHC-NSK-06,nurse_nsk_06,FALSE,Administered at hospital after delivery.
NSK-2026-0245,OPV,1,OPV Zero Dose (At Birth),2026-09-05,2026-09-05,0,UIP-NSK-202609-OPV-136,PHC-NSK-06,nurse_nsk_06,FALSE,Administered at hospital after delivery.
NSK-2026-0245,HepB,1,Hepatitis B Birth Dose,2026-09-05,2026-09-05,0,UIP-NSK-202609-HEPB-923,PHC-NSK-06,nurse_nsk_06,FALSE,Administered at hospital after delivery.
NSK-2026-0246,OPV,1,OPV Zero Dose (At Birth),2026-06-21,2026-06-21,0,UIP-NSK-202606-OPV-965,PHC-NSK-03,nurse_nsk_03,FALSE,Administered at hospital after delivery.
NSK-2026-0246,HepB,1,Hepatitis B Birth Dose,2026-06-21,2026-06-21,0,UIP-NSK-202606-HEPB-783,PHC-NSK-01,nurse_nsk_01,FALSE,Administered at hospital after delivery.
NSK-2026-0246,OPV,2,OPV-1 (6 Weeks),2026-08-02,2026-08-02,0,UIP-NSK-202608-OPV-817,PHC-NSK-01,nurse_nsk_01,FALSE,Routine UIP session.
NSK-2026-0246,Penta,1,Pentavalent-1 (6 Weeks),2026-08-02,2026-08-02,0,UIP-NSK-202608-PENTA-794,PHC-NSK-01,nurse_nsk_01,FALSE,Routine UIP session.
NSK-2026-0246,Rota,1,Rotavirus-1 (6 Weeks),2026-08-02,2026-08-02,0,UIP-NSK-202608-ROTA-858,PHC-NSK-03,nurse_nsk_03,FALSE,Routine UIP session.
NSK-2026-0246,fIPV,1,fIPV-1 (6 Weeks),2026-08-02,2026-08-02,0,UIP-NSK-202608-FIPV-243,PHC-NSK-01,nurse_nsk_01,FALSE,Routine UIP session.
NSK-2026-0246,PCV,1,PCV-1 (6 Weeks),2026-08-02,2026-08-02,0,UIP-NSK-202608-PCV-154,PHC-NSK-08,nurse_nsk_08,FALSE,Routine UIP session.
NSK-2026-0246,OPV,3,OPV-2 (10 Weeks),2026-08-30,2026-08-30,0,UIP-NSK-202608-OPV-587,PHC-NSK-01,nurse_nsk_01,FALSE,Routine UIP session.
NSK-2026-0246,Penta,2,Pentavalent-2 (10 Weeks),2026-08-30,2026-09-02,3,UIP-NSK-202609-PENTA-599,PHC-NSK-01,nurse_nsk_01,FALSE,Routine UIP session.
NSK-2026-0246,Rota,2,Rotavirus-2 (10 Weeks),2026-08-30,2026-08-30,0,UIP-NSK-202608-ROTA-368,PHC-NSK-01,nurse_nsk_01,FALSE,Routine UIP session.
NSK-2026-0246,OPV,4,OPV-3 (14 Weeks),2026-09-27,2026-09-27,0,UIP-NSK-202609-OPV-537,PHC-NSK-01,nurse_nsk_01,FALSE,Routine UIP session.
NSK-2026-0246,Penta,3,Pentavalent-3 (14 Weeks),2026-09-27,2026-09-30,3,UIP-NSK-202609-PENTA-102,PHC-NSK-02,nurse_nsk_02,FALSE,Routine UIP session.
NSK-2026-0246,Rota,3,Rotavirus-3 (14 Weeks),2026-09-27,2026-09-27,0,UIP-NSK-202609-ROTA-347,PHC-NSK-01,nurse_nsk_01,FALSE,Routine UIP session.
NSK-2026-0246,fIPV,2,fIPV-2 (14 Weeks),2026-09-27,2026-10-03,6,UIP-NSK-202610-FIPV-847,PHC-NSK-01,nurse_nsk_01,FALSE,Routine UIP session.
NSK-2026-0246,PCV,2,PCV-2 (14 Weeks),2026-09-27,2026-09-27,0,UIP-NSK-202609-PCV-110,PHC-NSK-01,nurse_nsk_01,FALSE,Routine UIP session.
NSK-2026-0247,BCG,1,BCG (At Birth),2026-05-09,2026-05-09,0,UIP-NSK-202605-BCG-129,PHC-NSK-05,nurse_nsk_05,FALSE,Administered at hospital after delivery.
NSK-2026-0247,OPV,1,OPV Zero Dose (At Birth),2026-05-09,2026-05-09,0,UIP-NSK-202605-OPV-261,PHC-NSK-05,nurse_nsk_05,FALSE,Administered at hospital after delivery.
NSK-2026-0247,HepB,1,Hepatitis B Birth Dose,2026-05-09,2026-05-09,0,UIP-NSK-202605-HEPB-723,PHC-NSK-05,nurse_nsk_05,FALSE,Administered at hospital after delivery.
NSK-2026-0247,OPV,2,OPV-1 (6 Weeks),2026-06-20,2026-06-21,1,UIP-NSK-202606-OPV-154,PHC-NSK-05,nurse_nsk_05,FALSE,Routine UIP session.
NSK-2026-0247,Penta,1,Pentavalent-1 (6 Weeks),2026-06-20,2026-06-20,0,UIP-NSK-202606-PENTA-218,PHC-NSK-05,nurse_nsk_05,FALSE,Routine UIP session.
NSK-2026-0247,Rota,1,Rotavirus-1 (6 Weeks),2026-06-20,2026-06-22,2,UIP-NSK-202606-ROTA-728,PHC-NSK-05,nurse_nsk_05,FALSE,Routine UIP session.
NSK-2026-0247,fIPV,1,fIPV-1 (6 Weeks),2026-06-20,2026-06-22,2,UIP-NSK-202606-FIPV-455,PHC-NSK-05,nurse_nsk_05,FALSE,Routine UIP session.
NSK-2026-0247,PCV,1,PCV-1 (6 Weeks),2026-06-20,2026-06-21,1,UIP-NSK-202606-PCV-511,PHC-NSK-05,nurse_nsk_05,FALSE,Routine UIP session.
NSK-2026-0247,OPV,3,OPV-2 (10 Weeks),2026-07-18,2026-07-20,2,UIP-NSK-202607-OPV-657,PHC-NSK-05,nurse_nsk_05,FALSE,Routine UIP session.
NSK-2026-0247,Penta,2,Pentavalent-2 (10 Weeks),2026-07-18,2026-07-18,0,UIP-NSK-202607-PENTA-591,PHC-NSK-05,nurse_nsk_05,FALSE,Routine UIP session.
NSK-2026-0247,Rota,2,Rotavirus-2 (10 Weeks),2026-07-18,2026-07-20,2,UIP-NSK-202607-ROTA-575,PHC-NSK-05,nurse_nsk_05,FALSE,Routine UIP session.
NSK-2026-0247,OPV,4,OPV-3 (14 Weeks),2026-08-15,2026-08-18,3,UIP-NSK-202608-OPV-354,PHC-NSK-05,nurse_nsk_05,FALSE,Routine UIP session.
NSK-2026-0247,Penta,3,Pentavalent-3 (14 Weeks),2026-08-15,2026-08-17,2,UIP-NSK-202608-PENTA-495,PHC-NSK-05,nurse_nsk_05,FALSE,Routine UIP session.
NSK-2026-0247,Rota,3,Rotavirus-3 (14 Weeks),2026-08-15,2026-08-17,2,UIP-NSK-202608-ROTA-786,PHC-NSK-02,nurse_nsk_02,FALSE,Routine UIP session.
NSK-2026-0247,fIPV,2,fIPV-2 (14 Weeks),2026-08-15,2026-08-15,0,UIP-NSK-202608-FIPV-364,PHC-NSK-05,nurse_nsk_05,FALSE,Routine UIP session.
NSK-2026-0247,PCV,2,PCV-2 (14 Weeks),2026-08-15,2026-08-15,0,UIP-NSK-202608-PCV-454,PHC-NSK-05,nurse_nsk_05,FALSE,Routine UIP session.
NSK-2026-0248,BCG,1,BCG (At Birth),2026-03-16,2026-04-25,40,UIP-NSK-202604-BCG-892,PHC-NSK-08,nurse_nsk_08,FALSE,Routine UIP session.
NSK-2026-0248,OPV,1,OPV Zero Dose (At Birth),2026-03-16,2026-03-16,0,UIP-NSK-202603-OPV-546,PHC-NSK-08,nurse_nsk_08,FALSE,Administered at hospital after delivery.
NSK-2026-0248,OPV,2,OPV-1 (6 Weeks),2026-04-27,2026-06-20,54,UIP-NSK-202606-OPV-113,PHC-NSK-08,nurse_nsk_08,FALSE,Routine UIP session.
NSK-2026-0248,Penta,1,Pentavalent-1 (6 Weeks),2026-04-27,2026-06-12,46,UIP-NSK-202606-PENTA-178,PHC-NSK-08,nurse_nsk_08,FALSE,Routine UIP session.
NSK-2026-0248,PCV,1,PCV-1 (6 Weeks),2026-04-27,2026-06-23,57,UIP-NSK-202606-PCV-515,PHC-NSK-08,nurse_nsk_08,FALSE,Routine UIP session.
NSK-2026-0248,OPV,3,OPV-2 (10 Weeks),2026-05-25,2026-07-18,54,UIP-NSK-202607-OPV-340,PHC-NSK-08,nurse_nsk_08,FALSE,Routine UIP session.
NSK-2026-0248,Penta,2,Pentavalent-2 (10 Weeks),2026-05-25,2026-07-10,46,UIP-NSK-202607-PENTA-360,PHC-NSK-07,nurse_nsk_07,FALSE,Routine UIP session.
NSK-2026-0248,Rota,3,Rotavirus-3 (14 Weeks),2026-06-22,2026-08-10,49,UIP-NSK-202608-ROTA-790,PHC-NSK-08,nurse_nsk_08,FALSE,Routine UIP session.
NSK-2026-0248,PCV,2,PCV-2 (14 Weeks),2026-06-22,2026-08-21,60,UIP-NSK-202608-PCV-695,PHC-NSK-08,nurse_nsk_08,FALSE,Routine UIP session.
NSK-2026-0249,BCG,1,BCG (At Birth),2026-04-01,2026-04-01,0,UIP-NSK-202604-BCG-699,PHC-NSK-01,nurse_nsk_01,FALSE,Administered at hospital after delivery.
NSK-2026-0249,OPV,1,OPV Zero Dose (At Birth),2026-04-01,2026-04-01,0,UIP-NSK-202604-OPV-822,PHC-NSK-01,nurse_nsk_01,FALSE,Administered at hospital after delivery.
NSK-2026-0249,HepB,1,Hepatitis B Birth Dose,2026-04-01,2026-04-01,0,UIP-NSK-202604-HEPB-928,PHC-NSK-01,nurse_nsk_01,FALSE,Administered at hospital after delivery.
NSK-2026-0249,OPV,2,OPV-1 (6 Weeks),2026-05-13,2026-05-13,0,UIP-NSK-202605-OPV-492,PHC-NSK-01,nurse_nsk_01,FALSE,Routine UIP session.
NSK-2026-0249,Penta,1,Pentavalent-1 (6 Weeks),2026-05-13,2026-05-13,0,UIP-NSK-202605-PENTA-162,PHC-NSK-01,nurse_nsk_01,FALSE,Routine UIP session.
NSK-2026-0249,Rota,1,Rotavirus-1 (6 Weeks),2026-05-13,2026-05-13,0,UIP-NSK-202605-ROTA-858,PHC-NSK-04,nurse_nsk_04,FALSE,Routine UIP session.
NSK-2026-0249,fIPV,1,fIPV-1 (6 Weeks),2026-05-13,2026-05-13,0,UIP-NSK-202605-FIPV-381,PHC-NSK-01,nurse_nsk_01,FALSE,Routine UIP session.
NSK-2026-0249,PCV,1,PCV-1 (6 Weeks),2026-05-13,2026-05-13,0,UIP-NSK-202605-PCV-554,PHC-NSK-01,nurse_nsk_01,FALSE,Routine UIP session.
NSK-2026-0249,OPV,3,OPV-2 (10 Weeks),2026-06-10,2026-06-12,2,UIP-NSK-202606-OPV-303,PHC-NSK-01,nurse_nsk_01,FALSE,Routine UIP session.
NSK-2026-0249,Penta,2,Pentavalent-2 (10 Weeks),2026-06-10,2026-06-10,0,UIP-NSK-202606-PENTA-349,PHC-NSK-01,nurse_nsk_01,FALSE,Routine UIP session.
NSK-2026-0249,Rota,2,Rotavirus-2 (10 Weeks),2026-06-10,2026-06-10,0,UIP-NSK-202606-ROTA-957,PHC-NSK-01,nurse_nsk_01,FALSE,Routine UIP session.
NSK-2026-0249,OPV,4,OPV-3 (14 Weeks),2026-07-08,2026-07-10,2,UIP-NSK-202607-OPV-443,PHC-NSK-01,nurse_nsk_01,FALSE,Routine UIP session.
NSK-2026-0249,Penta,3,Pentavalent-3 (14 Weeks),2026-07-08,2026-07-10,2,UIP-NSK-202607-PENTA-278,PHC-NSK-01,nurse_nsk_01,FALSE,Routine UIP session.
NSK-2026-0249,Rota,3,Rotavirus-3 (14 Weeks),2026-07-08,2026-07-09,1,UIP-NSK-202607-ROTA-522,PHC-NSK-01,nurse_nsk_01,FALSE,Routine UIP session.
NSK-2026-0249,fIPV,2,fIPV-2 (14 Weeks),2026-07-08,2026-07-08,0,UIP-NSK-202607-FIPV-427,PHC-NSK-01,nurse_nsk_01,FALSE,Routine UIP session.
NSK-2026-0249,PCV,2,PCV-2 (14 Weeks),2026-07-08,2026-07-08,0,UIP-NSK-202607-PCV-190,PHC-NSK-01,nurse_nsk_01,FALSE,Routine UIP session.
NSK-2026-0250,BCG,1,BCG (At Birth),2026-01-14,2026-01-14,0,UIP-NSK-202601-BCG-361,PHC-NSK-06,nurse_nsk_06,FALSE,Administered at hospital after delivery.
NSK-2026-0250,OPV,1,OPV Zero Dose (At Birth),2026-01-14,2026-01-14,0,UIP-NSK-202601-OPV-866,PHC-NSK-06,nurse_nsk_06,FALSE,Administered at hospital after delivery.
NSK-2026-0250,HepB,1,Hepatitis B Birth Dose,2026-01-14,2026-01-14,0,UIP-NSK-202601-HEPB-612,PHC-NSK-06,nurse_nsk_06,FALSE,Administered at hospital after delivery.
NSK-2026-0250,OPV,2,OPV-1 (6 Weeks),2026-02-25,2026-02-27,2,UIP-NSK-202602-OPV-210,PHC-NSK-06,nurse_nsk_06,FALSE,Routine UIP session.
NSK-2026-0250,Penta,1,Pentavalent-1 (6 Weeks),2026-02-25,2026-02-26,1,UIP-NSK-202602-PENTA-452,PHC-NSK-06,nurse_nsk_06,FALSE,Routine UIP session.
NSK-2026-0250,Rota,1,Rotavirus-1 (6 Weeks),2026-02-25,2026-02-27,2,UIP-NSK-202602-ROTA-196,PHC-NSK-06,nurse_nsk_06,FALSE,Routine UIP session.
NSK-2026-0250,fIPV,1,fIPV-1 (6 Weeks),2026-02-25,2026-02-25,0,UIP-NSK-202602-FIPV-425,PHC-NSK-06,nurse_nsk_06,FALSE,Routine UIP session.
NSK-2026-0250,PCV,1,PCV-1 (6 Weeks),2026-02-25,2026-02-25,0,UIP-NSK-202602-PCV-207,PHC-NSK-08,nurse_nsk_08,FALSE,Routine UIP session.
NSK-2026-0250,OPV,3,OPV-2 (10 Weeks),2026-03-25,2026-03-27,2,UIP-NSK-202603-OPV-754,PHC-NSK-06,nurse_nsk_06,FALSE,Routine UIP session.
NSK-2026-0250,Penta,2,Pentavalent-2 (10 Weeks),2026-03-25,2026-03-26,1,UIP-NSK-202603-PENTA-346,PHC-NSK-06,nurse_nsk_06,FALSE,Routine UIP session.
NSK-2026-0250,Rota,2,Rotavirus-2 (10 Weeks),2026-03-25,2026-03-27,2,UIP-NSK-202603-ROTA-667,PHC-NSK-06,nurse_nsk_06,FALSE,Routine UIP session.
NSK-2026-0250,OPV,4,OPV-3 (14 Weeks),2026-04-22,2026-04-24,2,UIP-NSK-202604-OPV-468,PHC-NSK-06,nurse_nsk_06,FALSE,Routine UIP session.
NSK-2026-0250,Penta,3,Pentavalent-3 (14 Weeks),2026-04-22,2026-04-23,1,UIP-NSK-202604-PENTA-793,PHC-NSK-06,nurse_nsk_06,FALSE,Routine UIP session.
NSK-2026-0250,Rota,3,Rotavirus-3 (14 Weeks),2026-04-22,2026-04-24,2,UIP-NSK-202604-ROTA-922,PHC-NSK-06,nurse_nsk_06,FALSE,Routine UIP session.
NSK-2026-0250,fIPV,2,fIPV-2 (14 Weeks),2026-04-22,2026-04-22,0,UIP-NSK-202604-FIPV-502,PHC-NSK-06,nurse_nsk_06,FALSE,Routine UIP session.
NSK-2026-0250,PCV,2,PCV-2 (14 Weeks),2026-04-22,2026-04-22,0,UIP-NSK-202604-PCV-217,PHC-NSK-06,nurse_nsk_06,FALSE,Routine UIP session.
NSK-2026-0251,BCG,1,BCG (At Birth),2026-05-15,2026-05-15,0,UIP-NSK-202605-BCG-472,PHC-NSK-07,nurse_nsk_07,FALSE,Administered at hospital after delivery.
NSK-2026-0251,OPV,1,OPV Zero Dose (At Birth),2026-05-15,2026-05-15,0,UIP-NSK-202605-OPV-866,PHC-NSK-07,nurse_nsk_07,FALSE,Administered at hospital after delivery.
NSK-2026-0251,HepB,1,Hepatitis B Birth Dose,2026-05-15,2026-05-15,0,UIP-NSK-202605-HEPB-436,PHC-NSK-07,nurse_nsk_07,FALSE,Administered at hospital after delivery.
NSK-2026-0251,OPV,2,OPV-1 (6 Weeks),2026-06-26,2026-06-28,2,UIP-NSK-202606-OPV-185,PHC-NSK-07,nurse_nsk_07,FALSE,Routine UIP session.
NSK-2026-0251,Penta,1,Pentavalent-1 (6 Weeks),2026-06-26,2026-06-26,0,UIP-NSK-202606-PENTA-831,PHC-NSK-07,nurse_nsk_07,FALSE,Routine UIP session.
NSK-2026-0251,Rota,1,Rotavirus-1 (6 Weeks),2026-06-26,2026-06-26,0,UIP-NSK-202606-ROTA-239,PHC-NSK-07,nurse_nsk_07,FALSE,Routine UIP session.
NSK-2026-0251,fIPV,1,fIPV-1 (6 Weeks),2026-06-26,2026-06-26,0,UIP-NSK-202606-FIPV-508,PHC-NSK-07,nurse_nsk_07,FALSE,Routine UIP session.
NSK-2026-0251,PCV,1,PCV-1 (6 Weeks),2026-06-26,2026-06-26,0,UIP-NSK-202606-PCV-732,PHC-NSK-07,nurse_nsk_07,FALSE,Routine UIP session.
NSK-2026-0251,OPV,3,OPV-2 (10 Weeks),2026-07-24,2026-07-27,3,UIP-NSK-202607-OPV-649,PHC-NSK-07,nurse_nsk_07,FALSE,Routine UIP session.
NSK-2026-0251,Penta,2,Pentavalent-2 (10 Weeks),2026-07-24,2026-07-24,0,UIP-NSK-202607-PENTA-709,PHC-NSK-07,nurse_nsk_07,FALSE,Routine UIP session.
NSK-2026-0251,Rota,2,Rotavirus-2 (10 Weeks),2026-07-24,2026-07-24,0,UIP-NSK-202607-ROTA-359,PHC-NSK-07,nurse_nsk_07,FALSE,Routine UIP session.
NSK-2026-0251,OPV,4,OPV-3 (14 Weeks),2026-08-21,2026-08-24,3,UIP-NSK-202608-OPV-871,PHC-NSK-07,nurse_nsk_07,FALSE,Routine UIP session.
NSK-2026-0251,Penta,3,Pentavalent-3 (14 Weeks),2026-08-21,2026-08-21,0,UIP-NSK-202608-PENTA-125,PHC-NSK-07,nurse_nsk_07,FALSE,Routine UIP session.
NSK-2026-0251,Rota,3,Rotavirus-3 (14 Weeks),2026-08-21,2026-08-21,0,UIP-NSK-202608-ROTA-730,PHC-NSK-07,nurse_nsk_07,FALSE,Routine UIP session.
NSK-2026-0251,fIPV,2,fIPV-2 (14 Weeks),2026-08-21,2026-08-24,3,UIP-NSK-202608-FIPV-325,PHC-NSK-07,nurse_nsk_07,FALSE,Routine UIP session.
NSK-2026-0251,PCV,2,PCV-2 (14 Weeks),2026-08-21,2026-08-21,0,UIP-NSK-202608-PCV-665,PHC-NSK-07,nurse_nsk_07,FALSE,Routine UIP session.
NSK-2026-0252,BCG,1,BCG (At Birth),2026-01-10,2026-01-10,0,UIP-NSK-202601-BCG-996,PHC-NSK-08,nurse_nsk_08,FALSE,Administered at hospital after delivery.
NSK-2026-0252,OPV,1,OPV Zero Dose (At Birth),2026-01-10,2026-01-10,0,UIP-NSK-202601-OPV-171,PHC-NSK-08,nurse_nsk_08,FALSE,Administered at hospital after delivery.
NSK-2026-0252,HepB,1,Hepatitis B Birth Dose,2026-01-10,2026-01-10,0,UIP-NSK-202601-HEPB-324,PHC-NSK-08,nurse_nsk_08,FALSE,Administered at hospital after delivery.
NSK-2026-0252,OPV,2,OPV-1 (6 Weeks),2026-02-21,2026-02-22,1,UIP-NSK-202602-OPV-779,PHC-NSK-08,nurse_nsk_08,FALSE,Routine UIP session.
NSK-2026-0252,Penta,1,Pentavalent-1 (6 Weeks),2026-02-21,2026-02-21,0,UIP-NSK-202602-PENTA-859,PHC-NSK-08,nurse_nsk_08,FALSE,Routine UIP session.
NSK-2026-0252,Rota,1,Rotavirus-1 (6 Weeks),2026-02-21,2026-02-23,2,UIP-NSK-202602-ROTA-805,PHC-NSK-08,nurse_nsk_08,FALSE,Routine UIP session.
NSK-2026-0252,fIPV,1,fIPV-1 (6 Weeks),2026-02-21,2026-02-21,0,UIP-NSK-202602-FIPV-923,PHC-NSK-06,nurse_nsk_06,FALSE,Routine UIP session.
NSK-2026-0252,PCV,1,PCV-1 (6 Weeks),2026-02-21,2026-02-21,0,UIP-NSK-202602-PCV-201,PHC-NSK-08,nurse_nsk_08,FALSE,Routine UIP session.
NSK-2026-0252,OPV,3,OPV-2 (10 Weeks),2026-03-21,2026-03-22,1,UIP-NSK-202603-OPV-957,PHC-NSK-08,nurse_nsk_08,FALSE,Routine UIP session.
NSK-2026-0252,Penta,2,Pentavalent-2 (10 Weeks),2026-03-21,2026-03-24,3,UIP-NSK-202603-PENTA-201,PHC-NSK-08,nurse_nsk_08,FALSE,Routine UIP session.
NSK-2026-0252,Rota,2,Rotavirus-2 (10 Weeks),2026-03-21,2026-03-23,2,UIP-NSK-202603-ROTA-790,PHC-NSK-08,nurse_nsk_08,FALSE,Routine UIP session.
NSK-2026-0252,OPV,4,OPV-3 (14 Weeks),2026-04-18,2026-04-19,1,UIP-NSK-202604-OPV-316,PHC-NSK-08,nurse_nsk_08,FALSE,Routine UIP session.
NSK-2026-0252,Penta,3,Pentavalent-3 (14 Weeks),2026-04-18,2026-04-21,3,UIP-NSK-202604-PENTA-430,PHC-NSK-08,nurse_nsk_08,FALSE,Routine UIP session.
NSK-2026-0252,Rota,3,Rotavirus-3 (14 Weeks),2026-04-18,2026-04-21,3,UIP-NSK-202604-ROTA-438,PHC-NSK-08,nurse_nsk_08,FALSE,Routine UIP session.
NSK-2026-0252,fIPV,2,fIPV-2 (14 Weeks),2026-04-18,2026-04-18,0,UIP-NSK-202604-FIPV-746,PHC-NSK-08,nurse_nsk_08,FALSE,Routine UIP session.
NSK-2026-0252,PCV,2,PCV-2 (14 Weeks),2026-04-18,2026-04-18,0,UIP-NSK-202604-PCV-301,PHC-NSK-08,nurse_nsk_08,FALSE,Routine UIP session.
NSK-2026-0253,BCG,1,BCG (At Birth),2026-07-12,2026-07-12,0,UIP-NSK-202607-BCG-128,PHC-NSK-03,nurse_nsk_03,FALSE,Administered at hospital after delivery.
NSK-2026-0253,OPV,1,OPV Zero Dose (At Birth),2026-07-12,2026-07-12,0,UIP-NSK-202607-OPV-879,PHC-NSK-08,nurse_nsk_08,FALSE,Administered at hospital after delivery.
NSK-2026-0253,HepB,1,Hepatitis B Birth Dose,2026-07-12,2026-07-12,0,UIP-NSK-202607-HEPB-947,PHC-NSK-08,nurse_nsk_08,FALSE,Administered at hospital after delivery.
NSK-2026-0253,OPV,2,OPV-1 (6 Weeks),2026-08-23,2026-08-23,0,UIP-NSK-202608-OPV-440,PHC-NSK-07,nurse_nsk_07,FALSE,Routine UIP session.
NSK-2026-0253,Penta,1,Pentavalent-1 (6 Weeks),2026-08-23,2026-08-23,0,UIP-NSK-202608-PENTA-985,PHC-NSK-08,nurse_nsk_08,FALSE,Routine UIP session.
NSK-2026-0253,Rota,1,Rotavirus-1 (6 Weeks),2026-08-23,2026-08-23,0,UIP-NSK-202608-ROTA-872,PHC-NSK-08,nurse_nsk_08,FALSE,Routine UIP session.
NSK-2026-0253,fIPV,1,fIPV-1 (6 Weeks),2026-08-23,2026-08-23,0,UIP-NSK-202608-FIPV-961,PHC-NSK-08,nurse_nsk_08,FALSE,Routine UIP session.
NSK-2026-0253,PCV,1,PCV-1 (6 Weeks),2026-08-23,2026-08-23,0,UIP-NSK-202608-PCV-378,PHC-NSK-08,nurse_nsk_08,FALSE,Routine UIP session.
NSK-2026-0253,OPV,3,OPV-2 (10 Weeks),2026-09-20,2026-09-20,0,UIP-NSK-202609-OPV-484,PHC-NSK-08,nurse_nsk_08,FALSE,Routine UIP session.
NSK-2026-0253,Penta,2,Pentavalent-2 (10 Weeks),2026-09-20,2026-09-20,0,UIP-NSK-202609-PENTA-521,PHC-NSK-08,nurse_nsk_08,FALSE,Routine UIP session.
NSK-2026-0253,Rota,2,Rotavirus-2 (10 Weeks),2026-09-20,2026-09-24,4,UIP-NSK-202609-ROTA-122,PHC-NSK-08,nurse_nsk_08,FALSE,Routine UIP session.
NSK-2026-0254,BCG,1,BCG (At Birth),2026-04-21,2026-04-21,0,UIP-NSK-202604-BCG-225,PHC-NSK-02,nurse_nsk_02,FALSE,Administered at hospital after delivery.
NSK-2026-0254,OPV,1,OPV Zero Dose (At Birth),2026-04-21,2026-04-21,0,UIP-NSK-202604-OPV-131,PHC-NSK-02,nurse_nsk_02,FALSE,Administered at hospital after delivery.
NSK-2026-0254,HepB,1,Hepatitis B Birth Dose,2026-04-21,2026-04-21,0,UIP-NSK-202604-HEPB-538,PHC-NSK-02,nurse_nsk_02,FALSE,Administered at hospital after delivery.
NSK-2026-0254,OPV,2,OPV-1 (6 Weeks),2026-06-02,2026-06-08,6,UIP-NSK-202606-OPV-900,PHC-NSK-02,nurse_nsk_02,FALSE,Routine UIP session.
NSK-2026-0254,Penta,1,Pentavalent-1 (6 Weeks),2026-06-02,2026-06-04,2,UIP-NSK-202606-PENTA-939,PHC-NSK-02,nurse_nsk_02,FALSE,Routine UIP session.
NSK-2026-0254,Rota,1,Rotavirus-1 (6 Weeks),2026-06-02,2026-06-02,0,UIP-NSK-202606-ROTA-676,PHC-NSK-02,nurse_nsk_02,FALSE,Routine UIP session.
NSK-2026-0254,fIPV,1,fIPV-1 (6 Weeks),2026-06-02,2026-06-02,0,UIP-NSK-202606-FIPV-905,PHC-NSK-02,nurse_nsk_02,FALSE,Routine UIP session.
NSK-2026-0254,PCV,1,PCV-1 (6 Weeks),2026-06-02,2026-06-03,1,UIP-NSK-202606-PCV-786,PHC-NSK-02,nurse_nsk_02,FALSE,Routine UIP session.
NSK-2026-0254,OPV,3,OPV-2 (10 Weeks),2026-06-30,2026-07-06,6,UIP-NSK-202607-OPV-346,PHC-NSK-02,nurse_nsk_02,FALSE,Routine UIP session.
NSK-2026-0254,Penta,2,Pentavalent-2 (10 Weeks),2026-06-30,2026-07-02,2,UIP-NSK-202607-PENTA-801,PHC-NSK-02,nurse_nsk_02,FALSE,Routine UIP session.
NSK-2026-0254,Rota,2,Rotavirus-2 (10 Weeks),2026-06-30,2026-07-01,1,UIP-NSK-202607-ROTA-755,PHC-NSK-02,nurse_nsk_02,FALSE,Routine UIP session.
NSK-2026-0254,OPV,4,OPV-3 (14 Weeks),2026-07-28,2026-08-03,6,UIP-NSK-202608-OPV-758,PHC-NSK-02,nurse_nsk_02,FALSE,Routine UIP session.
NSK-2026-0254,Penta,3,Pentavalent-3 (14 Weeks),2026-07-28,2026-07-30,2,UIP-NSK-202607-PENTA-791,PHC-NSK-02,nurse_nsk_02,FALSE,Routine UIP session.
NSK-2026-0254,Rota,3,Rotavirus-3 (14 Weeks),2026-07-28,2026-07-29,1,UIP-NSK-202607-ROTA-481,PHC-NSK-02,nurse_nsk_02,FALSE,Routine UIP session.
NSK-2026-0254,fIPV,2,fIPV-2 (14 Weeks),2026-07-28,2026-07-29,1,UIP-NSK-202607-FIPV-641,PHC-NSK-02,nurse_nsk_02,FALSE,Routine UIP session.
NSK-2026-0254,PCV,2,PCV-2 (14 Weeks),2026-07-28,2026-07-28,0,UIP-NSK-202607-PCV-505,PHC-NSK-02,nurse_nsk_02,FALSE,Routine UIP session.
NSK-2026-0255,BCG,1,BCG (At Birth),2026-04-25,2026-04-25,0,UIP-NSK-202604-BCG-770,PHC-NSK-10,nurse_nsk_10,FALSE,Administered at hospital after delivery.
NSK-2026-0255,OPV,1,OPV Zero Dose (At Birth),2026-04-25,2026-04-25,0,UIP-NSK-202604-OPV-190,PHC-NSK-07,nurse_nsk_07,FALSE,Administered at hospital after delivery.
NSK-2026-0255,HepB,1,Hepatitis B Birth Dose,2026-04-25,2026-04-25,0,UIP-NSK-202604-HEPB-507,PHC-NSK-07,nurse_nsk_07,FALSE,Administered at hospital after delivery.
NSK-2026-0255,OPV,2,OPV-1 (6 Weeks),2026-06-06,2026-06-18,12,UIP-NSK-202606-OPV-678,PHC-NSK-07,nurse_nsk_07,FALSE,Routine UIP session.
NSK-2026-0255,Penta,1,Pentavalent-1 (6 Weeks),2026-06-06,2026-06-25,19,UIP-NSK-202606-PENTA-240,PHC-NSK-07,nurse_nsk_07,FALSE,Routine UIP session.
NSK-2026-0255,Rota,1,Rotavirus-1 (6 Weeks),2026-06-06,2026-06-16,10,UIP-NSK-202606-ROTA-779,PHC-NSK-06,nurse_nsk_06,FALSE,Routine UIP session.
NSK-2026-0255,fIPV,1,fIPV-1 (6 Weeks),2026-06-06,2026-06-08,2,UIP-NSK-202606-FIPV-411,PHC-NSK-07,nurse_nsk_07,FALSE,Routine UIP session.
NSK-2026-0255,PCV,1,PCV-1 (6 Weeks),2026-06-06,2026-06-10,4,UIP-NSK-202606-PCV-642,PHC-NSK-07,nurse_nsk_07,FALSE,Routine UIP session.
NSK-2026-0255,OPV,3,OPV-2 (10 Weeks),2026-07-04,2026-07-21,17,UIP-NSK-202607-OPV-759,PHC-NSK-04,nurse_nsk_04,FALSE,Routine UIP session.
NSK-2026-0255,Penta,2,Pentavalent-2 (10 Weeks),2026-07-04,2026-07-23,19,UIP-NSK-202607-PENTA-780,PHC-NSK-07,nurse_nsk_07,FALSE,Routine UIP session.
NSK-2026-0255,Rota,2,Rotavirus-2 (10 Weeks),2026-07-04,2026-07-19,15,UIP-NSK-202607-ROTA-553,PHC-NSK-02,nurse_nsk_02,FALSE,Routine UIP session.
NSK-2026-0255,OPV,4,OPV-3 (14 Weeks),2026-08-01,2026-08-18,17,UIP-NSK-202608-OPV-896,PHC-NSK-07,nurse_nsk_07,FALSE,Routine UIP session.
NSK-2026-0255,Penta,3,Pentavalent-3 (14 Weeks),2026-08-01,2026-08-20,19,UIP-NSK-202608-PENTA-325,PHC-NSK-07,nurse_nsk_07,FALSE,Routine UIP session.
NSK-2026-0255,Rota,3,Rotavirus-3 (14 Weeks),2026-08-01,2026-08-16,15,UIP-NSK-202608-ROTA-357,PHC-NSK-07,nurse_nsk_07,FALSE,Routine UIP session.
NSK-2026-0255,fIPV,2,fIPV-2 (14 Weeks),2026-08-01,2026-08-13,12,UIP-NSK-202608-FIPV-614,PHC-NSK-07,nurse_nsk_07,FALSE,Routine UIP session.
NSK-2026-0255,PCV,2,PCV-2 (14 Weeks),2026-08-01,2026-08-18,17,UIP-NSK-202608-PCV-150,PHC-NSK-07,nurse_nsk_07,FALSE,Routine UIP session.
NSK-2026-0256,BCG,1,BCG (At Birth),2026-07-30,2026-07-30,0,UIP-NSK-202607-BCG-231,PHC-NSK-02,nurse_nsk_02,FALSE,Administered at hospital after delivery.
NSK-2026-0256,OPV,1,OPV Zero Dose (At Birth),2026-07-30,2026-07-30,0,UIP-NSK-202607-OPV-644,PHC-NSK-10,nurse_nsk_10,FALSE,Administered at hospital after delivery.
NSK-2026-0256,Penta,1,Pentavalent-1 (6 Weeks),2026-09-10,2026-09-10,0,UIP-NSK-202609-PENTA-542,PHC-NSK-02,nurse_nsk_02,FALSE,Routine UIP session.
NSK-2026-0256,Rota,1,Rotavirus-1 (6 Weeks),2026-09-10,2026-09-11,1,UIP-NSK-202609-ROTA-140,PHC-NSK-02,nurse_nsk_02,FALSE,Routine UIP session.
NSK-2026-0256,fIPV,1,fIPV-1 (6 Weeks),2026-09-10,2026-09-12,2,UIP-NSK-202609-FIPV-285,PHC-NSK-02,nurse_nsk_02,FALSE,Routine UIP session.
NSK-2026-0256,PCV,1,PCV-1 (6 Weeks),2026-09-10,2026-09-10,0,UIP-NSK-202609-PCV-204,PHC-NSK-02,nurse_nsk_02,FALSE,Routine UIP session.
NSK-2026-0257,OPV,1,OPV Zero Dose (At Birth),2026-03-15,2026-03-15,0,UIP-NSK-202603-OPV-635,PHC-NSK-04,nurse_nsk_04,FALSE,Administered at hospital after delivery.
NSK-2026-0257,HepB,1,Hepatitis B Birth Dose,2026-03-15,2026-03-15,0,UIP-NSK-202603-HEPB-605,PHC-NSK-04,nurse_nsk_04,FALSE,Administered at hospital after delivery.
NSK-2026-0257,OPV,2,OPV-1 (6 Weeks),2026-04-26,2026-04-26,0,UIP-NSK-202604-OPV-872,PHC-NSK-04,nurse_nsk_04,FALSE,Routine UIP session.
NSK-2026-0257,Penta,1,Pentavalent-1 (6 Weeks),2026-04-26,2026-04-28,2,UIP-NSK-202604-PENTA-781,PHC-NSK-04,nurse_nsk_04,FALSE,Routine UIP session.
NSK-2026-0257,Rota,1,Rotavirus-1 (6 Weeks),2026-04-26,2026-04-26,0,UIP-NSK-202604-ROTA-748,PHC-NSK-10,nurse_nsk_10,FALSE,Routine UIP session.
NSK-2026-0257,fIPV,1,fIPV-1 (6 Weeks),2026-04-26,2026-04-26,0,UIP-NSK-202604-FIPV-653,PHC-NSK-04,nurse_nsk_04,FALSE,Routine UIP session.
NSK-2026-0257,PCV,1,PCV-1 (6 Weeks),2026-04-26,2026-04-26,0,UIP-NSK-202604-PCV-119,PHC-NSK-04,nurse_nsk_04,FALSE,Routine UIP session.
NSK-2026-0257,OPV,3,OPV-2 (10 Weeks),2026-05-24,2026-05-24,0,UIP-NSK-202605-OPV-391,PHC-NSK-04,nurse_nsk_04,FALSE,Routine UIP session.
NSK-2026-0257,Penta,2,Pentavalent-2 (10 Weeks),2026-05-24,2026-05-26,2,UIP-NSK-202605-PENTA-450,PHC-NSK-04,nurse_nsk_04,FALSE,Routine UIP session.
NSK-2026-0257,Rota,2,Rotavirus-2 (10 Weeks),2026-05-24,2026-05-24,0,UIP-NSK-202605-ROTA-230,PHC-NSK-04,nurse_nsk_04,FALSE,Routine UIP session.
NSK-2026-0257,OPV,4,OPV-3 (14 Weeks),2026-06-21,2026-06-21,0,UIP-NSK-202606-OPV-446,PHC-NSK-04,nurse_nsk_04,FALSE,Routine UIP session.
NSK-2026-0257,Penta,3,Pentavalent-3 (14 Weeks),2026-06-21,2026-06-23,2,UIP-NSK-202606-PENTA-238,PHC-NSK-04,nurse_nsk_04,FALSE,Routine UIP session.
NSK-2026-0257,Rota,3,Rotavirus-3 (14 Weeks),2026-06-21,2026-06-21,0,UIP-NSK-202606-ROTA-923,PHC-NSK-04,nurse_nsk_04,FALSE,Routine UIP session.
NSK-2026-0257,fIPV,2,fIPV-2 (14 Weeks),2026-06-21,2026-06-21,0,UIP-NSK-202606-FIPV-965,PHC-NSK-04,nurse_nsk_04,FALSE,Routine UIP session.
NSK-2026-0257,PCV,2,PCV-2 (14 Weeks),2026-06-21,2026-06-21,0,UIP-NSK-202606-PCV-550,PHC-NSK-04,nurse_nsk_04,FALSE,Routine UIP session.
NSK-2026-0258,BCG,1,BCG (At Birth),2026-07-11,2026-07-13,2,UIP-NSK-202607-BCG-195,PHC-NSK-06,nurse_nsk_06,FALSE,Routine UIP session.
NSK-2026-0258,OPV,1,OPV Zero Dose (At Birth),2026-07-11,2026-07-11,0,UIP-NSK-202607-OPV-510,PHC-NSK-06,nurse_nsk_06,FALSE,Administered at hospital after delivery.
NSK-2026-0258,HepB,1,Hepatitis B Birth Dose,2026-07-11,2026-07-11,0,UIP-NSK-202607-HEPB-867,PHC-NSK-06,nurse_nsk_06,FALSE,Administered at hospital after delivery.
NSK-2026-0258,OPV,2,OPV-1 (6 Weeks),2026-08-22,2026-08-24,2,UIP-NSK-202608-OPV-234,PHC-NSK-07,nurse_nsk_07,FALSE,Routine UIP session.
NSK-2026-0258,Penta,1,Pentavalent-1 (6 Weeks),2026-08-22,2026-08-22,0,UIP-NSK-202608-PENTA-321,PHC-NSK-06,nurse_nsk_06,FALSE,Routine UIP session.
NSK-2026-0258,Rota,1,Rotavirus-1 (6 Weeks),2026-08-22,2026-08-22,0,UIP-NSK-202608-ROTA-865,PHC-NSK-06,nurse_nsk_06,FALSE,Routine UIP session.
NSK-2026-0258,fIPV,1,fIPV-1 (6 Weeks),2026-08-22,2026-08-22,0,UIP-NSK-202608-FIPV-340,PHC-NSK-06,nurse_nsk_06,FALSE,Routine UIP session.
NSK-2026-0258,PCV,1,PCV-1 (6 Weeks),2026-08-22,2026-08-25,3,UIP-NSK-202608-PCV-333,PHC-NSK-06,nurse_nsk_06,FALSE,Routine UIP session.
NSK-2026-0258,OPV,3,OPV-2 (10 Weeks),2026-09-19,2026-09-22,3,UIP-NSK-202609-OPV-738,PHC-NSK-06,nurse_nsk_06,FALSE,Routine UIP session.
NSK-2026-0258,Penta,2,Pentavalent-2 (10 Weeks),2026-09-19,2026-09-19,0,UIP-NSK-202609-PENTA-389,PHC-NSK-01,nurse_nsk_01,FALSE,Routine UIP session.
NSK-2026-0258,Rota,2,Rotavirus-2 (10 Weeks),2026-09-19,2026-09-20,1,UIP-NSK-202609-ROTA-386,PHC-NSK-06,nurse_nsk_06,FALSE,Routine UIP session.
NSK-2026-0259,BCG,1,BCG (At Birth),2026-08-22,2026-08-22,0,UIP-NSK-202608-BCG-359,PHC-NSK-03,nurse_nsk_03,FALSE,Administered at hospital after delivery.
NSK-2026-0259,OPV,1,OPV Zero Dose (At Birth),2026-08-22,2026-08-22,0,UIP-NSK-202608-OPV-408,PHC-NSK-03,nurse_nsk_03,FALSE,Administered at hospital after delivery.
NSK-2026-0259,HepB,1,Hepatitis B Birth Dose,2026-08-22,2026-08-22,0,UIP-NSK-202608-HEPB-877,PHC-NSK-03,nurse_nsk_03,FALSE,Administered at hospital after delivery.
NSK-2026-0259,OPV,2,OPV-1 (6 Weeks),2026-10-03,2026-10-03,0,UIP-NSK-202610-OPV-225,PHC-NSK-03,nurse_nsk_03,FALSE,Routine UIP session.
NSK-2026-0259,Penta,1,Pentavalent-1 (6 Weeks),2026-10-03,2026-10-03,0,UIP-NSK-202610-PENTA-464,PHC-NSK-03,nurse_nsk_03,FALSE,Routine UIP session.
NSK-2026-0259,Rota,1,Rotavirus-1 (6 Weeks),2026-10-03,2026-10-03,0,UIP-NSK-202610-ROTA-627,PHC-NSK-03,nurse_nsk_03,FALSE,Routine UIP session.
NSK-2026-0259,fIPV,1,fIPV-1 (6 Weeks),2026-10-03,2026-10-03,0,UIP-NSK-202610-FIPV-567,PHC-NSK-03,nurse_nsk_03,FALSE,Routine UIP session.
NSK-2026-0259,PCV,1,PCV-1 (6 Weeks),2026-10-03,2026-10-03,0,UIP-NSK-202610-PCV-610,PHC-NSK-03,nurse_nsk_03,FALSE,Routine UIP session.
NSK-2026-0260,BCG,1,BCG (At Birth),2026-02-28,2026-02-28,0,UIP-NSK-202602-BCG-269,PHC-NSK-04,nurse_nsk_04,FALSE,Administered at hospital after delivery.
NSK-2026-0260,OPV,1,OPV Zero Dose (At Birth),2026-02-28,2026-02-28,0,UIP-NSK-202602-OPV-117,PHC-NSK-04,nurse_nsk_04,FALSE,Administered at hospital after delivery.
NSK-2026-0260,HepB,1,Hepatitis B Birth Dose,2026-02-28,2026-02-28,0,UIP-NSK-202602-HEPB-500,PHC-NSK-04,nurse_nsk_04,FALSE,Administered at hospital after delivery.
NSK-2026-0260,OPV,2,OPV-1 (6 Weeks),2026-04-11,2026-04-16,5,UIP-NSK-202604-OPV-530,PHC-NSK-04,nurse_nsk_04,FALSE,Routine UIP session.
NSK-2026-0260,Penta,1,Pentavalent-1 (6 Weeks),2026-04-11,2026-04-17,6,UIP-NSK-202604-PENTA-454,PHC-NSK-04,nurse_nsk_04,FALSE,Routine UIP session.
NSK-2026-0260,Rota,1,Rotavirus-1 (6 Weeks),2026-04-11,2026-04-25,14,UIP-NSK-202604-ROTA-724,PHC-NSK-10,nurse_nsk_10,FALSE,Routine UIP session.
NSK-2026-0260,fIPV,1,fIPV-1 (6 Weeks),2026-04-11,2026-04-17,6,UIP-NSK-202604-FIPV-635,PHC-NSK-04,nurse_nsk_04,FALSE,Routine UIP session.
NSK-2026-0260,PCV,1,PCV-1 (6 Weeks),2026-04-11,2026-04-21,10,UIP-NSK-202604-PCV-541,PHC-NSK-04,nurse_nsk_04,FALSE,Routine UIP session.
NSK-2026-0260,OPV,3,OPV-2 (10 Weeks),2026-05-09,2026-05-24,15,UIP-NSK-202605-OPV-265,PHC-NSK-04,nurse_nsk_04,FALSE,Routine UIP session.
NSK-2026-0260,Penta,2,Pentavalent-2 (10 Weeks),2026-05-09,2026-05-15,6,UIP-NSK-202605-PENTA-299,PHC-NSK-04,nurse_nsk_04,FALSE,Routine UIP session.
NSK-2026-0260,Rota,2,Rotavirus-2 (10 Weeks),2026-05-09,2026-05-23,14,UIP-NSK-202605-ROTA-715,PHC-NSK-04,nurse_nsk_04,FALSE,Routine UIP session.
NSK-2026-0260,OPV,4,OPV-3 (14 Weeks),2026-06-06,2026-06-21,15,UIP-NSK-202606-OPV-930,PHC-NSK-04,nurse_nsk_04,FALSE,Routine UIP session.
NSK-2026-0260,Penta,3,Pentavalent-3 (14 Weeks),2026-06-06,2026-06-12,6,UIP-NSK-202606-PENTA-791,PHC-NSK-04,nurse_nsk_04,FALSE,Routine UIP session.
NSK-2026-0260,Rota,3,Rotavirus-3 (14 Weeks),2026-06-06,2026-06-20,14,UIP-NSK-202606-ROTA-928,PHC-NSK-04,nurse_nsk_04,FALSE,Routine UIP session.
NSK-2026-0260,fIPV,2,fIPV-2 (14 Weeks),2026-06-06,2026-06-12,6,UIP-NSK-202606-FIPV-266,PHC-NSK-04,nurse_nsk_04,FALSE,Routine UIP session.
NSK-2026-0260,PCV,2,PCV-2 (14 Weeks),2026-06-06,2026-06-13,7,UIP-NSK-202606-PCV-767,PHC-NSK-04,nurse_nsk_04,FALSE,Routine UIP session.
NSK-2026-0261,BCG,1,BCG (At Birth),2026-09-20,2026-09-20,0,UIP-NSK-202609-BCG-265,PHC-NSK-06,nurse_nsk_06,FALSE,Administered at hospital after delivery.
NSK-2026-0261,OPV,1,OPV Zero Dose (At Birth),2026-09-20,2026-09-20,0,UIP-NSK-202609-OPV-957,PHC-NSK-06,nurse_nsk_06,FALSE,Administered at hospital after delivery.
NSK-2026-0261,HepB,1,Hepatitis B Birth Dose,2026-09-20,2026-09-20,0,UIP-NSK-202609-HEPB-925,PHC-NSK-06,nurse_nsk_06,FALSE,Administered at hospital after delivery.
NSK-2026-0262,BCG,1,BCG (At Birth),2026-04-17,2026-04-17,0,UIP-NSK-202604-BCG-847,PHC-NSK-01,nurse_nsk_01,FALSE,Administered at hospital after delivery.
NSK-2026-0262,OPV,1,OPV Zero Dose (At Birth),2026-04-17,2026-04-17,0,UIP-NSK-202604-OPV-224,PHC-NSK-01,nurse_nsk_01,FALSE,Administered at hospital after delivery.
NSK-2026-0262,HepB,1,Hepatitis B Birth Dose,2026-04-17,2026-04-19,2,UIP-NSK-202604-HEPB-514,PHC-NSK-01,nurse_nsk_01,FALSE,Routine UIP session.
NSK-2026-0262,OPV,2,OPV-1 (6 Weeks),2026-05-29,2026-06-03,5,UIP-NSK-202606-OPV-344,PHC-NSK-01,nurse_nsk_01,FALSE,Routine UIP session.
NSK-2026-0262,Penta,1,Pentavalent-1 (6 Weeks),2026-05-29,2026-05-29,0,UIP-NSK-202605-PENTA-327,PHC-NSK-01,nurse_nsk_01,FALSE,Routine UIP session.
NSK-2026-0262,Rota,1,Rotavirus-1 (6 Weeks),2026-05-29,2026-05-29,0,UIP-NSK-202605-ROTA-262,PHC-NSK-01,nurse_nsk_01,FALSE,Routine UIP session.
NSK-2026-0262,fIPV,1,fIPV-1 (6 Weeks),2026-05-29,2026-05-29,0,UIP-NSK-202605-FIPV-284,PHC-NSK-01,nurse_nsk_01,FALSE,Routine UIP session.
NSK-2026-0262,PCV,1,PCV-1 (6 Weeks),2026-05-29,2026-05-29,0,UIP-NSK-202605-PCV-818,PHC-NSK-01,nurse_nsk_01,FALSE,Routine UIP session.
NSK-2026-0262,OPV,3,OPV-2 (10 Weeks),2026-06-26,2026-07-01,5,UIP-NSK-202607-OPV-238,PHC-NSK-01,nurse_nsk_01,FALSE,Routine UIP session.
NSK-2026-0262,Penta,2,Pentavalent-2 (10 Weeks),2026-06-26,2026-06-26,0,UIP-NSK-202606-PENTA-744,PHC-NSK-01,nurse_nsk_01,FALSE,Routine UIP session.
NSK-2026-0262,Rota,2,Rotavirus-2 (10 Weeks),2026-06-26,2026-06-29,3,UIP-NSK-202606-ROTA-881,PHC-NSK-01,nurse_nsk_01,FALSE,Routine UIP session.
NSK-2026-0262,OPV,4,OPV-3 (14 Weeks),2026-07-24,2026-07-29,5,UIP-NSK-202607-OPV-325,PHC-NSK-01,nurse_nsk_01,FALSE,Routine UIP session.
NSK-2026-0262,Penta,3,Pentavalent-3 (14 Weeks),2026-07-24,2026-07-24,0,UIP-NSK-202607-PENTA-660,PHC-NSK-01,nurse_nsk_01,FALSE,Routine UIP session.
NSK-2026-0262,Rota,3,Rotavirus-3 (14 Weeks),2026-07-24,2026-07-27,3,UIP-NSK-202607-ROTA-263,PHC-NSK-01,nurse_nsk_01,FALSE,Routine UIP session.
NSK-2026-0262,fIPV,2,fIPV-2 (14 Weeks),2026-07-24,2026-07-25,1,UIP-NSK-202607-FIPV-440,PHC-NSK-01,nurse_nsk_01,FALSE,Routine UIP session.
NSK-2026-0263,BCG,1,BCG (At Birth),2026-03-16,2026-03-16,0,UIP-NSK-202603-BCG-550,PHC-NSK-05,nurse_nsk_05,FALSE,Administered at hospital after delivery.
NSK-2026-0263,OPV,1,OPV Zero Dose (At Birth),2026-03-16,2026-03-16,0,UIP-NSK-202603-OPV-152,PHC-NSK-04,nurse_nsk_04,FALSE,Administered at hospital after delivery.
NSK-2026-0263,HepB,1,Hepatitis B Birth Dose,2026-03-16,2026-03-16,0,UIP-NSK-202603-HEPB-742,PHC-NSK-04,nurse_nsk_04,FALSE,Administered at hospital after delivery.
NSK-2026-0263,OPV,2,OPV-1 (6 Weeks),2026-04-27,2026-04-27,0,UIP-NSK-202604-OPV-426,PHC-NSK-04,nurse_nsk_04,FALSE,Routine UIP session.
NSK-2026-0263,Penta,1,Pentavalent-1 (6 Weeks),2026-04-27,2026-04-28,1,UIP-NSK-202604-PENTA-816,PHC-NSK-04,nurse_nsk_04,FALSE,Routine UIP session.
NSK-2026-0263,Rota,1,Rotavirus-1 (6 Weeks),2026-04-27,2026-04-28,1,UIP-NSK-202604-ROTA-964,PHC-NSK-04,nurse_nsk_04,FALSE,Routine UIP session.
NSK-2026-0263,fIPV,1,fIPV-1 (6 Weeks),2026-04-27,2026-04-27,0,UIP-NSK-202604-FIPV-946,PHC-NSK-04,nurse_nsk_04,FALSE,Routine UIP session.
NSK-2026-0263,PCV,1,PCV-1 (6 Weeks),2026-04-27,2026-04-30,3,UIP-NSK-202604-PCV-928,PHC-NSK-04,nurse_nsk_04,FALSE,Routine UIP session.
NSK-2026-0263,OPV,3,OPV-2 (10 Weeks),2026-05-25,2026-05-25,0,UIP-NSK-202605-OPV-284,PHC-NSK-04,nurse_nsk_04,FALSE,Routine UIP session.
NSK-2026-0263,Rota,2,Rotavirus-2 (10 Weeks),2026-05-25,2026-05-26,1,UIP-NSK-202605-ROTA-879,PHC-NSK-04,nurse_nsk_04,FALSE,Routine UIP session.
NSK-2026-0263,OPV,4,OPV-3 (14 Weeks),2026-06-22,2026-06-22,0,UIP-NSK-202606-OPV-164,PHC-NSK-04,nurse_nsk_04,FALSE,Routine UIP session.
NSK-2026-0263,Penta,3,Pentavalent-3 (14 Weeks),2026-06-22,2026-06-25,3,UIP-NSK-202606-PENTA-783,PHC-NSK-04,nurse_nsk_04,FALSE,Routine UIP session.
NSK-2026-0263,Rota,3,Rotavirus-3 (14 Weeks),2026-06-22,2026-06-25,3,UIP-NSK-202606-ROTA-300,PHC-NSK-04,nurse_nsk_04,FALSE,Routine UIP session.
NSK-2026-0263,fIPV,2,fIPV-2 (14 Weeks),2026-06-22,2026-06-24,2,UIP-NSK-202606-FIPV-174,PHC-NSK-04,nurse_nsk_04,FALSE,Routine UIP session.
NSK-2026-0264,BCG,1,BCG (At Birth),2026-04-03,2026-04-03,0,UIP-NSK-202604-BCG-272,PHC-NSK-05,nurse_nsk_05,FALSE,Administered at hospital after delivery.
NSK-2026-0264,OPV,1,OPV Zero Dose (At Birth),2026-04-03,2026-04-03,0,UIP-NSK-202604-OPV-698,PHC-NSK-05,nurse_nsk_05,FALSE,Administered at hospital after delivery.
NSK-2026-0264,HepB,1,Hepatitis B Birth Dose,2026-04-03,2026-04-03,0,UIP-NSK-202604-HEPB-947,PHC-NSK-05,nurse_nsk_05,FALSE,Administered at hospital after delivery.
NSK-2026-0264,OPV,2,OPV-1 (6 Weeks),2026-05-15,2026-07-05,51,UIP-NSK-202607-OPV-760,PHC-NSK-05,nurse_nsk_05,FALSE,Routine UIP session.
NSK-2026-0264,Penta,1,Pentavalent-1 (6 Weeks),2026-05-15,2026-06-07,23,UIP-NSK-202606-PENTA-106,PHC-NSK-05,nurse_nsk_05,FALSE,Routine UIP session.
NSK-2026-0264,fIPV,1,fIPV-1 (6 Weeks),2026-05-15,2026-06-18,34,UIP-NSK-202606-FIPV-620,PHC-NSK-05,nurse_nsk_05,FALSE,Routine UIP session.
NSK-2026-0264,PCV,1,PCV-1 (6 Weeks),2026-05-15,2026-06-16,32,UIP-NSK-202606-PCV-232,PHC-NSK-05,nurse_nsk_05,FALSE,Routine UIP session.
NSK-2026-0264,OPV,3,OPV-2 (10 Weeks),2026-06-12,2026-08-07,56,UIP-NSK-202608-OPV-939,PHC-NSK-05,nurse_nsk_05,FALSE,Routine UIP session.
NSK-2026-0264,Penta,2,Pentavalent-2 (10 Weeks),2026-06-12,2026-07-26,44,UIP-NSK-202607-PENTA-803,PHC-NSK-05,nurse_nsk_05,FALSE,Routine UIP session.
NSK-2026-0264,OPV,4,OPV-3 (14 Weeks),2026-07-10,2026-09-04,56,UIP-NSK-202609-OPV-489,PHC-NSK-05,nurse_nsk_05,FALSE,Routine UIP session.
NSK-2026-0264,Penta,3,Pentavalent-3 (14 Weeks),2026-07-10,2026-08-23,44,UIP-NSK-202608-PENTA-482,PHC-NSK-05,nurse_nsk_05,FALSE,Routine UIP session.
NSK-2026-0264,fIPV,2,fIPV-2 (14 Weeks),2026-07-10,2026-07-29,19,UIP-NSK-202607-FIPV-236,PHC-NSK-05,nurse_nsk_05,FALSE,Routine UIP session.
NSK-2026-0264,PCV,2,PCV-2 (14 Weeks),2026-07-10,2026-08-27,48,UIP-NSK-202608-PCV-427,PHC-NSK-05,nurse_nsk_05,FALSE,Routine UIP session.
NSK-2026-0265,BCG,1,BCG (At Birth),2026-07-11,2026-07-11,0,UIP-NSK-202607-BCG-497,PHC-NSK-02,nurse_nsk_02,FALSE,Administered at hospital after delivery.
NSK-2026-0265,OPV,1,OPV Zero Dose (At Birth),2026-07-11,2026-07-11,0,UIP-NSK-202607-OPV-455,PHC-NSK-02,nurse_nsk_02,FALSE,Administered at hospital after delivery.
NSK-2026-0265,HepB,1,Hepatitis B Birth Dose,2026-07-11,2026-07-11,0,UIP-NSK-202607-HEPB-473,PHC-NSK-02,nurse_nsk_02,FALSE,Administered at hospital after delivery.
NSK-2026-0265,OPV,2,OPV-1 (6 Weeks),2026-08-22,2026-08-31,9,UIP-NSK-202608-OPV-565,PHC-NSK-02,nurse_nsk_02,FALSE,Routine UIP session.
NSK-2026-0265,Penta,1,Pentavalent-1 (6 Weeks),2026-08-22,2026-08-25,3,UIP-NSK-202608-PENTA-831,PHC-NSK-02,nurse_nsk_02,FALSE,Routine UIP session.
NSK-2026-0265,Rota,1,Rotavirus-1 (6 Weeks),2026-08-22,2026-08-26,4,UIP-NSK-202608-ROTA-927,PHC-NSK-02,nurse_nsk_02,FALSE,Routine UIP session.
NSK-2026-0265,fIPV,1,fIPV-1 (6 Weeks),2026-08-22,2026-08-25,3,UIP-NSK-202608-FIPV-231,PHC-NSK-02,nurse_nsk_02,FALSE,Routine UIP session.
NSK-2026-0265,PCV,1,PCV-1 (6 Weeks),2026-08-22,2026-09-08,17,UIP-NSK-202609-PCV-706,PHC-NSK-02,nurse_nsk_02,FALSE,Routine UIP session.
NSK-2026-0265,OPV,3,OPV-2 (10 Weeks),2026-09-19,2026-10-03,14,UIP-NSK-202610-OPV-844,PHC-NSK-02,nurse_nsk_02,FALSE,Routine UIP session.
NSK-2026-0265,Penta,2,Pentavalent-2 (10 Weeks),2026-09-19,2026-09-24,5,UIP-NSK-202609-PENTA-368,PHC-NSK-02,nurse_nsk_02,FALSE,Routine UIP session.
NSK-2026-0265,Rota,2,Rotavirus-2 (10 Weeks),2026-09-19,2026-09-23,4,UIP-NSK-202609-ROTA-385,PHC-NSK-02,nurse_nsk_02,FALSE,Routine UIP session.
NSK-2026-0266,BCG,1,BCG (At Birth),2026-08-23,2026-08-23,0,UIP-NSK-202608-BCG-641,PHC-NSK-04,nurse_nsk_04,FALSE,Administered at hospital after delivery.
NSK-2026-0266,OPV,1,OPV Zero Dose (At Birth),2026-08-23,2026-08-23,0,UIP-NSK-202608-OPV-304,PHC-NSK-04,nurse_nsk_04,FALSE,Administered at hospital after delivery.
NSK-2026-0266,HepB,1,Hepatitis B Birth Dose,2026-08-23,2026-08-23,0,UIP-NSK-202608-HEPB-748,PHC-NSK-04,nurse_nsk_04,FALSE,Administered at hospital after delivery.
NSK-2026-0266,OPV,2,OPV-1 (6 Weeks),2026-10-04,2026-10-04,0,UIP-NSK-202610-OPV-279,PHC-NSK-06,nurse_nsk_06,FALSE,Routine UIP session.
NSK-2026-0266,Rota,1,Rotavirus-1 (6 Weeks),2026-10-04,2026-10-04,0,UIP-NSK-202610-ROTA-340,PHC-NSK-04,nurse_nsk_04,FALSE,Routine UIP session.
NSK-2026-0266,fIPV,1,fIPV-1 (6 Weeks),2026-10-04,2026-10-05,1,UIP-NSK-202610-FIPV-847,PHC-NSK-04,nurse_nsk_04,FALSE,Routine UIP session.
NSK-2026-0267,BCG,1,BCG (At Birth),2026-03-02,2026-03-02,0,UIP-NSK-202603-BCG-725,PHC-NSK-04,nurse_nsk_04,FALSE,Administered at hospital after delivery.
NSK-2026-0267,OPV,1,OPV Zero Dose (At Birth),2026-03-02,2026-03-02,0,UIP-NSK-202603-OPV-967,PHC-NSK-04,nurse_nsk_04,FALSE,Administered at hospital after delivery.
NSK-2026-0267,HepB,1,Hepatitis B Birth Dose,2026-03-02,2026-03-02,0,UIP-NSK-202603-HEPB-607,PHC-NSK-04,nurse_nsk_04,FALSE,Administered at hospital after delivery.
NSK-2026-0267,OPV,2,OPV-1 (6 Weeks),2026-04-13,2026-04-15,2,UIP-NSK-202604-OPV-927,PHC-NSK-04,nurse_nsk_04,FALSE,Routine UIP session.
NSK-2026-0267,Penta,1,Pentavalent-1 (6 Weeks),2026-04-13,2026-04-13,0,UIP-NSK-202604-PENTA-451,PHC-NSK-04,nurse_nsk_04,FALSE,Routine UIP session.
NSK-2026-0267,Rota,1,Rotavirus-1 (6 Weeks),2026-04-13,2026-04-13,0,UIP-NSK-202604-ROTA-562,PHC-NSK-04,nurse_nsk_04,FALSE,Routine UIP session.
NSK-2026-0267,PCV,1,PCV-1 (6 Weeks),2026-04-13,2026-04-18,5,UIP-NSK-202604-PCV-460,PHC-NSK-09,nurse_nsk_09,FALSE,Routine UIP session.
NSK-2026-0267,OPV,3,OPV-2 (10 Weeks),2026-05-11,2026-05-13,2,UIP-NSK-202605-OPV-669,PHC-NSK-04,nurse_nsk_04,FALSE,Routine UIP session.
NSK-2026-0267,Penta,2,Pentavalent-2 (10 Weeks),2026-05-11,2026-05-11,0,UIP-NSK-202605-PENTA-120,PHC-NSK-04,nurse_nsk_04,FALSE,Routine UIP session.
NSK-2026-0267,OPV,4,OPV-3 (14 Weeks),2026-06-08,2026-06-10,2,UIP-NSK-202606-OPV-938,PHC-NSK-04,nurse_nsk_04,FALSE,Routine UIP session.
NSK-2026-0267,Penta,3,Pentavalent-3 (14 Weeks),2026-06-08,2026-06-08,0,UIP-NSK-202606-PENTA-808,PHC-NSK-04,nurse_nsk_04,FALSE,Routine UIP session.
NSK-2026-0267,Rota,3,Rotavirus-3 (14 Weeks),2026-06-08,2026-06-08,0,UIP-NSK-202606-ROTA-903,PHC-NSK-04,nurse_nsk_04,FALSE,Routine UIP session.
NSK-2026-0267,fIPV,2,fIPV-2 (14 Weeks),2026-06-08,2026-06-10,2,UIP-NSK-202606-FIPV-187,PHC-NSK-04,nurse_nsk_04,FALSE,Routine UIP session.
NSK-2026-0267,PCV,2,PCV-2 (14 Weeks),2026-06-08,2026-06-08,0,UIP-NSK-202606-PCV-957,PHC-NSK-04,nurse_nsk_04,FALSE,Routine UIP session.
NSK-2026-0268,BCG,1,BCG (At Birth),2026-08-05,2026-08-05,0,UIP-NSK-202608-BCG-855,PHC-NSK-09,nurse_nsk_09,FALSE,Administered at hospital after delivery.
NSK-2026-0268,OPV,1,OPV Zero Dose (At Birth),2026-08-05,2026-08-05,0,UIP-NSK-202608-OPV-761,PHC-NSK-10,nurse_nsk_10,FALSE,Administered at hospital after delivery.
NSK-2026-0268,HepB,1,Hepatitis B Birth Dose,2026-08-05,2026-08-05,0,UIP-NSK-202608-HEPB-943,PHC-NSK-10,nurse_nsk_10,FALSE,Administered at hospital after delivery.
NSK-2026-0268,OPV,2,OPV-1 (6 Weeks),2026-09-16,2026-09-22,6,UIP-NSK-202609-OPV-814,PHC-NSK-10,nurse_nsk_10,FALSE,Routine UIP session.
NSK-2026-0268,Penta,1,Pentavalent-1 (6 Weeks),2026-09-16,2026-09-16,0,UIP-NSK-202609-PENTA-561,PHC-NSK-10,nurse_nsk_10,FALSE,Routine UIP session.
NSK-2026-0268,Rota,1,Rotavirus-1 (6 Weeks),2026-09-16,2026-09-16,0,UIP-NSK-202609-ROTA-902,PHC-NSK-10,nurse_nsk_10,FALSE,Routine UIP session.
NSK-2026-0268,fIPV,1,fIPV-1 (6 Weeks),2026-09-16,2026-09-16,0,UIP-NSK-202609-FIPV-647,PHC-NSK-10,nurse_nsk_10,FALSE,Routine UIP session.
NSK-2026-0268,PCV,1,PCV-1 (6 Weeks),2026-09-16,2026-09-17,1,UIP-NSK-202609-PCV-320,PHC-NSK-10,nurse_nsk_10,FALSE,Routine UIP session.
NSK-2026-0269,BCG,1,BCG (At Birth),2026-04-29,2026-04-29,0,UIP-NSK-202604-BCG-821,PHC-NSK-02,nurse_nsk_02,FALSE,Administered at hospital after delivery.
NSK-2026-0269,OPV,1,OPV Zero Dose (At Birth),2026-04-29,2026-04-29,0,UIP-NSK-202604-OPV-392,PHC-NSK-07,nurse_nsk_07,FALSE,Administered at hospital after delivery.
NSK-2026-0269,HepB,1,Hepatitis B Birth Dose,2026-04-29,2026-04-29,0,UIP-NSK-202604-HEPB-341,PHC-NSK-01,nurse_nsk_01,FALSE,Administered at hospital after delivery.
NSK-2026-0269,OPV,2,OPV-1 (6 Weeks),2026-06-10,2026-06-10,0,UIP-NSK-202606-OPV-410,PHC-NSK-07,nurse_nsk_07,FALSE,Routine UIP session.
NSK-2026-0269,Penta,1,Pentavalent-1 (6 Weeks),2026-06-10,2026-06-13,3,UIP-NSK-202606-PENTA-965,PHC-NSK-07,nurse_nsk_07,FALSE,Routine UIP session.
NSK-2026-0269,Rota,1,Rotavirus-1 (6 Weeks),2026-06-10,2026-06-10,0,UIP-NSK-202606-ROTA-904,PHC-NSK-09,nurse_nsk_09,FALSE,Routine UIP session.
NSK-2026-0269,fIPV,1,fIPV-1 (6 Weeks),2026-06-10,2026-06-10,0,UIP-NSK-202606-FIPV-216,PHC-NSK-07,nurse_nsk_07,FALSE,Routine UIP session.
NSK-2026-0269,PCV,1,PCV-1 (6 Weeks),2026-06-10,2026-06-10,0,UIP-NSK-202606-PCV-304,PHC-NSK-07,nurse_nsk_07,FALSE,Routine UIP session.
NSK-2026-0269,OPV,3,OPV-2 (10 Weeks),2026-07-08,2026-07-10,2,UIP-NSK-202607-OPV-296,PHC-NSK-07,nurse_nsk_07,FALSE,Routine UIP session.
NSK-2026-0269,Penta,2,Pentavalent-2 (10 Weeks),2026-07-08,2026-07-11,3,UIP-NSK-202607-PENTA-737,PHC-NSK-07,nurse_nsk_07,FALSE,Routine UIP session.
NSK-2026-0269,Rota,2,Rotavirus-2 (10 Weeks),2026-07-08,2026-07-08,0,UIP-NSK-202607-ROTA-258,PHC-NSK-07,nurse_nsk_07,TRUE,Mild fever and local swelling; resolved in 48 hours.
NSK-2026-0269,OPV,4,OPV-3 (14 Weeks),2026-08-05,2026-08-07,2,UIP-NSK-202608-OPV-921,PHC-NSK-07,nurse_nsk_07,FALSE,Routine UIP session.
NSK-2026-0269,Penta,3,Pentavalent-3 (14 Weeks),2026-08-05,2026-08-08,3,UIP-NSK-202608-PENTA-112,PHC-NSK-07,nurse_nsk_07,FALSE,Routine UIP session.
NSK-2026-0269,Rota,3,Rotavirus-3 (14 Weeks),2026-08-05,2026-08-05,0,UIP-NSK-202608-ROTA-999,PHC-NSK-04,nurse_nsk_04,FALSE,Routine UIP session.
NSK-2026-0269,fIPV,2,fIPV-2 (14 Weeks),2026-08-05,2026-08-08,3,UIP-NSK-202608-FIPV-409,PHC-NSK-07,nurse_nsk_07,FALSE,Routine UIP session.
NSK-2026-0269,PCV,2,PCV-2 (14 Weeks),2026-08-05,2026-08-05,0,UIP-NSK-202608-PCV-852,PHC-NSK-07,nurse_nsk_07,FALSE,Routine UIP session.
NSK-2026-0270,BCG,1,BCG (At Birth),2026-05-02,2026-05-02,0,UIP-NSK-202605-BCG-791,PHC-NSK-03,nurse_nsk_03,FALSE,Administered at hospital after delivery.
NSK-2026-0270,OPV,1,OPV Zero Dose (At Birth),2026-05-02,2026-05-03,1,UIP-NSK-202605-OPV-502,PHC-NSK-03,nurse_nsk_03,FALSE,Routine UIP session.
NSK-2026-0270,HepB,1,Hepatitis B Birth Dose,2026-05-02,2026-05-02,0,UIP-NSK-202605-HEPB-375,PHC-NSK-06,nurse_nsk_06,FALSE,Administered at hospital after delivery.
NSK-2026-0270,OPV,2,OPV-1 (6 Weeks),2026-06-13,2026-06-13,0,UIP-NSK-202606-OPV-549,PHC-NSK-03,nurse_nsk_03,FALSE,Routine UIP session.
NSK-2026-0270,Penta,1,Pentavalent-1 (6 Weeks),2026-06-13,2026-06-16,3,UIP-NSK-202606-PENTA-809,PHC-NSK-03,nurse_nsk_03,FALSE,Routine UIP session.
NSK-2026-0270,Rota,1,Rotavirus-1 (6 Weeks),2026-06-13,2026-06-13,0,UIP-NSK-202606-ROTA-704,PHC-NSK-03,nurse_nsk_03,FALSE,Routine UIP session.
NSK-2026-0270,fIPV,1,fIPV-1 (6 Weeks),2026-06-13,2026-06-13,0,UIP-NSK-202606-FIPV-837,PHC-NSK-03,nurse_nsk_03,FALSE,Routine UIP session.
NSK-2026-0270,PCV,1,PCV-1 (6 Weeks),2026-06-13,2026-06-13,0,UIP-NSK-202606-PCV-336,PHC-NSK-03,nurse_nsk_03,FALSE,Routine UIP session.
NSK-2026-0270,OPV,3,OPV-2 (10 Weeks),2026-07-11,2026-07-11,0,UIP-NSK-202607-OPV-186,PHC-NSK-03,nurse_nsk_03,FALSE,Routine UIP session.
NSK-2026-0270,Penta,2,Pentavalent-2 (10 Weeks),2026-07-11,2026-07-14,3,UIP-NSK-202607-PENTA-115,PHC-NSK-03,nurse_nsk_03,FALSE,Routine UIP session.
NSK-2026-0270,Rota,2,Rotavirus-2 (10 Weeks),2026-07-11,2026-07-11,0,UIP-NSK-202607-ROTA-976,PHC-NSK-03,nurse_nsk_03,FALSE,Routine UIP session.
NSK-2026-0270,OPV,4,OPV-3 (14 Weeks),2026-08-08,2026-08-08,0,UIP-NSK-202608-OPV-952,PHC-NSK-03,nurse_nsk_03,FALSE,Routine UIP session.
NSK-2026-0270,Penta,3,Pentavalent-3 (14 Weeks),2026-08-08,2026-08-11,3,UIP-NSK-202608-PENTA-472,PHC-NSK-03,nurse_nsk_03,FALSE,Routine UIP session.
NSK-2026-0270,Rota,3,Rotavirus-3 (14 Weeks),2026-08-08,2026-08-09,1,UIP-NSK-202608-ROTA-976,PHC-NSK-03,nurse_nsk_03,FALSE,Routine UIP session.
NSK-2026-0270,fIPV,2,fIPV-2 (14 Weeks),2026-08-08,2026-08-08,0,UIP-NSK-202608-FIPV-520,PHC-NSK-03,nurse_nsk_03,FALSE,Routine UIP session.
NSK-2026-0270,PCV,2,PCV-2 (14 Weeks),2026-08-08,2026-08-10,2,UIP-NSK-202608-PCV-545,PHC-NSK-03,nurse_nsk_03,FALSE,Routine UIP session.
NSK-2026-0271,OPV,1,OPV Zero Dose (At Birth),2026-09-25,2026-09-25,0,UIP-NSK-202609-OPV-436,PHC-NSK-02,nurse_nsk_02,FALSE,Administered at hospital after delivery.
NSK-2026-0271,HepB,1,Hepatitis B Birth Dose,2026-09-25,2026-09-25,0,UIP-NSK-202609-HEPB-780,PHC-NSK-04,nurse_nsk_04,FALSE,Administered at hospital after delivery.
NSK-2026-0272,BCG,1,BCG (At Birth),2026-03-23,2026-03-23,0,UIP-NSK-202603-BCG-416,PHC-NSK-03,nurse_nsk_03,FALSE,Administered at hospital after delivery.
NSK-2026-0272,OPV,1,OPV Zero Dose (At Birth),2026-03-23,2026-03-23,0,UIP-NSK-202603-OPV-764,PHC-NSK-03,nurse_nsk_03,FALSE,Administered at hospital after delivery.
NSK-2026-0272,HepB,1,Hepatitis B Birth Dose,2026-03-23,2026-03-23,0,UIP-NSK-202603-HEPB-250,PHC-NSK-03,nurse_nsk_03,FALSE,Administered at hospital after delivery.
NSK-2026-0272,OPV,2,OPV-1 (6 Weeks),2026-05-04,2026-05-16,12,UIP-NSK-202605-OPV-126,PHC-NSK-03,nurse_nsk_03,FALSE,Routine UIP session.
NSK-2026-0272,Penta,1,Pentavalent-1 (6 Weeks),2026-05-04,2026-05-13,9,UIP-NSK-202605-PENTA-564,PHC-NSK-03,nurse_nsk_03,FALSE,Routine UIP session.
NSK-2026-0272,Rota,1,Rotavirus-1 (6 Weeks),2026-05-04,2026-05-06,2,UIP-NSK-202605-ROTA-381,PHC-NSK-03,nurse_nsk_03,FALSE,Routine UIP session.
NSK-2026-0272,fIPV,1,fIPV-1 (6 Weeks),2026-05-04,2026-05-20,16,UIP-NSK-202605-FIPV-699,PHC-NSK-03,nurse_nsk_03,FALSE,Routine UIP session.
NSK-2026-0272,Penta,2,Pentavalent-2 (10 Weeks),2026-06-01,2026-06-10,9,UIP-NSK-202606-PENTA-649,PHC-NSK-03,nurse_nsk_03,FALSE,Routine UIP session.
NSK-2026-0272,Rota,2,Rotavirus-2 (10 Weeks),2026-06-01,2026-06-06,5,UIP-NSK-202606-ROTA-964,PHC-NSK-03,nurse_nsk_03,FALSE,Routine UIP session.
NSK-2026-0272,OPV,4,OPV-3 (14 Weeks),2026-06-29,2026-07-06,7,UIP-NSK-202607-OPV-382,PHC-NSK-03,nurse_nsk_03,FALSE,Routine UIP session.
NSK-2026-0272,Penta,3,Pentavalent-3 (14 Weeks),2026-06-29,2026-07-10,11,UIP-NSK-202607-PENTA-731,PHC-NSK-03,nurse_nsk_03,FALSE,Routine UIP session.
NSK-2026-0272,Rota,3,Rotavirus-3 (14 Weeks),2026-06-29,2026-07-06,7,UIP-NSK-202607-ROTA-966,PHC-NSK-03,nurse_nsk_03,FALSE,Routine UIP session.
NSK-2026-0272,fIPV,2,fIPV-2 (14 Weeks),2026-06-29,2026-07-14,15,UIP-NSK-202607-FIPV-836,PHC-NSK-03,nurse_nsk_03,FALSE,Routine UIP session.
NSK-2026-0273,BCG,1,BCG (At Birth),2026-08-31,2026-08-31,0,UIP-NSK-202608-BCG-424,PHC-NSK-04,nurse_nsk_04,FALSE,Administered at hospital after delivery.
NSK-2026-0273,OPV,1,OPV Zero Dose (At Birth),2026-08-31,2026-08-31,0,UIP-NSK-202608-OPV-829,PHC-NSK-04,nurse_nsk_04,FALSE,Administered at hospital after delivery.
NSK-2026-0273,HepB,1,Hepatitis B Birth Dose,2026-08-31,2026-08-31,0,UIP-NSK-202608-HEPB-187,PHC-NSK-04,nurse_nsk_04,FALSE,Administered at hospital after delivery.
NSK-2026-0274,BCG,1,BCG (At Birth),2026-01-20,2026-01-20,0,UIP-NSK-202601-BCG-496,PHC-NSK-02,nurse_nsk_02,FALSE,Administered at hospital after delivery.
NSK-2026-0274,OPV,1,OPV Zero Dose (At Birth),2026-01-20,2026-01-20,0,UIP-NSK-202601-OPV-723,PHC-NSK-02,nurse_nsk_02,FALSE,Administered at hospital after delivery.
NSK-2026-0274,HepB,1,Hepatitis B Birth Dose,2026-01-20,2026-01-20,0,UIP-NSK-202601-HEPB-333,PHC-NSK-02,nurse_nsk_02,FALSE,Administered at hospital after delivery.
NSK-2026-0274,OPV,2,OPV-1 (6 Weeks),2026-03-03,2026-03-03,0,UIP-NSK-202603-OPV-184,PHC-NSK-02,nurse_nsk_02,FALSE,Routine UIP session.
NSK-2026-0274,Penta,1,Pentavalent-1 (6 Weeks),2026-03-03,2026-03-03,0,UIP-NSK-202603-PENTA-606,PHC-NSK-02,nurse_nsk_02,FALSE,Routine UIP session.
NSK-2026-0274,Rota,1,Rotavirus-1 (6 Weeks),2026-03-03,2026-03-03,0,UIP-NSK-202603-ROTA-299,PHC-NSK-02,nurse_nsk_02,FALSE,Routine UIP session.
NSK-2026-0274,fIPV,1,fIPV-1 (6 Weeks),2026-03-03,2026-03-06,3,UIP-NSK-202603-FIPV-698,PHC-NSK-02,nurse_nsk_02,FALSE,Routine UIP session.
NSK-2026-0274,PCV,1,PCV-1 (6 Weeks),2026-03-03,2026-03-03,0,UIP-NSK-202603-PCV-420,PHC-NSK-02,nurse_nsk_02,FALSE,Routine UIP session.
NSK-2026-0274,OPV,3,OPV-2 (10 Weeks),2026-03-31,2026-03-31,0,UIP-NSK-202603-OPV-666,PHC-NSK-02,nurse_nsk_02,FALSE,Routine UIP session.
NSK-2026-0274,Penta,2,Pentavalent-2 (10 Weeks),2026-03-31,2026-03-31,0,UIP-NSK-202603-PENTA-593,PHC-NSK-02,nurse_nsk_02,FALSE,Routine UIP session.
NSK-2026-0274,Rota,2,Rotavirus-2 (10 Weeks),2026-03-31,2026-04-01,1,UIP-NSK-202604-ROTA-763,PHC-NSK-02,nurse_nsk_02,FALSE,Routine UIP session.
NSK-2026-0274,OPV,4,OPV-3 (14 Weeks),2026-04-28,2026-04-28,0,UIP-NSK-202604-OPV-506,PHC-NSK-02,nurse_nsk_02,FALSE,Routine UIP session.
NSK-2026-0274,Penta,3,Pentavalent-3 (14 Weeks),2026-04-28,2026-04-28,0,UIP-NSK-202604-PENTA-342,PHC-NSK-02,nurse_nsk_02,FALSE,Routine UIP session.
NSK-2026-0274,Rota,3,Rotavirus-3 (14 Weeks),2026-04-28,2026-05-03,5,UIP-NSK-202605-ROTA-213,PHC-NSK-02,nurse_nsk_02,FALSE,Routine UIP session.
NSK-2026-0274,fIPV,2,fIPV-2 (14 Weeks),2026-04-28,2026-04-28,0,UIP-NSK-202604-FIPV-642,PHC-NSK-02,nurse_nsk_02,FALSE,Routine UIP session.
NSK-2026-0274,PCV,2,PCV-2 (14 Weeks),2026-04-28,2026-04-28,0,UIP-NSK-202604-PCV-535,PHC-NSK-02,nurse_nsk_02,FALSE,Routine UIP session.
NSK-2026-0275,BCG,1,BCG (At Birth),2026-09-12,2026-09-12,0,UIP-NSK-202609-BCG-317,PHC-NSK-07,nurse_nsk_07,FALSE,Administered at hospital after delivery.
NSK-2026-0275,OPV,1,OPV Zero Dose (At Birth),2026-09-12,2026-09-12,0,UIP-NSK-202609-OPV-683,PHC-NSK-07,nurse_nsk_07,FALSE,Administered at hospital after delivery.
NSK-2026-0275,HepB,1,Hepatitis B Birth Dose,2026-09-12,2026-09-12,0,UIP-NSK-202609-HEPB-811,PHC-NSK-07,nurse_nsk_07,FALSE,Administered at hospital after delivery.
NSK-2026-0276,OPV,1,OPV Zero Dose (At Birth),2026-06-08,2026-06-08,0,UIP-NSK-202606-OPV-188,PHC-NSK-04,nurse_nsk_04,FALSE,Administered at hospital after delivery.
NSK-2026-0276,HepB,1,Hepatitis B Birth Dose,2026-06-08,2026-06-08,0,UIP-NSK-202606-HEPB-828,PHC-NSK-04,nurse_nsk_04,FALSE,Administered at hospital after delivery.
NSK-2026-0276,OPV,2,OPV-1 (6 Weeks),2026-07-20,2026-07-30,10,UIP-NSK-202607-OPV-465,PHC-NSK-04,nurse_nsk_04,FALSE,Routine UIP session.
NSK-2026-0276,Penta,1,Pentavalent-1 (6 Weeks),2026-07-20,2026-08-05,16,UIP-NSK-202608-PENTA-996,PHC-NSK-04,nurse_nsk_04,FALSE,Routine UIP session.
NSK-2026-0276,Rota,1,Rotavirus-1 (6 Weeks),2026-07-20,2026-07-27,7,UIP-NSK-202607-ROTA-640,PHC-NSK-04,nurse_nsk_04,FALSE,Routine UIP session.
NSK-2026-0276,fIPV,1,fIPV-1 (6 Weeks),2026-07-20,2026-07-26,6,UIP-NSK-202607-FIPV-802,PHC-NSK-04,nurse_nsk_04,FALSE,Routine UIP session.
NSK-2026-0276,PCV,1,PCV-1 (6 Weeks),2026-07-20,2026-07-22,2,UIP-NSK-202607-PCV-166,PHC-NSK-04,nurse_nsk_04,FALSE,Routine UIP session.
NSK-2026-0276,OPV,3,OPV-2 (10 Weeks),2026-08-17,2026-08-31,14,UIP-NSK-202608-OPV-910,PHC-NSK-04,nurse_nsk_04,FALSE,Routine UIP session.
NSK-2026-0276,Penta,2,Pentavalent-2 (10 Weeks),2026-08-17,2026-09-02,16,UIP-NSK-202609-PENTA-925,PHC-NSK-04,nurse_nsk_04,FALSE,Routine UIP session.
NSK-2026-0276,Rota,2,Rotavirus-2 (10 Weeks),2026-08-17,2026-08-24,7,UIP-NSK-202608-ROTA-285,PHC-NSK-04,nurse_nsk_04,FALSE,Routine UIP session.
NSK-2026-0276,OPV,4,OPV-3 (14 Weeks),2026-09-14,2026-09-28,14,UIP-NSK-202609-OPV-335,PHC-NSK-04,nurse_nsk_04,FALSE,Routine UIP session.
NSK-2026-0276,Rota,3,Rotavirus-3 (14 Weeks),2026-09-14,2026-10-01,17,UIP-NSK-202610-ROTA-389,PHC-NSK-04,nurse_nsk_04,FALSE,Routine UIP session.
NSK-2026-0276,PCV,2,PCV-2 (14 Weeks),2026-09-14,2026-09-25,11,UIP-NSK-202609-PCV-786,PHC-NSK-04,nurse_nsk_04,FALSE,Routine UIP session.
NSK-2026-0277,BCG,1,BCG (At Birth),2026-02-04,2026-02-04,0,UIP-NSK-202602-BCG-642,PHC-NSK-10,nurse_nsk_10,FALSE,Administered at hospital after delivery.
NSK-2026-0277,OPV,1,OPV Zero Dose (At Birth),2026-02-04,2026-02-04,0,UIP-NSK-202602-OPV-189,PHC-NSK-10,nurse_nsk_10,FALSE,Administered at hospital after delivery.
NSK-2026-0277,HepB,1,Hepatitis B Birth Dose,2026-02-04,2026-02-04,0,UIP-NSK-202602-HEPB-534,PHC-NSK-10,nurse_nsk_10,FALSE,Administered at hospital after delivery.
NSK-2026-0277,Penta,1,Pentavalent-1 (6 Weeks),2026-03-18,2026-04-27,40,UIP-NSK-202604-PENTA-488,PHC-NSK-10,nurse_nsk_10,FALSE,Routine UIP session.
NSK-2026-0277,fIPV,1,fIPV-1 (6 Weeks),2026-03-18,2026-04-18,31,UIP-NSK-202604-FIPV-415,PHC-NSK-10,nurse_nsk_10,FALSE,Routine UIP session.
NSK-2026-0277,PCV,1,PCV-1 (6 Weeks),2026-03-18,2026-05-14,57,UIP-NSK-202605-PCV-331,PHC-NSK-10,nurse_nsk_10,FALSE,Routine UIP session.
NSK-2026-0277,fIPV,2,fIPV-2 (14 Weeks),2026-05-13,2026-06-27,45,UIP-NSK-202606-FIPV-130,PHC-NSK-10,nurse_nsk_10,FALSE,Routine UIP session.
NSK-2026-0278,BCG,1,BCG (At Birth),2026-08-05,2026-08-05,0,UIP-NSK-202608-BCG-783,PHC-NSK-04,nurse_nsk_04,FALSE,Administered at hospital after delivery.
NSK-2026-0278,OPV,1,OPV Zero Dose (At Birth),2026-08-05,2026-08-05,0,UIP-NSK-202608-OPV-319,PHC-NSK-04,nurse_nsk_04,FALSE,Administered at hospital after delivery.
NSK-2026-0278,OPV,2,OPV-1 (6 Weeks),2026-09-16,2026-09-16,0,UIP-NSK-202609-OPV-270,PHC-NSK-04,nurse_nsk_04,FALSE,Routine UIP session.
NSK-2026-0278,Penta,1,Pentavalent-1 (6 Weeks),2026-09-16,2026-09-16,0,UIP-NSK-202609-PENTA-520,PHC-NSK-04,nurse_nsk_04,FALSE,Routine UIP session.
NSK-2026-0278,Rota,1,Rotavirus-1 (6 Weeks),2026-09-16,2026-09-16,0,UIP-NSK-202609-ROTA-690,PHC-NSK-04,nurse_nsk_04,FALSE,Routine UIP session.
NSK-2026-0278,fIPV,1,fIPV-1 (6 Weeks),2026-09-16,2026-09-16,0,UIP-NSK-202609-FIPV-143,PHC-NSK-04,nurse_nsk_04,FALSE,Routine UIP session.
NSK-2026-0278,PCV,1,PCV-1 (6 Weeks),2026-09-16,2026-09-16,0,UIP-NSK-202609-PCV-103,PHC-NSK-04,nurse_nsk_04,FALSE,Routine UIP session.
NSK-2026-0279,BCG,1,BCG (At Birth),2026-01-01,2026-01-01,0,UIP-NSK-202601-BCG-603,PHC-NSK-03,nurse_nsk_03,FALSE,Administered at hospital after delivery.
NSK-2026-0279,OPV,1,OPV Zero Dose (At Birth),2026-01-01,2026-01-01,0,UIP-NSK-202601-OPV-620,PHC-NSK-03,nurse_nsk_03,FALSE,Administered at hospital after delivery.
NSK-2026-0279,Penta,1,Pentavalent-1 (6 Weeks),2026-02-12,2026-02-23,11,UIP-NSK-202602-PENTA-241,PHC-NSK-03,nurse_nsk_03,FALSE,Routine UIP session.
NSK-2026-0279,Rota,1,Rotavirus-1 (6 Weeks),2026-02-12,2026-03-07,23,UIP-NSK-202603-ROTA-907,PHC-NSK-10,nurse_nsk_10,FALSE,Routine UIP session.
NSK-2026-0279,fIPV,1,fIPV-1 (6 Weeks),2026-02-12,2026-03-31,47,UIP-NSK-202603-FIPV-145,PHC-NSK-03,nurse_nsk_03,FALSE,Routine UIP session.
NSK-2026-0279,PCV,1,PCV-1 (6 Weeks),2026-02-12,2026-03-04,20,UIP-NSK-202603-PCV-186,PHC-NSK-03,nurse_nsk_03,FALSE,Routine UIP session.
NSK-2026-0279,OPV,3,OPV-2 (10 Weeks),2026-03-12,2026-05-03,52,UIP-NSK-202605-OPV-944,PHC-NSK-03,nurse_nsk_03,FALSE,Routine UIP session.
NSK-2026-0279,Penta,2,Pentavalent-2 (10 Weeks),2026-03-12,2026-05-08,57,UIP-NSK-202605-PENTA-808,PHC-NSK-03,nurse_nsk_03,FALSE,Routine UIP session.
NSK-2026-0279,OPV,4,OPV-3 (14 Weeks),2026-04-09,2026-06-07,59,UIP-NSK-202606-OPV-997,PHC-NSK-04,nurse_nsk_04,FALSE,Routine UIP session.
NSK-2026-0279,Penta,3,Pentavalent-3 (14 Weeks),2026-04-09,2026-06-06,58,UIP-NSK-202606-PENTA-902,PHC-NSK-06,nurse_nsk_06,FALSE,Routine UIP session.
NSK-2026-0279,fIPV,2,fIPV-2 (14 Weeks),2026-04-09,2026-05-24,45,UIP-NSK-202605-FIPV-460,PHC-NSK-08,nurse_nsk_08,FALSE,Routine UIP session.
NSK-2026-0280,BCG,1,BCG (At Birth),2026-07-27,2026-07-27,0,UIP-NSK-202607-BCG-998,PHC-NSK-09,nurse_nsk_09,FALSE,Administered at hospital after delivery.
NSK-2026-0280,OPV,1,OPV Zero Dose (At Birth),2026-07-27,2026-07-27,0,UIP-NSK-202607-OPV-738,PHC-NSK-09,nurse_nsk_09,FALSE,Administered at hospital after delivery.
NSK-2026-0280,HepB,1,Hepatitis B Birth Dose,2026-07-27,2026-07-27,0,UIP-NSK-202607-HEPB-422,PHC-NSK-09,nurse_nsk_09,FALSE,Administered at hospital after delivery.
NSK-2026-0280,Penta,1,Pentavalent-1 (6 Weeks),2026-09-07,2026-09-09,2,UIP-NSK-202609-PENTA-771,PHC-NSK-09,nurse_nsk_09,FALSE,Routine UIP session.
NSK-2026-0280,Rota,1,Rotavirus-1 (6 Weeks),2026-09-07,2026-09-11,4,UIP-NSK-202609-ROTA-533,PHC-NSK-09,nurse_nsk_09,FALSE,Routine UIP session.
NSK-2026-0280,fIPV,1,fIPV-1 (6 Weeks),2026-09-07,2026-09-10,3,UIP-NSK-202609-FIPV-164,PHC-NSK-09,nurse_nsk_09,FALSE,Routine UIP session.
NSK-2026-0280,PCV,1,PCV-1 (6 Weeks),2026-09-07,2026-09-11,4,UIP-NSK-202609-PCV-138,PHC-NSK-09,nurse_nsk_09,FALSE,Routine UIP session.
NSK-2026-0281,OPV,1,OPV Zero Dose (At Birth),2026-04-25,2026-04-25,0,UIP-NSK-202604-OPV-958,PHC-NSK-09,nurse_nsk_09,FALSE,Administered at hospital after delivery.
NSK-2026-0281,Penta,1,Pentavalent-1 (6 Weeks),2026-06-06,2026-07-29,53,UIP-NSK-202607-PENTA-662,PHC-NSK-09,nurse_nsk_09,FALSE,Routine UIP session.
NSK-2026-0281,PCV,1,PCV-1 (6 Weeks),2026-06-06,2026-06-18,12,UIP-NSK-202606-PCV-609,PHC-NSK-09,nurse_nsk_09,FALSE,Routine UIP session.
NSK-2026-0282,BCG,1,BCG (At Birth),2026-05-26,2026-05-26,0,UIP-NSK-202605-BCG-901,PHC-NSK-01,nurse_nsk_01,FALSE,Administered at hospital after delivery.
NSK-2026-0282,OPV,1,OPV Zero Dose (At Birth),2026-05-26,2026-05-26,0,UIP-NSK-202605-OPV-784,PHC-NSK-01,nurse_nsk_01,FALSE,Administered at hospital after delivery.
NSK-2026-0282,HepB,1,Hepatitis B Birth Dose,2026-05-26,2026-05-26,0,UIP-NSK-202605-HEPB-685,PHC-NSK-01,nurse_nsk_01,FALSE,Administered at hospital after delivery.
NSK-2026-0282,OPV,2,OPV-1 (6 Weeks),2026-07-07,2026-07-13,6,UIP-NSK-202607-OPV-739,PHC-NSK-01,nurse_nsk_01,FALSE,Routine UIP session.
NSK-2026-0282,Penta,1,Pentavalent-1 (6 Weeks),2026-07-07,2026-07-20,13,UIP-NSK-202607-PENTA-621,PHC-NSK-01,nurse_nsk_01,FALSE,Routine UIP session.
NSK-2026-0282,Rota,1,Rotavirus-1 (6 Weeks),2026-07-07,2026-07-16,9,UIP-NSK-202607-ROTA-818,PHC-NSK-01,nurse_nsk_01,FALSE,Routine UIP session.
NSK-2026-0282,fIPV,1,fIPV-1 (6 Weeks),2026-07-07,2026-07-16,9,UIP-NSK-202607-FIPV-327,PHC-NSK-01,nurse_nsk_01,FALSE,Routine UIP session.
NSK-2026-0282,PCV,1,PCV-1 (6 Weeks),2026-07-07,2026-07-16,9,UIP-NSK-202607-PCV-299,PHC-NSK-01,nurse_nsk_01,FALSE,Routine UIP session.
NSK-2026-0282,OPV,3,OPV-2 (10 Weeks),2026-08-04,2026-08-10,6,UIP-NSK-202608-OPV-690,PHC-NSK-02,nurse_nsk_02,FALSE,Routine UIP session.
NSK-2026-0282,Rota,2,Rotavirus-2 (10 Weeks),2026-08-04,2026-08-14,10,UIP-NSK-202608-ROTA-514,PHC-NSK-01,nurse_nsk_01,FALSE,Routine UIP session.
NSK-2026-0282,OPV,4,OPV-3 (14 Weeks),2026-09-01,2026-09-09,8,UIP-NSK-202609-OPV-675,PHC-NSK-01,nurse_nsk_01,FALSE,Routine UIP session.
NSK-2026-0282,Rota,3,Rotavirus-3 (14 Weeks),2026-09-01,2026-09-11,10,UIP-NSK-202609-ROTA-481,PHC-NSK-01,nurse_nsk_01,FALSE,Routine UIP session.
NSK-2026-0282,fIPV,2,fIPV-2 (14 Weeks),2026-09-01,2026-09-11,10,UIP-NSK-202609-FIPV-922,PHC-NSK-01,nurse_nsk_01,FALSE,Routine UIP session.
NSK-2026-0283,BCG,1,BCG (At Birth),2026-07-17,2026-07-17,0,UIP-NSK-202607-BCG-341,PHC-NSK-03,nurse_nsk_03,FALSE,Administered at hospital after delivery.
NSK-2026-0283,OPV,1,OPV Zero Dose (At Birth),2026-07-17,2026-07-17,0,UIP-NSK-202607-OPV-483,PHC-NSK-03,nurse_nsk_03,FALSE,Administered at hospital after delivery.
NSK-2026-0283,HepB,1,Hepatitis B Birth Dose,2026-07-17,2026-07-17,0,UIP-NSK-202607-HEPB-932,PHC-NSK-03,nurse_nsk_03,FALSE,Administered at hospital after delivery.
NSK-2026-0283,OPV,2,OPV-1 (6 Weeks),2026-08-28,2026-08-28,0,UIP-NSK-202608-OPV-735,PHC-NSK-03,nurse_nsk_03,FALSE,Routine UIP session.
NSK-2026-0283,Penta,1,Pentavalent-1 (6 Weeks),2026-08-28,2026-08-28,0,UIP-NSK-202608-PENTA-246,PHC-NSK-03,nurse_nsk_03,FALSE,Routine UIP session.
NSK-2026-0283,Rota,1,Rotavirus-1 (6 Weeks),2026-08-28,2026-08-29,1,UIP-NSK-202608-ROTA-752,PHC-NSK-03,nurse_nsk_03,FALSE,Routine UIP session.
NSK-2026-0283,fIPV,1,fIPV-1 (6 Weeks),2026-08-28,2026-08-30,2,UIP-NSK-202608-FIPV-947,PHC-NSK-03,nurse_nsk_03,FALSE,Routine UIP session.
NSK-2026-0283,PCV,1,PCV-1 (6 Weeks),2026-08-28,2026-08-28,0,UIP-NSK-202608-PCV-571,PHC-NSK-03,nurse_nsk_03,FALSE,Routine UIP session.
NSK-2026-0283,OPV,3,OPV-2 (10 Weeks),2026-09-25,2026-09-25,0,UIP-NSK-202609-OPV-283,PHC-NSK-03,nurse_nsk_03,FALSE,Routine UIP session.
NSK-2026-0283,Penta,2,Pentavalent-2 (10 Weeks),2026-09-25,2026-09-25,0,UIP-NSK-202609-PENTA-210,PHC-NSK-03,nurse_nsk_03,FALSE,Routine UIP session.
NSK-2026-0283,Rota,2,Rotavirus-2 (10 Weeks),2026-09-25,2026-09-26,1,UIP-NSK-202609-ROTA-142,PHC-NSK-03,nurse_nsk_03,FALSE,Routine UIP session.
NSK-2026-0284,OPV,1,OPV Zero Dose (At Birth),2026-08-24,2026-08-24,0,UIP-NSK-202608-OPV-468,PHC-NSK-04,nurse_nsk_04,FALSE,Administered at hospital after delivery.
NSK-2026-0284,HepB,1,Hepatitis B Birth Dose,2026-08-24,2026-08-24,0,UIP-NSK-202608-HEPB-739,PHC-NSK-04,nurse_nsk_04,FALSE,Administered at hospital after delivery.
NSK-2026-0284,Rota,1,Rotavirus-1 (6 Weeks),2026-10-05,2026-10-05,0,UIP-NSK-202610-ROTA-653,PHC-NSK-04,nurse_nsk_04,FALSE,Routine UIP session.
NSK-2026-0285,BCG,1,BCG (At Birth),2026-01-25,2026-02-08,14,UIP-NSK-202602-BCG-858,PHC-NSK-09,nurse_nsk_09,FALSE,Routine UIP session.
NSK-2026-0285,OPV,1,OPV Zero Dose (At Birth),2026-01-25,2026-01-25,0,UIP-NSK-202601-OPV-257,PHC-NSK-09,nurse_nsk_09,FALSE,Administered at hospital after delivery.
NSK-2026-0285,HepB,1,Hepatitis B Birth Dose,2026-01-25,2026-01-25,0,UIP-NSK-202601-HEPB-980,PHC-NSK-09,nurse_nsk_09,FALSE,Administered at hospital after delivery.
NSK-2026-0285,OPV,2,OPV-1 (6 Weeks),2026-03-08,2026-03-13,5,UIP-NSK-202603-OPV-323,PHC-NSK-09,nurse_nsk_09,FALSE,Routine UIP session.
NSK-2026-0285,Penta,1,Pentavalent-1 (6 Weeks),2026-03-08,2026-03-20,12,UIP-NSK-202603-PENTA-187,PHC-NSK-09,nurse_nsk_09,TRUE,Mild fever and local swelling; resolved in 48 hours.
NSK-2026-0285,fIPV,1,fIPV-1 (6 Weeks),2026-03-08,2026-03-12,4,UIP-NSK-202603-FIPV-971,PHC-NSK-09,nurse_nsk_09,FALSE,Routine UIP session.
NSK-2026-0285,PCV,1,PCV-1 (6 Weeks),2026-03-08,2026-03-10,2,UIP-NSK-202603-PCV-322,PHC-NSK-09,nurse_nsk_09,FALSE,Routine UIP session.
NSK-2026-0285,OPV,3,OPV-2 (10 Weeks),2026-04-05,2026-04-20,15,UIP-NSK-202604-OPV-125,PHC-NSK-09,nurse_nsk_09,FALSE,Routine UIP session.
NSK-2026-0285,Penta,2,Pentavalent-2 (10 Weeks),2026-04-05,2026-04-17,12,UIP-NSK-202604-PENTA-797,PHC-NSK-09,nurse_nsk_09,FALSE,Routine UIP session.
NSK-2026-0285,Rota,2,Rotavirus-2 (10 Weeks),2026-04-05,2026-04-10,5,UIP-NSK-202604-ROTA-368,PHC-NSK-09,nurse_nsk_09,FALSE,Routine UIP session.
NSK-2026-0285,OPV,4,OPV-3 (14 Weeks),2026-05-03,2026-05-18,15,UIP-NSK-202605-OPV-641,PHC-NSK-09,nurse_nsk_09,FALSE,Routine UIP session.
NSK-2026-0285,Penta,3,Pentavalent-3 (14 Weeks),2026-05-03,2026-05-15,12,UIP-NSK-202605-PENTA-847,PHC-NSK-09,nurse_nsk_09,FALSE,Routine UIP session.
NSK-2026-0285,Rota,3,Rotavirus-3 (14 Weeks),2026-05-03,2026-05-08,5,UIP-NSK-202605-ROTA-960,PHC-NSK-09,nurse_nsk_09,FALSE,Routine UIP session.
NSK-2026-0285,fIPV,2,fIPV-2 (14 Weeks),2026-05-03,2026-05-17,14,UIP-NSK-202605-FIPV-484,PHC-NSK-09,nurse_nsk_09,FALSE,Routine UIP session.
NSK-2026-0285,PCV,2,PCV-2 (14 Weeks),2026-05-03,2026-05-07,4,UIP-NSK-202605-PCV-934,PHC-NSK-09,nurse_nsk_09,FALSE,Routine UIP session.
NSK-2026-0286,BCG,1,BCG (At Birth),2026-07-13,2026-07-13,0,UIP-NSK-202607-BCG-337,PHC-NSK-04,nurse_nsk_04,FALSE,Administered at hospital after delivery.
NSK-2026-0286,OPV,1,OPV Zero Dose (At Birth),2026-07-13,2026-07-13,0,UIP-NSK-202607-OPV-291,PHC-NSK-04,nurse_nsk_04,FALSE,Administered at hospital after delivery.
NSK-2026-0286,HepB,1,Hepatitis B Birth Dose,2026-07-13,2026-07-13,0,UIP-NSK-202607-HEPB-398,PHC-NSK-04,nurse_nsk_04,FALSE,Administered at hospital after delivery.
NSK-2026-0286,OPV,2,OPV-1 (6 Weeks),2026-08-24,2026-08-24,0,UIP-NSK-202608-OPV-997,PHC-NSK-04,nurse_nsk_04,FALSE,Routine UIP session.
NSK-2026-0286,Penta,1,Pentavalent-1 (6 Weeks),2026-08-24,2026-08-24,0,UIP-NSK-202608-PENTA-296,PHC-NSK-04,nurse_nsk_04,FALSE,Routine UIP session.
NSK-2026-0286,Rota,1,Rotavirus-1 (6 Weeks),2026-08-24,2026-08-24,0,UIP-NSK-202608-ROTA-560,PHC-NSK-04,nurse_nsk_04,FALSE,Routine UIP session.
NSK-2026-0286,fIPV,1,fIPV-1 (6 Weeks),2026-08-24,2026-08-24,0,UIP-NSK-202608-FIPV-645,PHC-NSK-04,nurse_nsk_04,FALSE,Routine UIP session.
NSK-2026-0286,PCV,1,PCV-1 (6 Weeks),2026-08-24,2026-08-24,0,UIP-NSK-202608-PCV-180,PHC-NSK-09,nurse_nsk_09,FALSE,Routine UIP session.
NSK-2026-0286,OPV,3,OPV-2 (10 Weeks),2026-09-21,2026-09-23,2,UIP-NSK-202609-OPV-598,PHC-NSK-04,nurse_nsk_04,FALSE,Routine UIP session.
NSK-2026-0286,Penta,2,Pentavalent-2 (10 Weeks),2026-09-21,2026-09-21,0,UIP-NSK-202609-PENTA-461,PHC-NSK-04,nurse_nsk_04,FALSE,Routine UIP session.
NSK-2026-0286,Rota,2,Rotavirus-2 (10 Weeks),2026-09-21,2026-09-21,0,UIP-NSK-202609-ROTA-334,PHC-NSK-04,nurse_nsk_04,FALSE,Routine UIP session.
NSK-2026-0287,BCG,1,BCG (At Birth),2026-07-07,2026-07-07,0,UIP-NSK-202607-BCG-421,PHC-NSK-03,nurse_nsk_03,FALSE,Administered at hospital after delivery.
NSK-2026-0287,OPV,1,OPV Zero Dose (At Birth),2026-07-07,2026-07-07,0,UIP-NSK-202607-OPV-933,PHC-NSK-03,nurse_nsk_03,FALSE,Administered at hospital after delivery.
NSK-2026-0287,HepB,1,Hepatitis B Birth Dose,2026-07-07,2026-07-07,0,UIP-NSK-202607-HEPB-716,PHC-NSK-03,nurse_nsk_03,FALSE,Administered at hospital after delivery.
NSK-2026-0287,OPV,2,OPV-1 (6 Weeks),2026-08-18,2026-08-19,1,UIP-NSK-202608-OPV-875,PHC-NSK-03,nurse_nsk_03,FALSE,Routine UIP session.
NSK-2026-0287,Penta,1,Pentavalent-1 (6 Weeks),2026-08-18,2026-08-18,0,UIP-NSK-202608-PENTA-222,PHC-NSK-03,nurse_nsk_03,FALSE,Routine UIP session.
NSK-2026-0287,Rota,1,Rotavirus-1 (6 Weeks),2026-08-18,2026-08-18,0,UIP-NSK-202608-ROTA-200,PHC-NSK-03,nurse_nsk_03,FALSE,Routine UIP session.
NSK-2026-0287,fIPV,1,fIPV-1 (6 Weeks),2026-08-18,2026-08-18,0,UIP-NSK-202608-FIPV-668,PHC-NSK-03,nurse_nsk_03,FALSE,Routine UIP session.
NSK-2026-0287,PCV,1,PCV-1 (6 Weeks),2026-08-18,2026-08-18,0,UIP-NSK-202608-PCV-384,PHC-NSK-10,nurse_nsk_10,FALSE,Routine UIP session.
NSK-2026-0287,OPV,3,OPV-2 (10 Weeks),2026-09-15,2026-09-21,6,UIP-NSK-202609-OPV-317,PHC-NSK-03,nurse_nsk_03,FALSE,Routine UIP session.
NSK-2026-0287,Penta,2,Pentavalent-2 (10 Weeks),2026-09-15,2026-09-15,0,UIP-NSK-202609-PENTA-803,PHC-NSK-03,nurse_nsk_03,FALSE,Routine UIP session.
NSK-2026-0287,Rota,2,Rotavirus-2 (10 Weeks),2026-09-15,2026-09-15,0,UIP-NSK-202609-ROTA-819,PHC-NSK-03,nurse_nsk_03,TRUE,Mild fever and local swelling; resolved in 48 hours.
NSK-2026-0288,BCG,1,BCG (At Birth),2026-07-15,2026-07-15,0,UIP-NSK-202607-BCG-596,PHC-NSK-07,nurse_nsk_07,FALSE,Administered at hospital after delivery.
NSK-2026-0288,OPV,1,OPV Zero Dose (At Birth),2026-07-15,2026-07-15,0,UIP-NSK-202607-OPV-541,PHC-NSK-07,nurse_nsk_07,FALSE,Administered at hospital after delivery.
NSK-2026-0288,HepB,1,Hepatitis B Birth Dose,2026-07-15,2026-07-15,0,UIP-NSK-202607-HEPB-930,PHC-NSK-07,nurse_nsk_07,FALSE,Administered at hospital after delivery.
NSK-2026-0288,OPV,2,OPV-1 (6 Weeks),2026-08-26,2026-08-30,4,UIP-NSK-202608-OPV-559,PHC-NSK-07,nurse_nsk_07,FALSE,Routine UIP session.
NSK-2026-0288,Penta,1,Pentavalent-1 (6 Weeks),2026-08-26,2026-08-26,0,UIP-NSK-202608-PENTA-650,PHC-NSK-07,nurse_nsk_07,FALSE,Routine UIP session.
NSK-2026-0288,Rota,1,Rotavirus-1 (6 Weeks),2026-08-26,2026-08-26,0,UIP-NSK-202608-ROTA-667,PHC-NSK-07,nurse_nsk_07,FALSE,Routine UIP session.
NSK-2026-0288,fIPV,1,fIPV-1 (6 Weeks),2026-08-26,2026-08-31,5,UIP-NSK-202608-FIPV-365,PHC-NSK-07,nurse_nsk_07,FALSE,Routine UIP session.
NSK-2026-0288,PCV,1,PCV-1 (6 Weeks),2026-08-26,2026-08-28,2,UIP-NSK-202608-PCV-286,PHC-NSK-07,nurse_nsk_07,FALSE,Routine UIP session.
NSK-2026-0288,OPV,3,OPV-2 (10 Weeks),2026-09-23,2026-09-27,4,UIP-NSK-202609-OPV-395,PHC-NSK-07,nurse_nsk_07,FALSE,Routine UIP session.
NSK-2026-0288,Penta,2,Pentavalent-2 (10 Weeks),2026-09-23,2026-09-23,0,UIP-NSK-202609-PENTA-411,PHC-NSK-07,nurse_nsk_07,FALSE,Routine UIP session.
NSK-2026-0288,Rota,2,Rotavirus-2 (10 Weeks),2026-09-23,2026-09-23,0,UIP-NSK-202609-ROTA-150,PHC-NSK-07,nurse_nsk_07,FALSE,Routine UIP session.
NSK-2026-0289,BCG,1,BCG (At Birth),2026-02-20,2026-03-05,13,UIP-NSK-202603-BCG-638,PHC-NSK-04,nurse_nsk_04,FALSE,Routine UIP session.
NSK-2026-0289,OPV,1,OPV Zero Dose (At Birth),2026-02-20,2026-02-20,0,UIP-NSK-202602-OPV-161,PHC-NSK-04,nurse_nsk_04,FALSE,Administered at hospital after delivery.
NSK-2026-0289,HepB,1,Hepatitis B Birth Dose,2026-02-20,2026-02-20,0,UIP-NSK-202602-HEPB-191,PHC-NSK-04,nurse_nsk_04,FALSE,Administered at hospital after delivery.
NSK-2026-0289,OPV,2,OPV-1 (6 Weeks),2026-04-03,2026-04-06,3,UIP-NSK-202604-OPV-331,PHC-NSK-04,nurse_nsk_04,TRUE,Mild fever and local swelling; resolved in 48 hours.
NSK-2026-0289,Penta,1,Pentavalent-1 (6 Weeks),2026-04-03,2026-04-07,4,UIP-NSK-202604-PENTA-579,PHC-NSK-04,nurse_nsk_04,FALSE,Routine UIP session.
NSK-2026-0289,Rota,1,Rotavirus-1 (6 Weeks),2026-04-03,2026-04-12,9,UIP-NSK-202604-ROTA-486,PHC-NSK-04,nurse_nsk_04,FALSE,Routine UIP session.
NSK-2026-0289,fIPV,1,fIPV-1 (6 Weeks),2026-04-03,2026-04-21,18,UIP-NSK-202604-FIPV-129,PHC-NSK-06,nurse_nsk_06,FALSE,Routine UIP session.
NSK-2026-0289,PCV,1,PCV-1 (6 Weeks),2026-04-03,2026-04-11,8,UIP-NSK-202604-PCV-278,PHC-NSK-04,nurse_nsk_04,FALSE,Routine UIP session.
NSK-2026-0289,OPV,3,OPV-2 (10 Weeks),2026-05-01,2026-05-04,3,UIP-NSK-202605-OPV-246,PHC-NSK-04,nurse_nsk_04,FALSE,Routine UIP session.
NSK-2026-0289,Penta,2,Pentavalent-2 (10 Weeks),2026-05-01,2026-05-07,6,UIP-NSK-202605-PENTA-737,PHC-NSK-03,nurse_nsk_03,FALSE,Routine UIP session.
NSK-2026-0289,Rota,2,Rotavirus-2 (10 Weeks),2026-05-01,2026-05-10,9,UIP-NSK-202605-ROTA-161,PHC-NSK-04,nurse_nsk_04,FALSE,Routine UIP session.
NSK-2026-0289,OPV,4,OPV-3 (14 Weeks),2026-05-29,2026-06-01,3,UIP-NSK-202606-OPV-723,PHC-NSK-04,nurse_nsk_04,FALSE,Routine UIP session.
NSK-2026-0289,Penta,3,Pentavalent-3 (14 Weeks),2026-05-29,2026-06-14,16,UIP-NSK-202606-PENTA-376,PHC-NSK-04,nurse_nsk_04,FALSE,Routine UIP session.
NSK-2026-0289,Rota,3,Rotavirus-3 (14 Weeks),2026-05-29,2026-06-07,9,UIP-NSK-202606-ROTA-709,PHC-NSK-04,nurse_nsk_04,FALSE,Routine UIP session.
NSK-2026-0289,fIPV,2,fIPV-2 (14 Weeks),2026-05-29,2026-06-08,10,UIP-NSK-202606-FIPV-248,PHC-NSK-04,nurse_nsk_04,FALSE,Routine UIP session.
NSK-2026-0289,PCV,2,PCV-2 (14 Weeks),2026-05-29,2026-05-31,2,UIP-NSK-202605-PCV-154,PHC-NSK-04,nurse_nsk_04,FALSE,Routine UIP session.
NSK-2026-0290,BCG,1,BCG (At Birth),2026-02-05,2026-02-05,0,UIP-NSK-202602-BCG-243,PHC-NSK-08,nurse_nsk_08,FALSE,Administered at hospital after delivery.
NSK-2026-0290,OPV,1,OPV Zero Dose (At Birth),2026-02-05,2026-02-05,0,UIP-NSK-202602-OPV-284,PHC-NSK-08,nurse_nsk_08,FALSE,Administered at hospital after delivery.
NSK-2026-0290,HepB,1,Hepatitis B Birth Dose,2026-02-05,2026-02-05,0,UIP-NSK-202602-HEPB-168,PHC-NSK-08,nurse_nsk_08,FALSE,Administered at hospital after delivery.
NSK-2026-0290,Penta,1,Pentavalent-1 (6 Weeks),2026-03-19,2026-03-22,3,UIP-NSK-202603-PENTA-200,PHC-NSK-08,nurse_nsk_08,FALSE,Routine UIP session.
NSK-2026-0290,Rota,1,Rotavirus-1 (6 Weeks),2026-03-19,2026-03-25,6,UIP-NSK-202603-ROTA-477,PHC-NSK-08,nurse_nsk_08,FALSE,Routine UIP session.
NSK-2026-0290,fIPV,1,fIPV-1 (6 Weeks),2026-03-19,2026-03-28,9,UIP-NSK-202603-FIPV-268,PHC-NSK-08,nurse_nsk_08,FALSE,Routine UIP session.
NSK-2026-0290,PCV,1,PCV-1 (6 Weeks),2026-03-19,2026-03-28,9,UIP-NSK-202603-PCV-506,PHC-NSK-08,nurse_nsk_08,FALSE,Routine UIP session.
NSK-2026-0290,Penta,2,Pentavalent-2 (10 Weeks),2026-04-16,2026-04-24,8,UIP-NSK-202604-PENTA-722,PHC-NSK-08,nurse_nsk_08,FALSE,Routine UIP session.
NSK-2026-0290,Penta,3,Pentavalent-3 (14 Weeks),2026-05-14,2026-05-22,8,UIP-NSK-202605-PENTA-559,PHC-NSK-08,nurse_nsk_08,FALSE,Routine UIP session.
NSK-2026-0290,Rota,3,Rotavirus-3 (14 Weeks),2026-05-14,2026-05-27,13,UIP-NSK-202605-ROTA-773,PHC-NSK-08,nurse_nsk_08,FALSE,Routine UIP session.
NSK-2026-0290,fIPV,2,fIPV-2 (14 Weeks),2026-05-14,2026-05-31,17,UIP-NSK-202605-FIPV-202,PHC-NSK-08,nurse_nsk_08,FALSE,Routine UIP session.
NSK-2026-0290,PCV,2,PCV-2 (14 Weeks),2026-05-14,2026-05-15,1,UIP-NSK-202605-PCV-452,PHC-NSK-08,nurse_nsk_08,FALSE,Routine UIP session.
NSK-2026-0291,BCG,1,BCG (At Birth),2026-07-20,2026-07-20,0,UIP-NSK-202607-BCG-638,PHC-NSK-03,nurse_nsk_03,FALSE,Administered at hospital after delivery.
NSK-2026-0291,OPV,1,OPV Zero Dose (At Birth),2026-07-20,2026-07-20,0,UIP-NSK-202607-OPV-490,PHC-NSK-03,nurse_nsk_03,FALSE,Administered at hospital after delivery.
NSK-2026-0291,HepB,1,Hepatitis B Birth Dose,2026-07-20,2026-07-20,0,UIP-NSK-202607-HEPB-767,PHC-NSK-03,nurse_nsk_03,FALSE,Administered at hospital after delivery.
NSK-2026-0291,OPV,2,OPV-1 (6 Weeks),2026-08-31,2026-09-14,14,UIP-NSK-202609-OPV-571,PHC-NSK-03,nurse_nsk_03,FALSE,Routine UIP session.
NSK-2026-0291,Rota,1,Rotavirus-1 (6 Weeks),2026-08-31,2026-09-13,13,UIP-NSK-202609-ROTA-644,PHC-NSK-03,nurse_nsk_03,FALSE,Routine UIP session.
NSK-2026-0291,PCV,1,PCV-1 (6 Weeks),2026-08-31,2026-09-11,11,UIP-NSK-202609-PCV-343,PHC-NSK-03,nurse_nsk_03,FALSE,Routine UIP session.
NSK-2026-0292,BCG,1,BCG (At Birth),2026-05-06,2026-05-06,0,UIP-NSK-202605-BCG-667,PHC-NSK-04,nurse_nsk_04,FALSE,Administered at hospital after delivery.
NSK-2026-0292,OPV,1,OPV Zero Dose (At Birth),2026-05-06,2026-05-06,0,UIP-NSK-202605-OPV-220,PHC-NSK-04,nurse_nsk_04,FALSE,Administered at hospital after delivery.
NSK-2026-0292,HepB,1,Hepatitis B Birth Dose,2026-05-06,2026-05-06,0,UIP-NSK-202605-HEPB-788,PHC-NSK-04,nurse_nsk_04,FALSE,Administered at hospital after delivery.
NSK-2026-0292,OPV,2,OPV-1 (6 Weeks),2026-06-17,2026-06-26,9,UIP-NSK-202606-OPV-432,PHC-NSK-04,nurse_nsk_04,FALSE,Routine UIP session.
NSK-2026-0292,Penta,1,Pentavalent-1 (6 Weeks),2026-06-17,2026-07-03,16,UIP-NSK-202607-PENTA-940,PHC-NSK-04,nurse_nsk_04,FALSE,Routine UIP session.
NSK-2026-0292,Rota,1,Rotavirus-1 (6 Weeks),2026-06-17,2026-06-21,4,UIP-NSK-202606-ROTA-976,PHC-NSK-04,nurse_nsk_04,FALSE,Routine UIP session.
NSK-2026-0292,fIPV,1,fIPV-1 (6 Weeks),2026-06-17,2026-06-25,8,UIP-NSK-202606-FIPV-210,PHC-NSK-04,nurse_nsk_04,FALSE,Routine UIP session.
NSK-2026-0292,OPV,3,OPV-2 (10 Weeks),2026-07-15,2026-07-24,9,UIP-NSK-202607-OPV-294,PHC-NSK-04,nurse_nsk_04,FALSE,Routine UIP session.
NSK-2026-0292,Penta,2,Pentavalent-2 (10 Weeks),2026-07-15,2026-07-31,16,UIP-NSK-202607-PENTA-117,PHC-NSK-04,nurse_nsk_04,FALSE,Routine UIP session.
NSK-2026-0292,Rota,2,Rotavirus-2 (10 Weeks),2026-07-15,2026-07-20,5,UIP-NSK-202607-ROTA-773,PHC-NSK-04,nurse_nsk_04,FALSE,Routine UIP session.
NSK-2026-0292,OPV,4,OPV-3 (14 Weeks),2026-08-12,2026-08-21,9,UIP-NSK-202608-OPV-325,PHC-NSK-04,nurse_nsk_04,FALSE,Routine UIP session.
NSK-2026-0292,Rota,3,Rotavirus-3 (14 Weeks),2026-08-12,2026-08-17,5,UIP-NSK-202608-ROTA-215,PHC-NSK-04,nurse_nsk_04,FALSE,Routine UIP session.
NSK-2026-0292,fIPV,2,fIPV-2 (14 Weeks),2026-08-12,2026-08-23,11,UIP-NSK-202608-FIPV-193,PHC-NSK-04,nurse_nsk_04,FALSE,Routine UIP session.
NSK-2026-0292,PCV,2,PCV-2 (14 Weeks),2026-08-12,2026-08-18,6,UIP-NSK-202608-PCV-943,PHC-NSK-04,nurse_nsk_04,FALSE,Routine UIP session.
NSK-2026-0293,BCG,1,BCG (At Birth),2026-02-13,2026-02-13,0,UIP-NSK-202602-BCG-920,PHC-NSK-04,nurse_nsk_04,FALSE,Administered at hospital after delivery.
NSK-2026-0293,OPV,1,OPV Zero Dose (At Birth),2026-02-13,2026-02-13,0,UIP-NSK-202602-OPV-158,PHC-NSK-04,nurse_nsk_04,FALSE,Administered at hospital after delivery.
NSK-2026-0293,HepB,1,Hepatitis B Birth Dose,2026-02-13,2026-02-13,0,UIP-NSK-202602-HEPB-364,PHC-NSK-04,nurse_nsk_04,FALSE,Administered at hospital after delivery.
NSK-2026-0293,OPV,2,OPV-1 (6 Weeks),2026-03-27,2026-03-27,0,UIP-NSK-202603-OPV-340,PHC-NSK-04,nurse_nsk_04,FALSE,Routine UIP session.
NSK-2026-0293,Penta,1,Pentavalent-1 (6 Weeks),2026-03-27,2026-03-27,0,UIP-NSK-202603-PENTA-879,PHC-NSK-05,nurse_nsk_05,FALSE,Routine UIP session.
NSK-2026-0293,Rota,1,Rotavirus-1 (6 Weeks),2026-03-27,2026-03-27,0,UIP-NSK-202603-ROTA-424,PHC-NSK-04,nurse_nsk_04,FALSE,Routine UIP session.
NSK-2026-0293,fIPV,1,fIPV-1 (6 Weeks),2026-03-27,2026-03-27,0,UIP-NSK-202603-FIPV-102,PHC-NSK-04,nurse_nsk_04,FALSE,Routine UIP session.
NSK-2026-0293,PCV,1,PCV-1 (6 Weeks),2026-03-27,2026-03-27,0,UIP-NSK-202603-PCV-148,PHC-NSK-04,nurse_nsk_04,FALSE,Routine UIP session.
NSK-2026-0293,OPV,3,OPV-2 (10 Weeks),2026-04-24,2026-04-24,0,UIP-NSK-202604-OPV-947,PHC-NSK-04,nurse_nsk_04,FALSE,Routine UIP session.
NSK-2026-0293,Penta,2,Pentavalent-2 (10 Weeks),2026-04-24,2026-04-24,0,UIP-NSK-202604-PENTA-546,PHC-NSK-04,nurse_nsk_04,FALSE,Routine UIP session.
NSK-2026-0293,Rota,2,Rotavirus-2 (10 Weeks),2026-04-24,2026-04-26,2,UIP-NSK-202604-ROTA-488,PHC-NSK-01,nurse_nsk_01,FALSE,Routine UIP session.
NSK-2026-0293,OPV,4,OPV-3 (14 Weeks),2026-05-22,2026-05-22,0,UIP-NSK-202605-OPV-117,PHC-NSK-04,nurse_nsk_04,FALSE,Routine UIP session.
NSK-2026-0293,Penta,3,Pentavalent-3 (14 Weeks),2026-05-22,2026-05-23,1,UIP-NSK-202605-PENTA-967,PHC-NSK-04,nurse_nsk_04,FALSE,Routine UIP session.
NSK-2026-0293,Rota,3,Rotavirus-3 (14 Weeks),2026-05-22,2026-05-29,7,UIP-NSK-202605-ROTA-589,PHC-NSK-04,nurse_nsk_04,FALSE,Routine UIP session.
NSK-2026-0293,fIPV,2,fIPV-2 (14 Weeks),2026-05-22,2026-05-25,3,UIP-NSK-202605-FIPV-581,PHC-NSK-04,nurse_nsk_04,FALSE,Routine UIP session.
NSK-2026-0293,PCV,2,PCV-2 (14 Weeks),2026-05-22,2026-05-22,0,UIP-NSK-202605-PCV-631,PHC-NSK-04,nurse_nsk_04,FALSE,Routine UIP session.
NSK-2026-0294,BCG,1,BCG (At Birth),2026-04-26,2026-04-26,0,UIP-NSK-202604-BCG-773,PHC-NSK-05,nurse_nsk_05,FALSE,Administered at hospital after delivery.
NSK-2026-0294,OPV,1,OPV Zero Dose (At Birth),2026-04-26,2026-04-26,0,UIP-NSK-202604-OPV-598,PHC-NSK-05,nurse_nsk_05,FALSE,Administered at hospital after delivery.
NSK-2026-0294,HepB,1,Hepatitis B Birth Dose,2026-04-26,2026-04-26,0,UIP-NSK-202604-HEPB-977,PHC-NSK-05,nurse_nsk_05,FALSE,Administered at hospital after delivery.
NSK-2026-0294,OPV,2,OPV-1 (6 Weeks),2026-06-07,2026-06-07,0,UIP-NSK-202606-OPV-235,PHC-NSK-05,nurse_nsk_05,FALSE,Routine UIP session.
NSK-2026-0294,Penta,1,Pentavalent-1 (6 Weeks),2026-06-07,2026-06-07,0,UIP-NSK-202606-PENTA-486,PHC-NSK-05,nurse_nsk_05,FALSE,Routine UIP session.
NSK-2026-0294,Rota,1,Rotavirus-1 (6 Weeks),2026-06-07,2026-06-08,1,UIP-NSK-202606-ROTA-351,PHC-NSK-05,nurse_nsk_05,FALSE,Routine UIP session.
NSK-2026-0294,fIPV,1,fIPV-1 (6 Weeks),2026-06-07,2026-06-09,2,UIP-NSK-202606-FIPV-198,PHC-NSK-05,nurse_nsk_05,FALSE,Routine UIP session.
NSK-2026-0294,PCV,1,PCV-1 (6 Weeks),2026-06-07,2026-06-07,0,UIP-NSK-202606-PCV-903,PHC-NSK-05,nurse_nsk_05,FALSE,Routine UIP session.
NSK-2026-0294,OPV,3,OPV-2 (10 Weeks),2026-07-05,2026-07-06,1,UIP-NSK-202607-OPV-553,PHC-NSK-05,nurse_nsk_05,FALSE,Routine UIP session.
NSK-2026-0294,Penta,2,Pentavalent-2 (10 Weeks),2026-07-05,2026-07-08,3,UIP-NSK-202607-PENTA-647,PHC-NSK-05,nurse_nsk_05,FALSE,Routine UIP session.
NSK-2026-0294,Rota,2,Rotavirus-2 (10 Weeks),2026-07-05,2026-07-06,1,UIP-NSK-202607-ROTA-916,PHC-NSK-05,nurse_nsk_05,FALSE,Routine UIP session.
NSK-2026-0294,OPV,4,OPV-3 (14 Weeks),2026-08-02,2026-08-05,3,UIP-NSK-202608-OPV-919,PHC-NSK-08,nurse_nsk_08,FALSE,Routine UIP session.
NSK-2026-0294,Penta,3,Pentavalent-3 (14 Weeks),2026-08-02,2026-08-05,3,UIP-NSK-202608-PENTA-798,PHC-NSK-05,nurse_nsk_05,FALSE,Routine UIP session.
NSK-2026-0294,Rota,3,Rotavirus-3 (14 Weeks),2026-08-02,2026-08-03,1,UIP-NSK-202608-ROTA-122,PHC-NSK-05,nurse_nsk_05,FALSE,Routine UIP session.
NSK-2026-0294,fIPV,2,fIPV-2 (14 Weeks),2026-08-02,2026-08-05,3,UIP-NSK-202608-FIPV-564,PHC-NSK-05,nurse_nsk_05,FALSE,Routine UIP session.
NSK-2026-0294,PCV,2,PCV-2 (14 Weeks),2026-08-02,2026-08-02,0,UIP-NSK-202608-PCV-110,PHC-NSK-05,nurse_nsk_05,FALSE,Routine UIP session.
NSK-2026-0295,BCG,1,BCG (At Birth),2026-03-11,2026-03-11,0,UIP-NSK-202603-BCG-694,PHC-NSK-03,nurse_nsk_03,FALSE,Administered at hospital after delivery.
NSK-2026-0295,OPV,1,OPV Zero Dose (At Birth),2026-03-11,2026-03-11,0,UIP-NSK-202603-OPV-785,PHC-NSK-03,nurse_nsk_03,FALSE,Administered at hospital after delivery.
NSK-2026-0295,HepB,1,Hepatitis B Birth Dose,2026-03-11,2026-03-11,0,UIP-NSK-202603-HEPB-408,PHC-NSK-03,nurse_nsk_03,FALSE,Administered at hospital after delivery.
NSK-2026-0295,OPV,2,OPV-1 (6 Weeks),2026-04-22,2026-04-22,0,UIP-NSK-202604-OPV-745,PHC-NSK-03,nurse_nsk_03,FALSE,Routine UIP session.
NSK-2026-0295,Penta,1,Pentavalent-1 (6 Weeks),2026-04-22,2026-04-23,1,UIP-NSK-202604-PENTA-555,PHC-NSK-03,nurse_nsk_03,FALSE,Routine UIP session.
NSK-2026-0295,Rota,1,Rotavirus-1 (6 Weeks),2026-04-22,2026-04-22,0,UIP-NSK-202604-ROTA-807,PHC-NSK-03,nurse_nsk_03,FALSE,Routine UIP session.
NSK-2026-0295,fIPV,1,fIPV-1 (6 Weeks),2026-04-22,2026-04-22,0,UIP-NSK-202604-FIPV-466,PHC-NSK-03,nurse_nsk_03,FALSE,Routine UIP session.
NSK-2026-0295,OPV,3,OPV-2 (10 Weeks),2026-05-20,2026-05-20,0,UIP-NSK-202605-OPV-811,PHC-NSK-03,nurse_nsk_03,FALSE,Routine UIP session.
NSK-2026-0295,Penta,2,Pentavalent-2 (10 Weeks),2026-05-20,2026-05-21,1,UIP-NSK-202605-PENTA-648,PHC-NSK-03,nurse_nsk_03,FALSE,Routine UIP session.
NSK-2026-0295,Rota,2,Rotavirus-2 (10 Weeks),2026-05-20,2026-05-20,0,UIP-NSK-202605-ROTA-560,PHC-NSK-03,nurse_nsk_03,FALSE,Routine UIP session.
NSK-2026-0295,OPV,4,OPV-3 (14 Weeks),2026-06-17,2026-06-18,1,UIP-NSK-202606-OPV-324,PHC-NSK-03,nurse_nsk_03,FALSE,Routine UIP session.
NSK-2026-0295,Penta,3,Pentavalent-3 (14 Weeks),2026-06-17,2026-06-18,1,UIP-NSK-202606-PENTA-964,PHC-NSK-07,nurse_nsk_07,FALSE,Routine UIP session.
NSK-2026-0295,Rota,3,Rotavirus-3 (14 Weeks),2026-06-17,2026-06-19,2,UIP-NSK-202606-ROTA-431,PHC-NSK-03,nurse_nsk_03,FALSE,Routine UIP session.
NSK-2026-0295,fIPV,2,fIPV-2 (14 Weeks),2026-06-17,2026-06-17,0,UIP-NSK-202606-FIPV-744,PHC-NSK-03,nurse_nsk_03,FALSE,Routine UIP session.
NSK-2026-0296,BCG,1,BCG (At Birth),2026-05-25,2026-05-25,0,UIP-NSK-202605-BCG-141,PHC-NSK-04,nurse_nsk_04,FALSE,Administered at hospital after delivery.
NSK-2026-0296,Penta,1,Pentavalent-1 (6 Weeks),2026-07-06,2026-08-29,54,UIP-NSK-202608-PENTA-181,PHC-NSK-04,nurse_nsk_04,FALSE,Routine UIP session.
NSK-2026-0296,Rota,1,Rotavirus-1 (6 Weeks),2026-07-06,2026-08-02,27,UIP-NSK-202608-ROTA-949,PHC-NSK-04,nurse_nsk_04,FALSE,Routine UIP session.
NSK-2026-0296,fIPV,1,fIPV-1 (6 Weeks),2026-07-06,2026-08-06,31,UIP-NSK-202608-FIPV-208,PHC-NSK-04,nurse_nsk_04,FALSE,Routine UIP session.
NSK-2026-0296,PCV,1,PCV-1 (6 Weeks),2026-07-06,2026-08-15,40,UIP-NSK-202608-PCV-490,PHC-NSK-04,nurse_nsk_04,FALSE,Routine UIP session.
NSK-2026-0296,Penta,2,Pentavalent-2 (10 Weeks),2026-08-03,2026-09-26,54,UIP-NSK-202609-PENTA-646,PHC-NSK-04,nurse_nsk_04,FALSE,Routine UIP session.
NSK-2026-0296,Rota,2,Rotavirus-2 (10 Weeks),2026-08-03,2026-09-22,50,UIP-NSK-202609-ROTA-239,PHC-NSK-04,nurse_nsk_04,FALSE,Routine UIP session.
NSK-2026-0296,fIPV,2,fIPV-2 (14 Weeks),2026-08-31,2026-10-02,32,UIP-NSK-202610-FIPV-291,PHC-NSK-04,nurse_nsk_04,FALSE,Routine UIP session.
NSK-2026-0297,BCG,1,BCG (At Birth),2026-06-23,2026-06-23,0,UIP-NSK-202606-BCG-881,PHC-NSK-02,nurse_nsk_02,FALSE,Administered at hospital after delivery.
NSK-2026-0297,OPV,1,OPV Zero Dose (At Birth),2026-06-23,2026-06-23,0,UIP-NSK-202606-OPV-575,PHC-NSK-02,nurse_nsk_02,FALSE,Administered at hospital after delivery.
NSK-2026-0297,HepB,1,Hepatitis B Birth Dose,2026-06-23,2026-06-23,0,UIP-NSK-202606-HEPB-107,PHC-NSK-02,nurse_nsk_02,FALSE,Administered at hospital after delivery.
NSK-2026-0297,OPV,2,OPV-1 (6 Weeks),2026-08-04,2026-08-05,1,UIP-NSK-202608-OPV-191,PHC-NSK-05,nurse_nsk_05,FALSE,Routine UIP session.
NSK-2026-0297,Rota,1,Rotavirus-1 (6 Weeks),2026-08-04,2026-08-04,0,UIP-NSK-202608-ROTA-952,PHC-NSK-02,nurse_nsk_02,FALSE,Routine UIP session.
NSK-2026-0297,fIPV,1,fIPV-1 (6 Weeks),2026-08-04,2026-08-04,0,UIP-NSK-202608-FIPV-687,PHC-NSK-02,nurse_nsk_02,FALSE,Routine UIP session.
NSK-2026-0297,PCV,1,PCV-1 (6 Weeks),2026-08-04,2026-08-04,0,UIP-NSK-202608-PCV-262,PHC-NSK-02,nurse_nsk_02,FALSE,Routine UIP session.
NSK-2026-0297,OPV,3,OPV-2 (10 Weeks),2026-09-01,2026-09-02,1,UIP-NSK-202609-OPV-227,PHC-NSK-02,nurse_nsk_02,FALSE,Routine UIP session.
NSK-2026-0297,Penta,2,Pentavalent-2 (10 Weeks),2026-09-01,2026-09-02,1,UIP-NSK-202609-PENTA-200,PHC-NSK-02,nurse_nsk_02,FALSE,Routine UIP session.
NSK-2026-0297,Rota,2,Rotavirus-2 (10 Weeks),2026-09-01,2026-09-01,0,UIP-NSK-202609-ROTA-903,PHC-NSK-02,nurse_nsk_02,FALSE,Routine UIP session.
NSK-2026-0297,OPV,4,OPV-3 (14 Weeks),2026-09-29,2026-09-30,1,UIP-NSK-202609-OPV-507,PHC-NSK-02,nurse_nsk_02,FALSE,Routine UIP session.
NSK-2026-0297,Penta,3,Pentavalent-3 (14 Weeks),2026-09-29,2026-09-30,1,UIP-NSK-202609-PENTA-382,PHC-NSK-02,nurse_nsk_02,FALSE,Routine UIP session.
NSK-2026-0297,Rota,3,Rotavirus-3 (14 Weeks),2026-09-29,2026-09-30,1,UIP-NSK-202609-ROTA-355,PHC-NSK-02,nurse_nsk_02,FALSE,Routine UIP session.
NSK-2026-0297,fIPV,2,fIPV-2 (14 Weeks),2026-09-29,2026-09-29,0,UIP-NSK-202609-FIPV-418,PHC-NSK-08,nurse_nsk_08,FALSE,Routine UIP session.
NSK-2026-0297,PCV,2,PCV-2 (14 Weeks),2026-09-29,2026-10-01,2,UIP-NSK-202610-PCV-338,PHC-NSK-02,nurse_nsk_02,FALSE,Routine UIP session.
NSK-2026-0298,BCG,1,BCG (At Birth),2026-06-04,2026-06-04,0,UIP-NSK-202606-BCG-796,PHC-NSK-10,nurse_nsk_10,FALSE,Administered at hospital after delivery.
NSK-2026-0298,OPV,1,OPV Zero Dose (At Birth),2026-06-04,2026-06-04,0,UIP-NSK-202606-OPV-195,PHC-NSK-10,nurse_nsk_10,FALSE,Administered at hospital after delivery.
NSK-2026-0298,HepB,1,Hepatitis B Birth Dose,2026-06-04,2026-06-04,0,UIP-NSK-202606-HEPB-513,PHC-NSK-10,nurse_nsk_10,FALSE,Administered at hospital after delivery.
NSK-2026-0298,OPV,2,OPV-1 (6 Weeks),2026-07-16,2026-07-16,0,UIP-NSK-202607-OPV-371,PHC-NSK-10,nurse_nsk_10,FALSE,Routine UIP session.
NSK-2026-0298,Penta,1,Pentavalent-1 (6 Weeks),2026-07-16,2026-07-17,1,UIP-NSK-202607-PENTA-254,PHC-NSK-05,nurse_nsk_05,FALSE,Routine UIP session.
NSK-2026-0298,Rota,1,Rotavirus-1 (6 Weeks),2026-07-16,2026-07-16,0,UIP-NSK-202607-ROTA-801,PHC-NSK-04,nurse_nsk_04,FALSE,Routine UIP session.
NSK-2026-0298,fIPV,1,fIPV-1 (6 Weeks),2026-07-16,2026-07-19,3,UIP-NSK-202607-FIPV-312,PHC-NSK-10,nurse_nsk_10,FALSE,Routine UIP session.
NSK-2026-0298,PCV,1,PCV-1 (6 Weeks),2026-07-16,2026-07-16,0,UIP-NSK-202607-PCV-834,PHC-NSK-10,nurse_nsk_10,FALSE,Routine UIP session.
NSK-2026-0298,OPV,3,OPV-2 (10 Weeks),2026-08-13,2026-08-14,1,UIP-NSK-202608-OPV-594,PHC-NSK-10,nurse_nsk_10,FALSE,Routine UIP session.
NSK-2026-0298,Penta,2,Pentavalent-2 (10 Weeks),2026-08-13,2026-08-14,1,UIP-NSK-202608-PENTA-354,PHC-NSK-10,nurse_nsk_10,FALSE,Routine UIP session.
NSK-2026-0298,Rota,2,Rotavirus-2 (10 Weeks),2026-08-13,2026-08-16,3,UIP-NSK-202608-ROTA-542,PHC-NSK-01,nurse_nsk_01,FALSE,Routine UIP session.
NSK-2026-0298,OPV,4,OPV-3 (14 Weeks),2026-09-10,2026-09-14,4,UIP-NSK-202609-OPV-329,PHC-NSK-10,nurse_nsk_10,FALSE,Routine UIP session.
NSK-2026-0298,Penta,3,Pentavalent-3 (14 Weeks),2026-09-10,2026-09-11,1,UIP-NSK-202609-PENTA-176,PHC-NSK-10,nurse_nsk_10,FALSE,Routine UIP session.
NSK-2026-0298,Rota,3,Rotavirus-3 (14 Weeks),2026-09-10,2026-09-13,3,UIP-NSK-202609-ROTA-688,PHC-NSK-10,nurse_nsk_10,FALSE,Routine UIP session.
NSK-2026-0298,fIPV,2,fIPV-2 (14 Weeks),2026-09-10,2026-09-11,1,UIP-NSK-202609-FIPV-140,PHC-NSK-10,nurse_nsk_10,FALSE,Routine UIP session.
NSK-2026-0298,PCV,2,PCV-2 (14 Weeks),2026-09-10,2026-09-10,0,UIP-NSK-202609-PCV-983,PHC-NSK-10,nurse_nsk_10,FALSE,Routine UIP session.
NSK-2026-0299,BCG,1,BCG (At Birth),2026-04-28,2026-04-28,0,UIP-NSK-202604-BCG-543,PHC-NSK-03,nurse_nsk_03,FALSE,Administered at hospital after delivery.
NSK-2026-0299,OPV,1,OPV Zero Dose (At Birth),2026-04-28,2026-04-28,0,UIP-NSK-202604-OPV-157,PHC-NSK-07,nurse_nsk_07,FALSE,Administered at hospital after delivery.
NSK-2026-0299,HepB,1,Hepatitis B Birth Dose,2026-04-28,2026-04-28,0,UIP-NSK-202604-HEPB-938,PHC-NSK-07,nurse_nsk_07,FALSE,Administered at hospital after delivery.
NSK-2026-0299,OPV,2,OPV-1 (6 Weeks),2026-06-09,2026-06-13,4,UIP-NSK-202606-OPV-193,PHC-NSK-07,nurse_nsk_07,FALSE,Routine UIP session.
NSK-2026-0299,Penta,1,Pentavalent-1 (6 Weeks),2026-06-09,2026-06-16,7,UIP-NSK-202606-PENTA-972,PHC-NSK-07,nurse_nsk_07,FALSE,Routine UIP session.
NSK-2026-0299,Rota,1,Rotavirus-1 (6 Weeks),2026-06-09,2026-06-21,12,UIP-NSK-202606-ROTA-810,PHC-NSK-07,nurse_nsk_07,FALSE,Routine UIP session.
NSK-2026-0299,fIPV,1,fIPV-1 (6 Weeks),2026-06-09,2026-06-15,6,UIP-NSK-202606-FIPV-522,PHC-NSK-07,nurse_nsk_07,FALSE,Routine UIP session.
NSK-2026-0299,PCV,1,PCV-1 (6 Weeks),2026-06-09,2026-06-21,12,UIP-NSK-202606-PCV-880,PHC-NSK-07,nurse_nsk_07,FALSE,Routine UIP session.
NSK-2026-0299,OPV,3,OPV-2 (10 Weeks),2026-07-07,2026-07-17,10,UIP-NSK-202607-OPV-590,PHC-NSK-07,nurse_nsk_07,FALSE,Routine UIP session.
NSK-2026-0299,Penta,2,Pentavalent-2 (10 Weeks),2026-07-07,2026-07-14,7,UIP-NSK-202607-PENTA-969,PHC-NSK-02,nurse_nsk_02,FALSE,Routine UIP session.
NSK-2026-0299,Rota,2,Rotavirus-2 (10 Weeks),2026-07-07,2026-07-23,16,UIP-NSK-202607-ROTA-193,PHC-NSK-07,nurse_nsk_07,FALSE,Routine UIP session.
NSK-2026-0299,Penta,3,Pentavalent-3 (14 Weeks),2026-08-04,2026-08-11,7,UIP-NSK-202608-PENTA-299,PHC-NSK-07,nurse_nsk_07,FALSE,Routine UIP session.
NSK-2026-0299,Rota,3,Rotavirus-3 (14 Weeks),2026-08-04,2026-08-20,16,UIP-NSK-202608-ROTA-511,PHC-NSK-07,nurse_nsk_07,FALSE,Routine UIP session.
NSK-2026-0299,fIPV,2,fIPV-2 (14 Weeks),2026-08-04,2026-08-11,7,UIP-NSK-202608-FIPV-651,PHC-NSK-07,nurse_nsk_07,FALSE,Routine UIP session.
NSK-2026-0299,PCV,2,PCV-2 (14 Weeks),2026-08-04,2026-08-15,11,UIP-NSK-202608-PCV-830,PHC-NSK-07,nurse_nsk_07,FALSE,Routine UIP session.
NSK-2026-0300,OPV,1,OPV Zero Dose (At Birth),2026-01-28,2026-01-28,0,UIP-NSK-202601-OPV-893,PHC-NSK-01,nurse_nsk_01,FALSE,Administered at hospital after delivery.
NSK-2026-0300,HepB,1,Hepatitis B Birth Dose,2026-01-28,2026-01-28,0,UIP-NSK-202601-HEPB-342,PHC-NSK-01,nurse_nsk_01,FALSE,Administered at hospital after delivery.
NSK-2026-0300,OPV,2,OPV-1 (6 Weeks),2026-03-11,2026-04-18,38,UIP-NSK-202604-OPV-398,PHC-NSK-01,nurse_nsk_01,FALSE,Routine UIP session.
NSK-2026-0300,Penta,1,Pentavalent-1 (6 Weeks),2026-03-11,2026-05-07,57,UIP-NSK-202605-PENTA-766,PHC-NSK-01,nurse_nsk_01,FALSE,Routine UIP session.
NSK-2026-0300,Rota,1,Rotavirus-1 (6 Weeks),2026-03-11,2026-05-03,53,UIP-NSK-202605-ROTA-637,PHC-NSK-01,nurse_nsk_01,FALSE,Routine UIP session.
NSK-2026-0300,fIPV,1,fIPV-1 (6 Weeks),2026-03-11,2026-04-07,27,UIP-NSK-202604-FIPV-419,PHC-NSK-01,nurse_nsk_01,FALSE,Routine UIP session.
NSK-2026-0300,PCV,1,PCV-1 (6 Weeks),2026-03-11,2026-04-09,29,UIP-NSK-202604-PCV-932,PHC-NSK-01,nurse_nsk_01,FALSE,Routine UIP session.
NSK-2026-0300,OPV,3,OPV-2 (10 Weeks),2026-04-08,2026-05-16,38,UIP-NSK-202605-OPV-463,PHC-NSK-01,nurse_nsk_01,FALSE,Routine UIP session.
NSK-2026-0300,fIPV,2,fIPV-2 (14 Weeks),2026-05-06,2026-05-16,10,UIP-NSK-202605-FIPV-809,PHC-NSK-01,nurse_nsk_01,FALSE,Routine UIP session.
NSK-2026-0301,BCG,1,BCG (At Birth),2026-05-03,2026-05-03,0,UIP-NSK-202605-BCG-239,PHC-NSK-02,nurse_nsk_02,FALSE,Administered at hospital after delivery.
NSK-2026-0301,OPV,1,OPV Zero Dose (At Birth),2026-05-03,2026-05-03,0,UIP-NSK-202605-OPV-859,PHC-NSK-02,nurse_nsk_02,FALSE,Administered at hospital after delivery.
NSK-2026-0301,HepB,1,Hepatitis B Birth Dose,2026-05-03,2026-05-03,0,UIP-NSK-202605-HEPB-319,PHC-NSK-02,nurse_nsk_02,FALSE,Administered at hospital after delivery.
NSK-2026-0301,OPV,2,OPV-1 (6 Weeks),2026-06-14,2026-06-19,5,UIP-NSK-202606-OPV-163,PHC-NSK-02,nurse_nsk_02,FALSE,Routine UIP session.
NSK-2026-0301,Penta,1,Pentavalent-1 (6 Weeks),2026-06-14,2026-06-14,0,UIP-NSK-202606-PENTA-707,PHC-NSK-02,nurse_nsk_02,FALSE,Routine UIP session.
NSK-2026-0301,Rota,1,Rotavirus-1 (6 Weeks),2026-06-14,2026-06-16,2,UIP-NSK-202606-ROTA-832,PHC-NSK-02,nurse_nsk_02,FALSE,Routine UIP session.
NSK-2026-0301,fIPV,1,fIPV-1 (6 Weeks),2026-06-14,2026-06-14,0,UIP-NSK-202606-FIPV-728,PHC-NSK-02,nurse_nsk_02,FALSE,Routine UIP session.
NSK-2026-0301,PCV,1,PCV-1 (6 Weeks),2026-06-14,2026-06-16,2,UIP-NSK-202606-PCV-460,PHC-NSK-02,nurse_nsk_02,FALSE,Routine UIP session.
NSK-2026-0301,OPV,3,OPV-2 (10 Weeks),2026-07-12,2026-07-19,7,UIP-NSK-202607-OPV-269,PHC-NSK-02,nurse_nsk_02,FALSE,Routine UIP session.
NSK-2026-0301,Penta,2,Pentavalent-2 (10 Weeks),2026-07-12,2026-07-12,0,UIP-NSK-202607-PENTA-697,PHC-NSK-02,nurse_nsk_02,FALSE,Routine UIP session.
NSK-2026-0301,Rota,2,Rotavirus-2 (10 Weeks),2026-07-12,2026-07-14,2,UIP-NSK-202607-ROTA-523,PHC-NSK-02,nurse_nsk_02,FALSE,Routine UIP session.
NSK-2026-0301,OPV,4,OPV-3 (14 Weeks),2026-08-09,2026-08-16,7,UIP-NSK-202608-OPV-299,PHC-NSK-02,nurse_nsk_02,FALSE,Routine UIP session.
NSK-2026-0301,Penta,3,Pentavalent-3 (14 Weeks),2026-08-09,2026-08-09,0,UIP-NSK-202608-PENTA-617,PHC-NSK-02,nurse_nsk_02,FALSE,Routine UIP session.
NSK-2026-0301,Rota,3,Rotavirus-3 (14 Weeks),2026-08-09,2026-08-11,2,UIP-NSK-202608-ROTA-790,PHC-NSK-02,nurse_nsk_02,FALSE,Routine UIP session.
NSK-2026-0301,fIPV,2,fIPV-2 (14 Weeks),2026-08-09,2026-08-09,0,UIP-NSK-202608-FIPV-779,PHC-NSK-02,nurse_nsk_02,FALSE,Routine UIP session.
NSK-2026-0301,PCV,2,PCV-2 (14 Weeks),2026-08-09,2026-08-09,0,UIP-NSK-202608-PCV-906,PHC-NSK-02,nurse_nsk_02,FALSE,Routine UIP session.
NSK-2026-0302,BCG,1,BCG (At Birth),2026-02-27,2026-02-27,0,UIP-NSK-202602-BCG-634,PHC-NSK-01,nurse_nsk_01,FALSE,Administered at hospital after delivery.
NSK-2026-0302,OPV,1,OPV Zero Dose (At Birth),2026-02-27,2026-02-27,0,UIP-NSK-202602-OPV-893,PHC-NSK-09,nurse_nsk_09,FALSE,Administered at hospital after delivery.
NSK-2026-0302,HepB,1,Hepatitis B Birth Dose,2026-02-27,2026-02-27,0,UIP-NSK-202602-HEPB-138,PHC-NSK-09,nurse_nsk_09,FALSE,Administered at hospital after delivery.
NSK-2026-0302,OPV,2,OPV-1 (6 Weeks),2026-04-10,2026-04-20,10,UIP-NSK-202604-OPV-371,PHC-NSK-09,nurse_nsk_09,FALSE,Routine UIP session.
NSK-2026-0302,Penta,1,Pentavalent-1 (6 Weeks),2026-04-10,2026-04-17,7,UIP-NSK-202604-PENTA-798,PHC-NSK-02,nurse_nsk_02,FALSE,Routine UIP session.
NSK-2026-0302,Rota,1,Rotavirus-1 (6 Weeks),2026-04-10,2026-04-20,10,UIP-NSK-202604-ROTA-601,PHC-NSK-09,nurse_nsk_09,FALSE,Routine UIP session.
NSK-2026-0302,fIPV,1,fIPV-1 (6 Weeks),2026-04-10,2026-04-17,7,UIP-NSK-202604-FIPV-217,PHC-NSK-09,nurse_nsk_09,FALSE,Routine UIP session.
NSK-2026-0302,OPV,3,OPV-2 (10 Weeks),2026-05-08,2026-05-18,10,UIP-NSK-202605-OPV-653,PHC-NSK-09,nurse_nsk_09,FALSE,Routine UIP session.
NSK-2026-0302,Rota,2,Rotavirus-2 (10 Weeks),2026-05-08,2026-05-18,10,UIP-NSK-202605-ROTA-907,PHC-NSK-09,nurse_nsk_09,FALSE,Routine UIP session.
NSK-2026-0302,OPV,4,OPV-3 (14 Weeks),2026-06-05,2026-06-15,10,UIP-NSK-202606-OPV-710,PHC-NSK-09,nurse_nsk_09,FALSE,Routine UIP session.
NSK-2026-0302,Rota,3,Rotavirus-3 (14 Weeks),2026-06-05,2026-06-15,10,UIP-NSK-202606-ROTA-506,PHC-NSK-09,nurse_nsk_09,TRUE,Mild fever and local swelling; resolved in 48 hours.
NSK-2026-0302,fIPV,2,fIPV-2 (14 Weeks),2026-06-05,2026-06-09,4,UIP-NSK-202606-FIPV-506,PHC-NSK-09,nurse_nsk_09,FALSE,Routine UIP session.
NSK-2026-0302,PCV,2,PCV-2 (14 Weeks),2026-06-05,2026-06-15,10,UIP-NSK-202606-PCV-360,PHC-NSK-09,nurse_nsk_09,FALSE,Routine UIP session.
NSK-2026-0303,BCG,1,BCG (At Birth),2026-03-07,2026-03-07,0,UIP-NSK-202603-BCG-908,PHC-NSK-07,nurse_nsk_07,FALSE,Administered at hospital after delivery.
NSK-2026-0303,OPV,1,OPV Zero Dose (At Birth),2026-03-07,2026-03-07,0,UIP-NSK-202603-OPV-774,PHC-NSK-07,nurse_nsk_07,FALSE,Administered at hospital after delivery.
NSK-2026-0303,HepB,1,Hepatitis B Birth Dose,2026-03-07,2026-03-07,0,UIP-NSK-202603-HEPB-984,PHC-NSK-07,nurse_nsk_07,FALSE,Administered at hospital after delivery.
NSK-2026-0303,OPV,2,OPV-1 (6 Weeks),2026-04-18,2026-04-18,0,UIP-NSK-202604-OPV-561,PHC-NSK-07,nurse_nsk_07,FALSE,Routine UIP session.
NSK-2026-0303,Rota,1,Rotavirus-1 (6 Weeks),2026-04-18,2026-04-18,0,UIP-NSK-202604-ROTA-428,PHC-NSK-07,nurse_nsk_07,FALSE,Routine UIP session.
NSK-2026-0303,fIPV,1,fIPV-1 (6 Weeks),2026-04-18,2026-04-18,0,UIP-NSK-202604-FIPV-517,PHC-NSK-07,nurse_nsk_07,FALSE,Routine UIP session.
NSK-2026-0303,PCV,1,PCV-1 (6 Weeks),2026-04-18,2026-04-18,0,UIP-NSK-202604-PCV-621,PHC-NSK-07,nurse_nsk_07,FALSE,Routine UIP session.
NSK-2026-0303,OPV,3,OPV-2 (10 Weeks),2026-05-16,2026-05-19,3,UIP-NSK-202605-OPV-182,PHC-NSK-07,nurse_nsk_07,FALSE,Routine UIP session.
NSK-2026-0303,Penta,2,Pentavalent-2 (10 Weeks),2026-05-16,2026-05-16,0,UIP-NSK-202605-PENTA-642,PHC-NSK-07,nurse_nsk_07,FALSE,Routine UIP session.
NSK-2026-0303,Rota,2,Rotavirus-2 (10 Weeks),2026-05-16,2026-05-17,1,UIP-NSK-202605-ROTA-548,PHC-NSK-07,nurse_nsk_07,FALSE,Routine UIP session.
NSK-2026-0303,OPV,4,OPV-3 (14 Weeks),2026-06-13,2026-06-16,3,UIP-NSK-202606-OPV-204,PHC-NSK-07,nurse_nsk_07,FALSE,Routine UIP session.
NSK-2026-0303,Penta,3,Pentavalent-3 (14 Weeks),2026-06-13,2026-06-21,8,UIP-NSK-202606-PENTA-691,PHC-NSK-07,nurse_nsk_07,FALSE,Routine UIP session.
NSK-2026-0303,Rota,3,Rotavirus-3 (14 Weeks),2026-06-13,2026-06-14,1,UIP-NSK-202606-ROTA-957,PHC-NSK-07,nurse_nsk_07,FALSE,Routine UIP session.
NSK-2026-0303,fIPV,2,fIPV-2 (14 Weeks),2026-06-13,2026-06-13,0,UIP-NSK-202606-FIPV-617,PHC-NSK-07,nurse_nsk_07,FALSE,Routine UIP session.
NSK-2026-0303,PCV,2,PCV-2 (14 Weeks),2026-06-13,2026-06-15,2,UIP-NSK-202606-PCV-701,PHC-NSK-07,nurse_nsk_07,FALSE,Routine UIP session.
NSK-2026-0304,BCG,1,BCG (At Birth),2026-05-20,2026-05-20,0,UIP-NSK-202605-BCG-779,PHC-NSK-04,nurse_nsk_04,FALSE,Administered at hospital after delivery.
NSK-2026-0304,HepB,1,Hepatitis B Birth Dose,2026-05-20,2026-05-20,0,UIP-NSK-202605-HEPB-743,PHC-NSK-04,nurse_nsk_04,FALSE,Administered at hospital after delivery.
NSK-2026-0304,Penta,1,Pentavalent-1 (6 Weeks),2026-07-01,2026-07-17,16,UIP-NSK-202607-PENTA-291,PHC-NSK-04,nurse_nsk_04,FALSE,Routine UIP session.
NSK-2026-0304,fIPV,1,fIPV-1 (6 Weeks),2026-07-01,2026-07-13,12,UIP-NSK-202607-FIPV-738,PHC-NSK-04,nurse_nsk_04,FALSE,Routine UIP session.
NSK-2026-0304,PCV,1,PCV-1 (6 Weeks),2026-07-01,2026-07-19,18,UIP-NSK-202607-PCV-206,PHC-NSK-04,nurse_nsk_04,FALSE,Routine UIP session.
NSK-2026-0304,Penta,2,Pentavalent-2 (10 Weeks),2026-07-29,2026-08-14,16,UIP-NSK-202608-PENTA-166,PHC-NSK-04,nurse_nsk_04,FALSE,Routine UIP session.
NSK-2026-0304,fIPV,2,fIPV-2 (14 Weeks),2026-08-26,2026-09-24,29,UIP-NSK-202609-FIPV-542,PHC-NSK-04,nurse_nsk_04,FALSE,Routine UIP session.
NSK-2026-0305,BCG,1,BCG (At Birth),2026-09-21,2026-09-21,0,UIP-NSK-202609-BCG-527,PHC-NSK-09,nurse_nsk_09,FALSE,Administered at hospital after delivery.
NSK-2026-0305,OPV,1,OPV Zero Dose (At Birth),2026-09-21,2026-09-21,0,UIP-NSK-202609-OPV-222,PHC-NSK-09,nurse_nsk_09,FALSE,Administered at hospital after delivery.
NSK-2026-0305,HepB,1,Hepatitis B Birth Dose,2026-09-21,2026-09-21,0,UIP-NSK-202609-HEPB-155,PHC-NSK-09,nurse_nsk_09,FALSE,Administered at hospital after delivery.
NSK-2026-0306,BCG,1,BCG (At Birth),2026-03-14,2026-03-14,0,UIP-NSK-202603-BCG-131,PHC-NSK-05,nurse_nsk_05,FALSE,Administered at hospital after delivery.
NSK-2026-0306,OPV,1,OPV Zero Dose (At Birth),2026-03-14,2026-03-14,0,UIP-NSK-202603-OPV-797,PHC-NSK-05,nurse_nsk_05,FALSE,Administered at hospital after delivery.
NSK-2026-0306,HepB,1,Hepatitis B Birth Dose,2026-03-14,2026-03-14,0,UIP-NSK-202603-HEPB-402,PHC-NSK-05,nurse_nsk_05,FALSE,Administered at hospital after delivery.
NSK-2026-0306,OPV,2,OPV-1 (6 Weeks),2026-04-25,2026-04-28,3,UIP-NSK-202604-OPV-840,PHC-NSK-05,nurse_nsk_05,FALSE,Routine UIP session.
NSK-2026-0306,Rota,1,Rotavirus-1 (6 Weeks),2026-04-25,2026-04-26,1,UIP-NSK-202604-ROTA-538,PHC-NSK-05,nurse_nsk_05,FALSE,Routine UIP session.
NSK-2026-0306,fIPV,1,fIPV-1 (6 Weeks),2026-04-25,2026-04-26,1,UIP-NSK-202604-FIPV-985,PHC-NSK-05,nurse_nsk_05,FALSE,Routine UIP session.
NSK-2026-0306,PCV,1,PCV-1 (6 Weeks),2026-04-25,2026-04-26,1,UIP-NSK-202604-PCV-437,PHC-NSK-05,nurse_nsk_05,FALSE,Routine UIP session.
NSK-2026-0306,OPV,3,OPV-2 (10 Weeks),2026-05-23,2026-05-30,7,UIP-NSK-202605-OPV-149,PHC-NSK-05,nurse_nsk_05,FALSE,Routine UIP session.
NSK-2026-0306,Penta,2,Pentavalent-2 (10 Weeks),2026-05-23,2026-06-02,10,UIP-NSK-202606-PENTA-808,PHC-NSK-05,nurse_nsk_05,FALSE,Routine UIP session.
NSK-2026-0306,Rota,2,Rotavirus-2 (10 Weeks),2026-05-23,2026-05-27,4,UIP-NSK-202605-ROTA-342,PHC-NSK-05,nurse_nsk_05,FALSE,Routine UIP session.
NSK-2026-0306,OPV,4,OPV-3 (14 Weeks),2026-06-20,2026-06-27,7,UIP-NSK-202606-OPV-913,PHC-NSK-05,nurse_nsk_05,FALSE,Routine UIP session.
NSK-2026-0306,Penta,3,Pentavalent-3 (14 Weeks),2026-06-20,2026-06-30,10,UIP-NSK-202606-PENTA-412,PHC-NSK-01,nurse_nsk_01,FALSE,Routine UIP session.
NSK-2026-0306,Rota,3,Rotavirus-3 (14 Weeks),2026-06-20,2026-06-28,8,UIP-NSK-202606-ROTA-137,PHC-NSK-05,nurse_nsk_05,FALSE,Routine UIP session.
NSK-2026-0306,fIPV,2,fIPV-2 (14 Weeks),2026-06-20,2026-07-01,11,UIP-NSK-202607-FIPV-306,PHC-NSK-05,nurse_nsk_05,FALSE,Routine UIP session.
NSK-2026-0306,PCV,2,PCV-2 (14 Weeks),2026-06-20,2026-07-01,11,UIP-NSK-202607-PCV-668,PHC-NSK-05,nurse_nsk_05,FALSE,Routine UIP session.
NSK-2026-0307,BCG,1,BCG (At Birth),2026-03-17,2026-03-17,0,UIP-NSK-202603-BCG-933,PHC-NSK-09,nurse_nsk_09,FALSE,Administered at hospital after delivery.
NSK-2026-0307,OPV,1,OPV Zero Dose (At Birth),2026-03-17,2026-03-17,0,UIP-NSK-202603-OPV-970,PHC-NSK-09,nurse_nsk_09,FALSE,Administered at hospital after delivery.
NSK-2026-0307,HepB,1,Hepatitis B Birth Dose,2026-03-17,2026-03-17,0,UIP-NSK-202603-HEPB-120,PHC-NSK-09,nurse_nsk_09,FALSE,Administered at hospital after delivery.
NSK-2026-0307,OPV,2,OPV-1 (6 Weeks),2026-04-28,2026-04-28,0,UIP-NSK-202604-OPV-328,PHC-NSK-09,nurse_nsk_09,FALSE,Routine UIP session.
NSK-2026-0307,Penta,1,Pentavalent-1 (6 Weeks),2026-04-28,2026-04-28,0,UIP-NSK-202604-PENTA-652,PHC-NSK-09,nurse_nsk_09,FALSE,Routine UIP session.
NSK-2026-0307,Rota,1,Rotavirus-1 (6 Weeks),2026-04-28,2026-04-28,0,UIP-NSK-202604-ROTA-307,PHC-NSK-09,nurse_nsk_09,FALSE,Routine UIP session.
NSK-2026-0307,fIPV,1,fIPV-1 (6 Weeks),2026-04-28,2026-04-28,0,UIP-NSK-202604-FIPV-524,PHC-NSK-09,nurse_nsk_09,FALSE,Routine UIP session.
NSK-2026-0307,PCV,1,PCV-1 (6 Weeks),2026-04-28,2026-05-01,3,UIP-NSK-202605-PCV-922,PHC-NSK-09,nurse_nsk_09,FALSE,Routine UIP session.
NSK-2026-0307,OPV,3,OPV-2 (10 Weeks),2026-05-26,2026-05-26,0,UIP-NSK-202605-OPV-783,PHC-NSK-09,nurse_nsk_09,FALSE,Routine UIP session.
NSK-2026-0307,Penta,2,Pentavalent-2 (10 Weeks),2026-05-26,2026-05-26,0,UIP-NSK-202605-PENTA-934,PHC-NSK-02,nurse_nsk_02,FALSE,Routine UIP session.
NSK-2026-0307,Rota,2,Rotavirus-2 (10 Weeks),2026-05-26,2026-05-27,1,UIP-NSK-202605-ROTA-645,PHC-NSK-09,nurse_nsk_09,TRUE,Mild fever and local swelling; resolved in 48 hours.
NSK-2026-0307,OPV,4,OPV-3 (14 Weeks),2026-06-23,2026-06-24,1,UIP-NSK-202606-OPV-777,PHC-NSK-09,nurse_nsk_09,FALSE,Routine UIP session.
NSK-2026-0307,Penta,3,Pentavalent-3 (14 Weeks),2026-06-23,2026-06-24,1,UIP-NSK-202606-PENTA-230,PHC-NSK-09,nurse_nsk_09,FALSE,Routine UIP session.
NSK-2026-0307,Rota,3,Rotavirus-3 (14 Weeks),2026-06-23,2026-06-24,1,UIP-NSK-202606-ROTA-896,PHC-NSK-09,nurse_nsk_09,FALSE,Routine UIP session.
NSK-2026-0307,fIPV,2,fIPV-2 (14 Weeks),2026-06-23,2026-06-23,0,UIP-NSK-202606-FIPV-734,PHC-NSK-09,nurse_nsk_09,FALSE,Routine UIP session.
NSK-2026-0307,PCV,2,PCV-2 (14 Weeks),2026-06-23,2026-06-26,3,UIP-NSK-202606-PCV-958,PHC-NSK-09,nurse_nsk_09,FALSE,Routine UIP session.
NSK-2026-0308,BCG,1,BCG (At Birth),2026-07-13,2026-07-13,0,UIP-NSK-202607-BCG-871,PHC-NSK-01,nurse_nsk_01,FALSE,Administered at hospital after delivery.
NSK-2026-0308,HepB,1,Hepatitis B Birth Dose,2026-07-13,2026-07-13,0,UIP-NSK-202607-HEPB-755,PHC-NSK-01,nurse_nsk_01,FALSE,Administered at hospital after delivery.
NSK-2026-0308,Rota,1,Rotavirus-1 (6 Weeks),2026-08-24,2026-09-04,11,UIP-NSK-202609-ROTA-732,PHC-NSK-01,nurse_nsk_01,FALSE,Routine UIP session.
NSK-2026-0308,PCV,1,PCV-1 (6 Weeks),2026-08-24,2026-10-05,42,UIP-NSK-202610-PCV-937,PHC-NSK-04,nurse_nsk_04,FALSE,Routine UIP session.
NSK-2026-0309,BCG,1,BCG (At Birth),2026-08-09,2026-08-09,0,UIP-NSK-202608-BCG-586,PHC-NSK-02,nurse_nsk_02,FALSE,Administered at hospital after delivery.
NSK-2026-0309,OPV,1,OPV Zero Dose (At Birth),2026-08-09,2026-08-09,0,UIP-NSK-202608-OPV-815,PHC-NSK-02,nurse_nsk_02,FALSE,Administered at hospital after delivery.
NSK-2026-0309,HepB,1,Hepatitis B Birth Dose,2026-08-09,2026-08-09,0,UIP-NSK-202608-HEPB-834,PHC-NSK-02,nurse_nsk_02,FALSE,Administered at hospital after delivery.
NSK-2026-0309,OPV,2,OPV-1 (6 Weeks),2026-09-20,2026-09-27,7,UIP-NSK-202609-OPV-511,PHC-NSK-02,nurse_nsk_02,FALSE,Routine UIP session.
NSK-2026-0309,Penta,1,Pentavalent-1 (6 Weeks),2026-09-20,2026-09-29,9,UIP-NSK-202609-PENTA-226,PHC-NSK-02,nurse_nsk_02,FALSE,Routine UIP session.
NSK-2026-0309,Rota,1,Rotavirus-1 (6 Weeks),2026-09-20,2026-09-30,10,UIP-NSK-202609-ROTA-334,PHC-NSK-02,nurse_nsk_02,FALSE,Routine UIP session.
NSK-2026-0309,fIPV,1,fIPV-1 (6 Weeks),2026-09-20,2026-09-30,10,UIP-NSK-202609-FIPV-537,PHC-NSK-02,nurse_nsk_02,FALSE,Routine UIP session.
NSK-2026-0309,PCV,1,PCV-1 (6 Weeks),2026-09-20,2026-09-23,3,UIP-NSK-202609-PCV-238,PHC-NSK-02,nurse_nsk_02,FALSE,Routine UIP session.
NSK-2026-0310,OPV,1,OPV Zero Dose (At Birth),2026-03-21,2026-03-21,0,UIP-NSK-202603-OPV-618,PHC-NSK-02,nurse_nsk_02,FALSE,Administered at hospital after delivery.
NSK-2026-0310,HepB,1,Hepatitis B Birth Dose,2026-03-21,2026-03-23,2,UIP-NSK-202603-HEPB-479,PHC-NSK-02,nurse_nsk_02,FALSE,Routine UIP session.
NSK-2026-0310,OPV,2,OPV-1 (6 Weeks),2026-05-02,2026-05-14,12,UIP-NSK-202605-OPV-274,PHC-NSK-02,nurse_nsk_02,FALSE,Routine UIP session.
NSK-2026-0310,Penta,1,Pentavalent-1 (6 Weeks),2026-05-02,2026-05-05,3,UIP-NSK-202605-PENTA-184,PHC-NSK-02,nurse_nsk_02,FALSE,Routine UIP session.
NSK-2026-0310,Rota,1,Rotavirus-1 (6 Weeks),2026-05-02,2026-05-18,16,UIP-NSK-202605-ROTA-734,PHC-NSK-02,nurse_nsk_02,FALSE,Routine UIP session.
NSK-2026-0310,fIPV,1,fIPV-1 (6 Weeks),2026-05-02,2026-05-07,5,UIP-NSK-202605-FIPV-142,PHC-NSK-07,nurse_nsk_07,FALSE,Routine UIP session.
NSK-2026-0310,PCV,1,PCV-1 (6 Weeks),2026-05-02,2026-05-19,17,UIP-NSK-202605-PCV-700,PHC-NSK-02,nurse_nsk_02,FALSE,Routine UIP session.
NSK-2026-0310,OPV,3,OPV-2 (10 Weeks),2026-05-30,2026-06-15,16,UIP-NSK-202606-OPV-308,PHC-NSK-02,nurse_nsk_02,FALSE,Routine UIP session.
NSK-2026-0310,Penta,2,Pentavalent-2 (10 Weeks),2026-05-30,2026-06-09,10,UIP-NSK-202606-PENTA-790,PHC-NSK-02,nurse_nsk_02,FALSE,Routine UIP session.
NSK-2026-0310,Rota,2,Rotavirus-2 (10 Weeks),2026-05-30,2026-06-15,16,UIP-NSK-202606-ROTA-939,PHC-NSK-02,nurse_nsk_02,FALSE,Routine UIP session.
NSK-2026-0310,Penta,3,Pentavalent-3 (14 Weeks),2026-06-27,2026-07-07,10,UIP-NSK-202607-PENTA-694,PHC-NSK-02,nurse_nsk_02,FALSE,Routine UIP session.
NSK-2026-0310,Rota,3,Rotavirus-3 (14 Weeks),2026-06-27,2026-07-13,16,UIP-NSK-202607-ROTA-489,PHC-NSK-06,nurse_nsk_06,FALSE,Routine UIP session.
NSK-2026-0310,fIPV,2,fIPV-2 (14 Weeks),2026-06-27,2026-07-02,5,UIP-NSK-202607-FIPV-608,PHC-NSK-02,nurse_nsk_02,FALSE,Routine UIP session.
NSK-2026-0310,PCV,2,PCV-2 (14 Weeks),2026-06-27,2026-06-30,3,UIP-NSK-202606-PCV-342,PHC-NSK-02,nurse_nsk_02,FALSE,Routine UIP session.
NSK-2026-0311,BCG,1,BCG (At Birth),2026-03-05,2026-03-05,0,UIP-NSK-202603-BCG-557,PHC-NSK-04,nurse_nsk_04,FALSE,Administered at hospital after delivery.
NSK-2026-0311,OPV,1,OPV Zero Dose (At Birth),2026-03-05,2026-03-05,0,UIP-NSK-202603-OPV-358,PHC-NSK-04,nurse_nsk_04,FALSE,Administered at hospital after delivery.
NSK-2026-0311,HepB,1,Hepatitis B Birth Dose,2026-03-05,2026-03-05,0,UIP-NSK-202603-HEPB-454,PHC-NSK-04,nurse_nsk_04,FALSE,Administered at hospital after delivery.
NSK-2026-0311,Penta,1,Pentavalent-1 (6 Weeks),2026-04-16,2026-05-08,22,UIP-NSK-202605-PENTA-173,PHC-NSK-04,nurse_nsk_04,FALSE,Routine UIP session.
NSK-2026-0311,Rota,1,Rotavirus-1 (6 Weeks),2026-04-16,2026-05-13,27,UIP-NSK-202605-ROTA-881,PHC-NSK-04,nurse_nsk_04,FALSE,Routine UIP session.
NSK-2026-0311,PCV,1,PCV-1 (6 Weeks),2026-04-16,2026-06-05,50,UIP-NSK-202606-PCV-188,PHC-NSK-04,nurse_nsk_04,FALSE,Routine UIP session.
NSK-2026-0311,Rota,2,Rotavirus-2 (10 Weeks),2026-05-14,2026-06-13,30,UIP-NSK-202606-ROTA-940,PHC-NSK-04,nurse_nsk_04,FALSE,Routine UIP session.
NSK-2026-0311,Rota,3,Rotavirus-3 (14 Weeks),2026-06-11,2026-08-03,53,UIP-NSK-202608-ROTA-367,PHC-NSK-04,nurse_nsk_04,FALSE,Routine UIP session.
NSK-2026-0311,PCV,2,PCV-2 (14 Weeks),2026-06-11,2026-08-06,56,UIP-NSK-202608-PCV-392,PHC-NSK-04,nurse_nsk_04,FALSE,Routine UIP session.
NSK-2026-0312,BCG,1,BCG (At Birth),2026-08-30,2026-08-30,0,UIP-NSK-202608-BCG-647,PHC-NSK-02,nurse_nsk_02,FALSE,Administered at hospital after delivery.
NSK-2026-0312,OPV,1,OPV Zero Dose (At Birth),2026-08-30,2026-08-30,0,UIP-NSK-202608-OPV-643,PHC-NSK-02,nurse_nsk_02,FALSE,Administered at hospital after delivery.
NSK-2026-0312,HepB,1,Hepatitis B Birth Dose,2026-08-30,2026-09-01,2,UIP-NSK-202609-HEPB-511,PHC-NSK-02,nurse_nsk_02,FALSE,Routine UIP session.
NSK-2026-0313,BCG,1,BCG (At Birth),2026-09-11,2026-09-11,0,UIP-NSK-202609-BCG-837,PHC-NSK-08,nurse_nsk_08,FALSE,Administered at hospital after delivery.
NSK-2026-0313,HepB,1,Hepatitis B Birth Dose,2026-09-11,2026-09-11,0,UIP-NSK-202609-HEPB-923,PHC-NSK-08,nurse_nsk_08,FALSE,Administered at hospital after delivery.
NSK-2026-0314,BCG,1,BCG (At Birth),2026-07-07,2026-07-07,0,UIP-NSK-202607-BCG-450,PHC-NSK-02,nurse_nsk_02,FALSE,Administered at hospital after delivery.
NSK-2026-0314,OPV,1,OPV Zero Dose (At Birth),2026-07-07,2026-07-07,0,UIP-NSK-202607-OPV-164,PHC-NSK-02,nurse_nsk_02,FALSE,Administered at hospital after delivery.
NSK-2026-0314,HepB,1,Hepatitis B Birth Dose,2026-07-07,2026-07-07,0,UIP-NSK-202607-HEPB-894,PHC-NSK-02,nurse_nsk_02,FALSE,Administered at hospital after delivery.
NSK-2026-0314,OPV,2,OPV-1 (6 Weeks),2026-08-18,2026-08-30,12,UIP-NSK-202608-OPV-682,PHC-NSK-02,nurse_nsk_02,FALSE,Routine UIP session.
NSK-2026-0314,Penta,1,Pentavalent-1 (6 Weeks),2026-08-18,2026-08-22,4,UIP-NSK-202608-PENTA-458,PHC-NSK-02,nurse_nsk_02,FALSE,Routine UIP session.
NSK-2026-0314,Rota,1,Rotavirus-1 (6 Weeks),2026-08-18,2026-08-22,4,UIP-NSK-202608-ROTA-830,PHC-NSK-05,nurse_nsk_05,FALSE,Routine UIP session.
NSK-2026-0314,fIPV,1,fIPV-1 (6 Weeks),2026-08-18,2026-08-31,13,UIP-NSK-202608-FIPV-834,PHC-NSK-02,nurse_nsk_02,FALSE,Routine UIP session.
NSK-2026-0314,PCV,1,PCV-1 (6 Weeks),2026-08-18,2026-08-25,7,UIP-NSK-202608-PCV-229,PHC-NSK-02,nurse_nsk_02,FALSE,Routine UIP session.
NSK-2026-0314,OPV,3,OPV-2 (10 Weeks),2026-09-15,2026-09-27,12,UIP-NSK-202609-OPV-722,PHC-NSK-02,nurse_nsk_02,FALSE,Routine UIP session.
NSK-2026-0314,Penta,2,Pentavalent-2 (10 Weeks),2026-09-15,2026-09-23,8,UIP-NSK-202609-PENTA-322,PHC-NSK-02,nurse_nsk_02,FALSE,Routine UIP session.
NSK-2026-0314,Rota,2,Rotavirus-2 (10 Weeks),2026-09-15,2026-09-23,8,UIP-NSK-202609-ROTA-326,PHC-NSK-03,nurse_nsk_03,FALSE,Routine UIP session.
NSK-2026-0315,BCG,1,BCG (At Birth),2026-05-06,2026-05-06,0,UIP-NSK-202605-BCG-833,PHC-NSK-05,nurse_nsk_05,FALSE,Administered at hospital after delivery.
NSK-2026-0315,HepB,1,Hepatitis B Birth Dose,2026-05-06,2026-05-06,0,UIP-NSK-202605-HEPB-483,PHC-NSK-05,nurse_nsk_05,FALSE,Administered at hospital after delivery.
NSK-2026-0315,Rota,1,Rotavirus-1 (6 Weeks),2026-06-17,2026-06-23,6,UIP-NSK-202606-ROTA-404,PHC-NSK-05,nurse_nsk_05,FALSE,Routine UIP session.
NSK-2026-0315,fIPV,1,fIPV-1 (6 Weeks),2026-06-17,2026-06-17,0,UIP-NSK-202606-FIPV-632,PHC-NSK-06,nurse_nsk_06,FALSE,Routine UIP session.
NSK-2026-0315,PCV,1,PCV-1 (6 Weeks),2026-06-17,2026-06-29,12,UIP-NSK-202606-PCV-615,PHC-NSK-05,nurse_nsk_05,FALSE,Routine UIP session.
NSK-2026-0315,Penta,2,Pentavalent-2 (10 Weeks),2026-07-15,2026-07-30,15,UIP-NSK-202607-PENTA-394,PHC-NSK-05,nurse_nsk_05,TRUE,Mild fever and local swelling; resolved in 48 hours.
NSK-2026-0315,Rota,2,Rotavirus-2 (10 Weeks),2026-07-15,2026-07-27,12,UIP-NSK-202607-ROTA-453,PHC-NSK-05,nurse_nsk_05,FALSE,Routine UIP session.
NSK-2026-0315,OPV,4,OPV-3 (14 Weeks),2026-08-12,2026-08-24,12,UIP-NSK-202608-OPV-682,PHC-NSK-05,nurse_nsk_05,FALSE,Routine UIP session.
NSK-2026-0315,Penta,3,Pentavalent-3 (14 Weeks),2026-08-12,2026-08-27,15,UIP-NSK-202608-PENTA-285,PHC-NSK-05,nurse_nsk_05,FALSE,Routine UIP session.
NSK-2026-0315,fIPV,2,fIPV-2 (14 Weeks),2026-08-12,2026-08-19,7,UIP-NSK-202608-FIPV-942,PHC-NSK-05,nurse_nsk_05,FALSE,Routine UIP session.
NSK-2026-0315,PCV,2,PCV-2 (14 Weeks),2026-08-12,2026-08-28,16,UIP-NSK-202608-PCV-357,PHC-NSK-05,nurse_nsk_05,FALSE,Routine UIP session.
NSK-2026-0316,BCG,1,BCG (At Birth),2026-07-10,2026-07-10,0,UIP-NSK-202607-BCG-902,PHC-NSK-02,nurse_nsk_02,FALSE,Administered at hospital after delivery.
NSK-2026-0316,OPV,1,OPV Zero Dose (At Birth),2026-07-10,2026-07-10,0,UIP-NSK-202607-OPV-458,PHC-NSK-02,nurse_nsk_02,FALSE,Administered at hospital after delivery.
NSK-2026-0316,HepB,1,Hepatitis B Birth Dose,2026-07-10,2026-07-10,0,UIP-NSK-202607-HEPB-783,PHC-NSK-02,nurse_nsk_02,FALSE,Administered at hospital after delivery.
NSK-2026-0316,OPV,2,OPV-1 (6 Weeks),2026-08-21,2026-09-04,14,UIP-NSK-202609-OPV-666,PHC-NSK-02,nurse_nsk_02,FALSE,Routine UIP session.
NSK-2026-0316,Penta,1,Pentavalent-1 (6 Weeks),2026-08-21,2026-08-27,6,UIP-NSK-202608-PENTA-911,PHC-NSK-02,nurse_nsk_02,FALSE,Routine UIP session.
NSK-2026-0316,Rota,1,Rotavirus-1 (6 Weeks),2026-08-21,2026-08-22,1,UIP-NSK-202608-ROTA-330,PHC-NSK-02,nurse_nsk_02,FALSE,Routine UIP session.
NSK-2026-0316,fIPV,1,fIPV-1 (6 Weeks),2026-08-21,2026-08-23,2,UIP-NSK-202608-FIPV-437,PHC-NSK-02,nurse_nsk_02,FALSE,Routine UIP session.
NSK-2026-0316,PCV,1,PCV-1 (6 Weeks),2026-08-21,2026-08-27,6,UIP-NSK-202608-PCV-157,PHC-NSK-02,nurse_nsk_02,FALSE,Routine UIP session.
NSK-2026-0316,Penta,2,Pentavalent-2 (10 Weeks),2026-09-18,2026-09-28,10,UIP-NSK-202609-PENTA-933,PHC-NSK-02,nurse_nsk_02,FALSE,Routine UIP session.
NSK-2026-0316,Rota,2,Rotavirus-2 (10 Weeks),2026-09-18,2026-09-25,7,UIP-NSK-202609-ROTA-257,PHC-NSK-02,nurse_nsk_02,FALSE,Routine UIP session.
NSK-2026-0317,BCG,1,BCG (At Birth),2026-05-23,2026-05-23,0,UIP-NSK-202605-BCG-147,PHC-NSK-01,nurse_nsk_01,FALSE,Administered at hospital after delivery.
NSK-2026-0317,OPV,1,OPV Zero Dose (At Birth),2026-05-23,2026-05-23,0,UIP-NSK-202605-OPV-502,PHC-NSK-01,nurse_nsk_01,FALSE,Administered at hospital after delivery.
NSK-2026-0317,HepB,1,Hepatitis B Birth Dose,2026-05-23,2026-05-23,0,UIP-NSK-202605-HEPB-136,PHC-NSK-01,nurse_nsk_01,FALSE,Administered at hospital after delivery.
NSK-2026-0317,OPV,2,OPV-1 (6 Weeks),2026-07-04,2026-07-04,0,UIP-NSK-202607-OPV-100,PHC-NSK-01,nurse_nsk_01,FALSE,Routine UIP session.
NSK-2026-0317,Penta,1,Pentavalent-1 (6 Weeks),2026-07-04,2026-07-07,3,UIP-NSK-202607-PENTA-214,PHC-NSK-01,nurse_nsk_01,FALSE,Routine UIP session.
NSK-2026-0317,Rota,1,Rotavirus-1 (6 Weeks),2026-07-04,2026-07-04,0,UIP-NSK-202607-ROTA-198,PHC-NSK-01,nurse_nsk_01,FALSE,Routine UIP session.
NSK-2026-0317,fIPV,1,fIPV-1 (6 Weeks),2026-07-04,2026-07-04,0,UIP-NSK-202607-FIPV-576,PHC-NSK-01,nurse_nsk_01,FALSE,Routine UIP session.
NSK-2026-0317,PCV,1,PCV-1 (6 Weeks),2026-07-04,2026-07-04,0,UIP-NSK-202607-PCV-270,PHC-NSK-06,nurse_nsk_06,FALSE,Routine UIP session.
NSK-2026-0317,OPV,3,OPV-2 (10 Weeks),2026-08-01,2026-08-01,0,UIP-NSK-202608-OPV-141,PHC-NSK-01,nurse_nsk_01,FALSE,Routine UIP session.
NSK-2026-0317,Penta,2,Pentavalent-2 (10 Weeks),2026-08-01,2026-08-04,3,UIP-NSK-202608-PENTA-118,PHC-NSK-01,nurse_nsk_01,FALSE,Routine UIP session.
NSK-2026-0317,Rota,2,Rotavirus-2 (10 Weeks),2026-08-01,2026-08-04,3,UIP-NSK-202608-ROTA-681,PHC-NSK-01,nurse_nsk_01,FALSE,Routine UIP session.
NSK-2026-0317,OPV,4,OPV-3 (14 Weeks),2026-08-29,2026-08-29,0,UIP-NSK-202608-OPV-559,PHC-NSK-01,nurse_nsk_01,FALSE,Routine UIP session.
NSK-2026-0317,Penta,3,Pentavalent-3 (14 Weeks),2026-08-29,2026-09-01,3,UIP-NSK-202609-PENTA-785,PHC-NSK-01,nurse_nsk_01,FALSE,Routine UIP session.
NSK-2026-0317,Rota,3,Rotavirus-3 (14 Weeks),2026-08-29,2026-09-04,6,UIP-NSK-202609-ROTA-159,PHC-NSK-01,nurse_nsk_01,FALSE,Routine UIP session.
NSK-2026-0317,fIPV,2,fIPV-2 (14 Weeks),2026-08-29,2026-08-29,0,UIP-NSK-202608-FIPV-506,PHC-NSK-01,nurse_nsk_01,FALSE,Routine UIP session.
NSK-2026-0317,PCV,2,PCV-2 (14 Weeks),2026-08-29,2026-08-29,0,UIP-NSK-202608-PCV-866,PHC-NSK-01,nurse_nsk_01,FALSE,Routine UIP session.
NSK-2026-0318,OPV,1,OPV Zero Dose (At Birth),2026-09-06,2026-09-06,0,UIP-NSK-202609-OPV-991,PHC-NSK-05,nurse_nsk_05,FALSE,Administered at hospital after delivery.
NSK-2026-0318,HepB,1,Hepatitis B Birth Dose,2026-09-06,2026-09-06,0,UIP-NSK-202609-HEPB-493,PHC-NSK-05,nurse_nsk_05,FALSE,Administered at hospital after delivery.
NSK-2026-0319,BCG,1,BCG (At Birth),2026-03-16,2026-03-16,0,UIP-NSK-202603-BCG-227,PHC-NSK-02,nurse_nsk_02,FALSE,Administered at hospital after delivery.
NSK-2026-0319,OPV,1,OPV Zero Dose (At Birth),2026-03-16,2026-03-16,0,UIP-NSK-202603-OPV-206,PHC-NSK-02,nurse_nsk_02,FALSE,Administered at hospital after delivery.
NSK-2026-0319,HepB,1,Hepatitis B Birth Dose,2026-03-16,2026-03-16,0,UIP-NSK-202603-HEPB-909,PHC-NSK-02,nurse_nsk_02,FALSE,Administered at hospital after delivery.
NSK-2026-0319,OPV,2,OPV-1 (6 Weeks),2026-04-27,2026-04-29,2,UIP-NSK-202604-OPV-492,PHC-NSK-01,nurse_nsk_01,FALSE,Routine UIP session.
NSK-2026-0319,Penta,1,Pentavalent-1 (6 Weeks),2026-04-27,2026-05-02,5,UIP-NSK-202605-PENTA-275,PHC-NSK-02,nurse_nsk_02,FALSE,Routine UIP session.
NSK-2026-0319,Rota,1,Rotavirus-1 (6 Weeks),2026-04-27,2026-05-10,13,UIP-NSK-202605-ROTA-177,PHC-NSK-02,nurse_nsk_02,FALSE,Routine UIP session.
NSK-2026-0319,fIPV,1,fIPV-1 (6 Weeks),2026-04-27,2026-05-04,7,UIP-NSK-202605-FIPV-148,PHC-NSK-02,nurse_nsk_02,FALSE,Routine UIP session.
NSK-2026-0319,PCV,1,PCV-1 (6 Weeks),2026-04-27,2026-04-30,3,UIP-NSK-202604-PCV-624,PHC-NSK-02,nurse_nsk_02,FALSE,Routine UIP session.
NSK-2026-0319,OPV,3,OPV-2 (10 Weeks),2026-05-25,2026-06-04,10,UIP-NSK-202606-OPV-976,PHC-NSK-02,nurse_nsk_02,FALSE,Routine UIP session.
NSK-2026-0319,Penta,2,Pentavalent-2 (10 Weeks),2026-05-25,2026-05-31,6,UIP-NSK-202605-PENTA-432,PHC-NSK-02,nurse_nsk_02,FALSE,Routine UIP session.
NSK-2026-0319,Rota,2,Rotavirus-2 (10 Weeks),2026-05-25,2026-06-07,13,UIP-NSK-202606-ROTA-341,PHC-NSK-02,nurse_nsk_02,FALSE,Routine UIP session.
NSK-2026-0319,OPV,4,OPV-3 (14 Weeks),2026-06-22,2026-07-02,10,UIP-NSK-202607-OPV-947,PHC-NSK-02,nurse_nsk_02,FALSE,Routine UIP session.
NSK-2026-0319,Penta,3,Pentavalent-3 (14 Weeks),2026-06-22,2026-06-28,6,UIP-NSK-202606-PENTA-686,PHC-NSK-02,nurse_nsk_02,FALSE,Routine UIP session.
NSK-2026-0319,Rota,3,Rotavirus-3 (14 Weeks),2026-06-22,2026-07-08,16,UIP-NSK-202607-ROTA-859,PHC-NSK-02,nurse_nsk_02,FALSE,Routine UIP session.
NSK-2026-0319,fIPV,2,fIPV-2 (14 Weeks),2026-06-22,2026-06-26,4,UIP-NSK-202606-FIPV-704,PHC-NSK-02,nurse_nsk_02,FALSE,Routine UIP session.
NSK-2026-0319,PCV,2,PCV-2 (14 Weeks),2026-06-22,2026-07-02,10,UIP-NSK-202607-PCV-579,PHC-NSK-02,nurse_nsk_02,FALSE,Routine UIP session.
NSK-2026-0320,BCG,1,BCG (At Birth),2026-03-03,2026-03-03,0,UIP-NSK-202603-BCG-236,PHC-NSK-10,nurse_nsk_10,FALSE,Administered at hospital after delivery.
NSK-2026-0320,OPV,1,OPV Zero Dose (At Birth),2026-03-03,2026-03-03,0,UIP-NSK-202603-OPV-272,PHC-NSK-10,nurse_nsk_10,FALSE,Administered at hospital after delivery.
NSK-2026-0320,HepB,1,Hepatitis B Birth Dose,2026-03-03,2026-03-03,0,UIP-NSK-202603-HEPB-805,PHC-NSK-10,nurse_nsk_10,FALSE,Administered at hospital after delivery.
NSK-2026-0320,OPV,2,OPV-1 (6 Weeks),2026-04-14,2026-04-21,7,UIP-NSK-202604-OPV-271,PHC-NSK-10,nurse_nsk_10,FALSE,Routine UIP session.
NSK-2026-0320,Penta,1,Pentavalent-1 (6 Weeks),2026-04-14,2026-04-20,6,UIP-NSK-202604-PENTA-597,PHC-NSK-10,nurse_nsk_10,FALSE,Routine UIP session.
NSK-2026-0320,Rota,1,Rotavirus-1 (6 Weeks),2026-04-14,2026-04-27,13,UIP-NSK-202604-ROTA-363,PHC-NSK-10,nurse_nsk_10,FALSE,Routine UIP session.
NSK-2026-0320,fIPV,1,fIPV-1 (6 Weeks),2026-04-14,2026-04-24,10,UIP-NSK-202604-FIPV-941,PHC-NSK-10,nurse_nsk_10,FALSE,Routine UIP session.
NSK-2026-0320,PCV,1,PCV-1 (6 Weeks),2026-04-14,2026-04-25,11,UIP-NSK-202604-PCV-861,PHC-NSK-10,nurse_nsk_10,FALSE,Routine UIP session.
NSK-2026-0320,OPV,3,OPV-2 (10 Weeks),2026-05-12,2026-05-30,18,UIP-NSK-202605-OPV-323,PHC-NSK-10,nurse_nsk_10,FALSE,Routine UIP session.
NSK-2026-0320,Penta,2,Pentavalent-2 (10 Weeks),2026-05-12,2026-05-18,6,UIP-NSK-202605-PENTA-863,PHC-NSK-10,nurse_nsk_10,FALSE,Routine UIP session.
NSK-2026-0320,Rota,2,Rotavirus-2 (10 Weeks),2026-05-12,2026-05-25,13,UIP-NSK-202605-ROTA-992,PHC-NSK-10,nurse_nsk_10,FALSE,Routine UIP session.
NSK-2026-0320,OPV,4,OPV-3 (14 Weeks),2026-06-09,2026-06-27,18,UIP-NSK-202606-OPV-797,PHC-NSK-10,nurse_nsk_10,FALSE,Routine UIP session.
NSK-2026-0320,Rota,3,Rotavirus-3 (14 Weeks),2026-06-09,2026-06-22,13,UIP-NSK-202606-ROTA-750,PHC-NSK-10,nurse_nsk_10,FALSE,Routine UIP session.
NSK-2026-0320,fIPV,2,fIPV-2 (14 Weeks),2026-06-09,2026-06-12,3,UIP-NSK-202606-FIPV-151,PHC-NSK-04,nurse_nsk_04,FALSE,Routine UIP session.
NSK-2026-0321,BCG,1,BCG (At Birth),2026-08-27,2026-08-27,0,UIP-NSK-202608-BCG-631,PHC-NSK-07,nurse_nsk_07,FALSE,Administered at hospital after delivery.
NSK-2026-0321,OPV,1,OPV Zero Dose (At Birth),2026-08-27,2026-09-01,5,UIP-NSK-202609-OPV-286,PHC-NSK-07,nurse_nsk_07,FALSE,Routine UIP session.
NSK-2026-0321,HepB,1,Hepatitis B Birth Dose,2026-08-27,2026-08-27,0,UIP-NSK-202608-HEPB-668,PHC-NSK-07,nurse_nsk_07,FALSE,Administered at hospital after delivery.
NSK-2026-0322,BCG,1,BCG (At Birth),2026-05-23,2026-05-23,0,UIP-NSK-202605-BCG-960,PHC-NSK-01,nurse_nsk_01,FALSE,Administered at hospital after delivery.
NSK-2026-0322,OPV,1,OPV Zero Dose (At Birth),2026-05-23,2026-05-23,0,UIP-NSK-202605-OPV-435,PHC-NSK-01,nurse_nsk_01,FALSE,Administered at hospital after delivery.
NSK-2026-0322,HepB,1,Hepatitis B Birth Dose,2026-05-23,2026-05-23,0,UIP-NSK-202605-HEPB-743,PHC-NSK-01,nurse_nsk_01,FALSE,Administered at hospital after delivery.
NSK-2026-0322,OPV,2,OPV-1 (6 Weeks),2026-07-04,2026-07-04,0,UIP-NSK-202607-OPV-220,PHC-NSK-01,nurse_nsk_01,FALSE,Routine UIP session.
NSK-2026-0322,Penta,1,Pentavalent-1 (6 Weeks),2026-07-04,2026-07-04,0,UIP-NSK-202607-PENTA-659,PHC-NSK-01,nurse_nsk_01,FALSE,Routine UIP session.
NSK-2026-0322,Rota,1,Rotavirus-1 (6 Weeks),2026-07-04,2026-07-04,0,UIP-NSK-202607-ROTA-872,PHC-NSK-01,nurse_nsk_01,FALSE,Routine UIP session.
NSK-2026-0322,PCV,1,PCV-1 (6 Weeks),2026-07-04,2026-07-04,0,UIP-NSK-202607-PCV-631,PHC-NSK-01,nurse_nsk_01,FALSE,Routine UIP session.
NSK-2026-0322,OPV,3,OPV-2 (10 Weeks),2026-08-01,2026-08-01,0,UIP-NSK-202608-OPV-279,PHC-NSK-01,nurse_nsk_01,FALSE,Routine UIP session.
NSK-2026-0322,Penta,2,Pentavalent-2 (10 Weeks),2026-08-01,2026-08-01,0,UIP-NSK-202608-PENTA-978,PHC-NSK-01,nurse_nsk_01,FALSE,Routine UIP session.
NSK-2026-0322,Rota,2,Rotavirus-2 (10 Weeks),2026-08-01,2026-08-01,0,UIP-NSK-202608-ROTA-102,PHC-NSK-01,nurse_nsk_01,FALSE,Routine UIP session.
NSK-2026-0322,OPV,4,OPV-3 (14 Weeks),2026-08-29,2026-08-29,0,UIP-NSK-202608-OPV-227,PHC-NSK-01,nurse_nsk_01,FALSE,Routine UIP session.
NSK-2026-0322,Penta,3,Pentavalent-3 (14 Weeks),2026-08-29,2026-08-29,0,UIP-NSK-202608-PENTA-188,PHC-NSK-01,nurse_nsk_01,FALSE,Routine UIP session.
NSK-2026-0322,Rota,3,Rotavirus-3 (14 Weeks),2026-08-29,2026-08-29,0,UIP-NSK-202608-ROTA-690,PHC-NSK-01,nurse_nsk_01,TRUE,Mild fever and local swelling; resolved in 48 hours.
NSK-2026-0322,fIPV,2,fIPV-2 (14 Weeks),2026-08-29,2026-08-29,0,UIP-NSK-202608-FIPV-498,PHC-NSK-01,nurse_nsk_01,FALSE,Routine UIP session.
NSK-2026-0322,PCV,2,PCV-2 (14 Weeks),2026-08-29,2026-08-29,0,UIP-NSK-202608-PCV-673,PHC-NSK-09,nurse_nsk_09,FALSE,Routine UIP session.
NSK-2026-0323,OPV,1,OPV Zero Dose (At Birth),2026-04-27,2026-04-27,0,UIP-NSK-202604-OPV-281,PHC-NSK-05,nurse_nsk_05,FALSE,Administered at hospital after delivery.
NSK-2026-0323,HepB,1,Hepatitis B Birth Dose,2026-04-27,2026-04-27,0,UIP-NSK-202604-HEPB-737,PHC-NSK-05,nurse_nsk_05,FALSE,Administered at hospital after delivery.
NSK-2026-0323,OPV,2,OPV-1 (6 Weeks),2026-06-08,2026-06-11,3,UIP-NSK-202606-OPV-302,PHC-NSK-05,nurse_nsk_05,FALSE,Routine UIP session.
NSK-2026-0323,Penta,1,Pentavalent-1 (6 Weeks),2026-06-08,2026-06-13,5,UIP-NSK-202606-PENTA-896,PHC-NSK-05,nurse_nsk_05,FALSE,Routine UIP session.
NSK-2026-0323,Rota,1,Rotavirus-1 (6 Weeks),2026-06-08,2026-06-08,0,UIP-NSK-202606-ROTA-332,PHC-NSK-05,nurse_nsk_05,FALSE,Routine UIP session.
NSK-2026-0323,fIPV,1,fIPV-1 (6 Weeks),2026-06-08,2026-06-08,0,UIP-NSK-202606-FIPV-176,PHC-NSK-05,nurse_nsk_05,FALSE,Routine UIP session.
NSK-2026-0323,PCV,1,PCV-1 (6 Weeks),2026-06-08,2026-06-08,0,UIP-NSK-202606-PCV-384,PHC-NSK-05,nurse_nsk_05,FALSE,Routine UIP session.
NSK-2026-0323,OPV,3,OPV-2 (10 Weeks),2026-07-06,2026-07-09,3,UIP-NSK-202607-OPV-925,PHC-NSK-05,nurse_nsk_05,TRUE,Mild fever and local swelling; resolved in 48 hours.
NSK-2026-0323,Penta,2,Pentavalent-2 (10 Weeks),2026-07-06,2026-07-11,5,UIP-NSK-202607-PENTA-954,PHC-NSK-05,nurse_nsk_05,FALSE,Routine UIP session.
NSK-2026-0323,Rota,2,Rotavirus-2 (10 Weeks),2026-07-06,2026-07-07,1,UIP-NSK-202607-ROTA-936,PHC-NSK-05,nurse_nsk_05,FALSE,Routine UIP session.
NSK-2026-0323,OPV,4,OPV-3 (14 Weeks),2026-08-03,2026-08-06,3,UIP-NSK-202608-OPV-755,PHC-NSK-05,nurse_nsk_05,FALSE,Routine UIP session.
NSK-2026-0323,Penta,3,Pentavalent-3 (14 Weeks),2026-08-03,2026-08-08,5,UIP-NSK-202608-PENTA-983,PHC-NSK-05,nurse_nsk_05,FALSE,Routine UIP session.
NSK-2026-0323,Rota,3,Rotavirus-3 (14 Weeks),2026-08-03,2026-08-04,1,UIP-NSK-202608-ROTA-709,PHC-NSK-05,nurse_nsk_05,FALSE,Routine UIP session.
NSK-2026-0323,fIPV,2,fIPV-2 (14 Weeks),2026-08-03,2026-08-04,1,UIP-NSK-202608-FIPV-890,PHC-NSK-05,nurse_nsk_05,FALSE,Routine UIP session.
NSK-2026-0323,PCV,2,PCV-2 (14 Weeks),2026-08-03,2026-08-03,0,UIP-NSK-202608-PCV-430,PHC-NSK-05,nurse_nsk_05,FALSE,Routine UIP session.
NSK-2026-0324,BCG,1,BCG (At Birth),2026-06-23,2026-06-23,0,UIP-NSK-202606-BCG-896,PHC-NSK-03,nurse_nsk_03,FALSE,Administered at hospital after delivery.
NSK-2026-0324,OPV,1,OPV Zero Dose (At Birth),2026-06-23,2026-06-23,0,UIP-NSK-202606-OPV-111,PHC-NSK-03,nurse_nsk_03,FALSE,Administered at hospital after delivery.
NSK-2026-0324,HepB,1,Hepatitis B Birth Dose,2026-06-23,2026-06-23,0,UIP-NSK-202606-HEPB-250,PHC-NSK-03,nurse_nsk_03,FALSE,Administered at hospital after delivery.
NSK-2026-0324,OPV,2,OPV-1 (6 Weeks),2026-08-04,2026-08-06,2,UIP-NSK-202608-OPV-466,PHC-NSK-03,nurse_nsk_03,FALSE,Routine UIP session.
NSK-2026-0324,Penta,1,Pentavalent-1 (6 Weeks),2026-08-04,2026-08-06,2,UIP-NSK-202608-PENTA-853,PHC-NSK-03,nurse_nsk_03,FALSE,Routine UIP session.
NSK-2026-0324,Rota,1,Rotavirus-1 (6 Weeks),2026-08-04,2026-08-15,11,UIP-NSK-202608-ROTA-523,PHC-NSK-03,nurse_nsk_03,FALSE,Routine UIP session.
NSK-2026-0324,fIPV,1,fIPV-1 (6 Weeks),2026-08-04,2026-08-13,9,UIP-NSK-202608-FIPV-117,PHC-NSK-03,nurse_nsk_03,FALSE,Routine UIP session.
NSK-2026-0324,PCV,1,PCV-1 (6 Weeks),2026-08-04,2026-08-08,4,UIP-NSK-202608-PCV-795,PHC-NSK-03,nurse_nsk_03,FALSE,Routine UIP session.
NSK-2026-0324,OPV,3,OPV-2 (10 Weeks),2026-09-01,2026-09-05,4,UIP-NSK-202609-OPV-274,PHC-NSK-03,nurse_nsk_03,FALSE,Routine UIP session.
NSK-2026-0324,Penta,2,Pentavalent-2 (10 Weeks),2026-09-01,2026-09-07,6,UIP-NSK-202609-PENTA-140,PHC-NSK-03,nurse_nsk_03,FALSE,Routine UIP session.
NSK-2026-0324,Rota,2,Rotavirus-2 (10 Weeks),2026-09-01,2026-09-12,11,UIP-NSK-202609-ROTA-221,PHC-NSK-03,nurse_nsk_03,FALSE,Routine UIP session.
NSK-2026-0324,OPV,4,OPV-3 (14 Weeks),2026-09-29,2026-10-05,6,UIP-NSK-202610-OPV-552,PHC-NSK-03,nurse_nsk_03,FALSE,Routine UIP session.
NSK-2026-0325,BCG,1,BCG (At Birth),2026-06-06,2026-06-06,0,UIP-NSK-202606-BCG-255,PHC-NSK-04,nurse_nsk_04,FALSE,Administered at hospital after delivery.
NSK-2026-0325,OPV,1,OPV Zero Dose (At Birth),2026-06-06,2026-06-06,0,UIP-NSK-202606-OPV-108,PHC-NSK-04,nurse_nsk_04,FALSE,Administered at hospital after delivery.
NSK-2026-0325,HepB,1,Hepatitis B Birth Dose,2026-06-06,2026-06-06,0,UIP-NSK-202606-HEPB-339,PHC-NSK-04,nurse_nsk_04,FALSE,Administered at hospital after delivery.
NSK-2026-0325,OPV,2,OPV-1 (6 Weeks),2026-07-18,2026-07-18,0,UIP-NSK-202607-OPV-713,PHC-NSK-04,nurse_nsk_04,FALSE,Routine UIP session.
NSK-2026-0325,Penta,1,Pentavalent-1 (6 Weeks),2026-07-18,2026-07-20,2,UIP-NSK-202607-PENTA-327,PHC-NSK-01,nurse_nsk_01,FALSE,Routine UIP session.
NSK-2026-0325,Rota,1,Rotavirus-1 (6 Weeks),2026-07-18,2026-07-18,0,UIP-NSK-202607-ROTA-664,PHC-NSK-04,nurse_nsk_04,FALSE,Routine UIP session.
NSK-2026-0325,fIPV,1,fIPV-1 (6 Weeks),2026-07-18,2026-07-18,0,UIP-NSK-202607-FIPV-129,PHC-NSK-04,nurse_nsk_04,FALSE,Routine UIP session.
NSK-2026-0325,PCV,1,PCV-1 (6 Weeks),2026-07-18,2026-07-18,0,UIP-NSK-202607-PCV-348,PHC-NSK-04,nurse_nsk_04,FALSE,Routine UIP session.
NSK-2026-0325,OPV,3,OPV-2 (10 Weeks),2026-08-15,2026-08-15,0,UIP-NSK-202608-OPV-839,PHC-NSK-08,nurse_nsk_08,FALSE,Routine UIP session.
NSK-2026-0325,Penta,2,Pentavalent-2 (10 Weeks),2026-08-15,2026-08-18,3,UIP-NSK-202608-PENTA-178,PHC-NSK-04,nurse_nsk_04,FALSE,Routine UIP session.
NSK-2026-0325,OPV,4,OPV-3 (14 Weeks),2026-09-12,2026-09-12,0,UIP-NSK-202609-OPV-510,PHC-NSK-04,nurse_nsk_04,FALSE,Routine UIP session.
NSK-2026-0325,Penta,3,Pentavalent-3 (14 Weeks),2026-09-12,2026-09-15,3,UIP-NSK-202609-PENTA-683,PHC-NSK-04,nurse_nsk_04,FALSE,Routine UIP session.
NSK-2026-0325,fIPV,2,fIPV-2 (14 Weeks),2026-09-12,2026-09-12,0,UIP-NSK-202609-FIPV-179,PHC-NSK-04,nurse_nsk_04,FALSE,Routine UIP session.
NSK-2026-0325,PCV,2,PCV-2 (14 Weeks),2026-09-12,2026-09-13,1,UIP-NSK-202609-PCV-238,PHC-NSK-04,nurse_nsk_04,FALSE,Routine UIP session.
NSK-2026-0326,BCG,1,BCG (At Birth),2026-01-11,2026-01-11,0,UIP-NSK-202601-BCG-781,PHC-NSK-06,nurse_nsk_06,FALSE,Administered at hospital after delivery.
NSK-2026-0326,OPV,1,OPV Zero Dose (At Birth),2026-01-11,2026-01-11,0,UIP-NSK-202601-OPV-912,PHC-NSK-06,nurse_nsk_06,FALSE,Administered at hospital after delivery.
NSK-2026-0326,HepB,1,Hepatitis B Birth Dose,2026-01-11,2026-01-11,0,UIP-NSK-202601-HEPB-790,PHC-NSK-06,nurse_nsk_06,FALSE,Administered at hospital after delivery.
NSK-2026-0326,OPV,2,OPV-1 (6 Weeks),2026-02-22,2026-02-22,0,UIP-NSK-202602-OPV-816,PHC-NSK-06,nurse_nsk_06,FALSE,Routine UIP session.
NSK-2026-0326,Penta,1,Pentavalent-1 (6 Weeks),2026-02-22,2026-02-22,0,UIP-NSK-202602-PENTA-684,PHC-NSK-06,nurse_nsk_06,FALSE,Routine UIP session.
NSK-2026-0326,fIPV,1,fIPV-1 (6 Weeks),2026-02-22,2026-02-22,0,UIP-NSK-202602-FIPV-499,PHC-NSK-02,nurse_nsk_02,FALSE,Routine UIP session.
NSK-2026-0326,PCV,1,PCV-1 (6 Weeks),2026-02-22,2026-03-04,10,UIP-NSK-202603-PCV-767,PHC-NSK-06,nurse_nsk_06,FALSE,Routine UIP session.
NSK-2026-0326,OPV,3,OPV-2 (10 Weeks),2026-03-22,2026-03-22,0,UIP-NSK-202603-OPV-412,PHC-NSK-06,nurse_nsk_06,FALSE,Routine UIP session.
NSK-2026-0326,Penta,2,Pentavalent-2 (10 Weeks),2026-03-22,2026-03-22,0,UIP-NSK-202603-PENTA-221,PHC-NSK-06,nurse_nsk_06,FALSE,Routine UIP session.
NSK-2026-0326,OPV,4,OPV-3 (14 Weeks),2026-04-19,2026-04-19,0,UIP-NSK-202604-OPV-900,PHC-NSK-06,nurse_nsk_06,FALSE,Routine UIP session.
NSK-2026-0326,Penta,3,Pentavalent-3 (14 Weeks),2026-04-19,2026-04-19,0,UIP-NSK-202604-PENTA-121,PHC-NSK-06,nurse_nsk_06,FALSE,Routine UIP session.
NSK-2026-0326,Rota,3,Rotavirus-3 (14 Weeks),2026-04-19,2026-04-21,2,UIP-NSK-202604-ROTA-536,PHC-NSK-06,nurse_nsk_06,FALSE,Routine UIP session.
NSK-2026-0326,fIPV,2,fIPV-2 (14 Weeks),2026-04-19,2026-04-19,0,UIP-NSK-202604-FIPV-898,PHC-NSK-06,nurse_nsk_06,FALSE,Routine UIP session.
NSK-2026-0326,PCV,2,PCV-2 (14 Weeks),2026-04-19,2026-04-19,0,UIP-NSK-202604-PCV-610,PHC-NSK-06,nurse_nsk_06,FALSE,Routine UIP session.
NSK-2026-0327,BCG,1,BCG (At Birth),2026-09-12,2026-09-12,0,UIP-NSK-202609-BCG-391,PHC-NSK-08,nurse_nsk_08,FALSE,Administered at hospital after delivery.
NSK-2026-0327,OPV,1,OPV Zero Dose (At Birth),2026-09-12,2026-09-12,0,UIP-NSK-202609-OPV-703,PHC-NSK-08,nurse_nsk_08,FALSE,Administered at hospital after delivery.
NSK-2026-0327,HepB,1,Hepatitis B Birth Dose,2026-09-12,2026-09-12,0,UIP-NSK-202609-HEPB-874,PHC-NSK-08,nurse_nsk_08,FALSE,Administered at hospital after delivery.
NSK-2026-0328,BCG,1,BCG (At Birth),2026-09-20,2026-09-20,0,UIP-NSK-202609-BCG-390,PHC-NSK-06,nurse_nsk_06,FALSE,Administered at hospital after delivery.
NSK-2026-0328,OPV,1,OPV Zero Dose (At Birth),2026-09-20,2026-09-20,0,UIP-NSK-202609-OPV-908,PHC-NSK-06,nurse_nsk_06,FALSE,Administered at hospital after delivery.
NSK-2026-0328,HepB,1,Hepatitis B Birth Dose,2026-09-20,2026-09-20,0,UIP-NSK-202609-HEPB-909,PHC-NSK-06,nurse_nsk_06,FALSE,Administered at hospital after delivery.
NSK-2026-0329,OPV,1,OPV Zero Dose (At Birth),2026-01-20,2026-01-20,0,UIP-NSK-202601-OPV-908,PHC-NSK-03,nurse_nsk_03,FALSE,Administered at hospital after delivery.
NSK-2026-0329,HepB,1,Hepatitis B Birth Dose,2026-01-20,2026-01-20,0,UIP-NSK-202601-HEPB-713,PHC-NSK-03,nurse_nsk_03,FALSE,Administered at hospital after delivery.
NSK-2026-0329,OPV,2,OPV-1 (6 Weeks),2026-03-03,2026-03-08,5,UIP-NSK-202603-OPV-158,PHC-NSK-03,nurse_nsk_03,FALSE,Routine UIP session.
NSK-2026-0329,Penta,1,Pentavalent-1 (6 Weeks),2026-03-03,2026-03-07,4,UIP-NSK-202603-PENTA-498,PHC-NSK-03,nurse_nsk_03,FALSE,Routine UIP session.
NSK-2026-0329,Rota,1,Rotavirus-1 (6 Weeks),2026-03-03,2026-03-17,14,UIP-NSK-202603-ROTA-198,PHC-NSK-03,nurse_nsk_03,FALSE,Routine UIP session.
NSK-2026-0329,fIPV,1,fIPV-1 (6 Weeks),2026-03-03,2026-03-09,6,UIP-NSK-202603-FIPV-537,PHC-NSK-03,nurse_nsk_03,FALSE,Routine UIP session.
NSK-2026-0329,PCV,1,PCV-1 (6 Weeks),2026-03-03,2026-03-20,17,UIP-NSK-202603-PCV-966,PHC-NSK-03,nurse_nsk_03,FALSE,Routine UIP session.
NSK-2026-0329,OPV,3,OPV-2 (10 Weeks),2026-03-31,2026-04-05,5,UIP-NSK-202604-OPV-507,PHC-NSK-03,nurse_nsk_03,FALSE,Routine UIP session.
NSK-2026-0329,Penta,2,Pentavalent-2 (10 Weeks),2026-03-31,2026-04-09,9,UIP-NSK-202604-PENTA-956,PHC-NSK-03,nurse_nsk_03,FALSE,Routine UIP session.
NSK-2026-0329,Rota,2,Rotavirus-2 (10 Weeks),2026-03-31,2026-04-14,14,UIP-NSK-202604-ROTA-736,PHC-NSK-03,nurse_nsk_03,FALSE,Routine UIP session.
NSK-2026-0329,OPV,4,OPV-3 (14 Weeks),2026-04-28,2026-05-08,10,UIP-NSK-202605-OPV-801,PHC-NSK-03,nurse_nsk_03,FALSE,Routine UIP session.
NSK-2026-0329,Penta,3,Pentavalent-3 (14 Weeks),2026-04-28,2026-05-08,10,UIP-NSK-202605-PENTA-176,PHC-NSK-03,nurse_nsk_03,FALSE,Routine UIP session.
NSK-2026-0329,fIPV,2,fIPV-2 (14 Weeks),2026-04-28,2026-05-12,14,UIP-NSK-202605-FIPV-582,PHC-NSK-03,nurse_nsk_03,FALSE,Routine UIP session.
NSK-2026-0329,PCV,2,PCV-2 (14 Weeks),2026-04-28,2026-05-04,6,UIP-NSK-202605-PCV-694,PHC-NSK-03,nurse_nsk_03,FALSE,Routine UIP session.
NSK-2026-0330,BCG,1,BCG (At Birth),2026-09-21,2026-09-21,0,UIP-NSK-202609-BCG-121,PHC-NSK-03,nurse_nsk_03,FALSE,Administered at hospital after delivery.
NSK-2026-0330,OPV,1,OPV Zero Dose (At Birth),2026-09-21,2026-09-21,0,UIP-NSK-202609-OPV-149,PHC-NSK-03,nurse_nsk_03,FALSE,Administered at hospital after delivery.
NSK-2026-0330,HepB,1,Hepatitis B Birth Dose,2026-09-21,2026-09-21,0,UIP-NSK-202609-HEPB-352,PHC-NSK-03,nurse_nsk_03,FALSE,Administered at hospital after delivery.
NSK-2026-0331,BCG,1,BCG (At Birth),2026-02-25,2026-02-25,0,UIP-NSK-202602-BCG-361,PHC-NSK-02,nurse_nsk_02,FALSE,Administered at hospital after delivery.
NSK-2026-0331,OPV,1,OPV Zero Dose (At Birth),2026-02-25,2026-02-25,0,UIP-NSK-202602-OPV-983,PHC-NSK-02,nurse_nsk_02,FALSE,Administered at hospital after delivery.
NSK-2026-0331,HepB,1,Hepatitis B Birth Dose,2026-02-25,2026-02-25,0,UIP-NSK-202602-HEPB-573,PHC-NSK-02,nurse_nsk_02,FALSE,Administered at hospital after delivery.
NSK-2026-0331,OPV,2,OPV-1 (6 Weeks),2026-04-08,2026-04-11,3,UIP-NSK-202604-OPV-106,PHC-NSK-02,nurse_nsk_02,FALSE,Routine UIP session.
NSK-2026-0331,Penta,1,Pentavalent-1 (6 Weeks),2026-04-08,2026-04-11,3,UIP-NSK-202604-PENTA-969,PHC-NSK-02,nurse_nsk_02,FALSE,Routine UIP session.
NSK-2026-0331,Rota,1,Rotavirus-1 (6 Weeks),2026-04-08,2026-04-08,0,UIP-NSK-202604-ROTA-170,PHC-NSK-02,nurse_nsk_02,FALSE,Routine UIP session.
NSK-2026-0331,fIPV,1,fIPV-1 (6 Weeks),2026-04-08,2026-04-09,1,UIP-NSK-202604-FIPV-395,PHC-NSK-02,nurse_nsk_02,FALSE,Routine UIP session.
NSK-2026-0331,PCV,1,PCV-1 (6 Weeks),2026-04-08,2026-04-08,0,UIP-NSK-202604-PCV-464,PHC-NSK-02,nurse_nsk_02,FALSE,Routine UIP session.
NSK-2026-0331,OPV,3,OPV-2 (10 Weeks),2026-05-06,2026-05-09,3,UIP-NSK-202605-OPV-432,PHC-NSK-02,nurse_nsk_02,FALSE,Routine UIP session.
NSK-2026-0331,Penta,2,Pentavalent-2 (10 Weeks),2026-05-06,2026-05-09,3,UIP-NSK-202605-PENTA-746,PHC-NSK-02,nurse_nsk_02,FALSE,Routine UIP session.
NSK-2026-0331,Rota,2,Rotavirus-2 (10 Weeks),2026-05-06,2026-05-06,0,UIP-NSK-202605-ROTA-405,PHC-NSK-02,nurse_nsk_02,FALSE,Routine UIP session.
NSK-2026-0331,OPV,4,OPV-3 (14 Weeks),2026-06-03,2026-06-06,3,UIP-NSK-202606-OPV-475,PHC-NSK-02,nurse_nsk_02,TRUE,Mild fever and local swelling; resolved in 48 hours.
NSK-2026-0331,Penta,3,Pentavalent-3 (14 Weeks),2026-06-03,2026-06-06,3,UIP-NSK-202606-PENTA-331,PHC-NSK-02,nurse_nsk_02,FALSE,Routine UIP session.
NSK-2026-0331,Rota,3,Rotavirus-3 (14 Weeks),2026-06-03,2026-06-03,0,UIP-NSK-202606-ROTA-678,PHC-NSK-02,nurse_nsk_02,FALSE,Routine UIP session.
NSK-2026-0331,fIPV,2,fIPV-2 (14 Weeks),2026-06-03,2026-06-03,0,UIP-NSK-202606-FIPV-681,PHC-NSK-02,nurse_nsk_02,FALSE,Routine UIP session.
NSK-2026-0331,PCV,2,PCV-2 (14 Weeks),2026-06-03,2026-06-03,0,UIP-NSK-202606-PCV-387,PHC-NSK-02,nurse_nsk_02,FALSE,Routine UIP session.
NSK-2026-0332,BCG,1,BCG (At Birth),2026-01-20,2026-01-20,0,UIP-NSK-202601-BCG-902,PHC-NSK-02,nurse_nsk_02,FALSE,Administered at hospital after delivery.
NSK-2026-0332,OPV,1,OPV Zero Dose (At Birth),2026-01-20,2026-01-20,0,UIP-NSK-202601-OPV-637,PHC-NSK-02,nurse_nsk_02,FALSE,Administered at hospital after delivery.
NSK-2026-0332,HepB,1,Hepatitis B Birth Dose,2026-01-20,2026-01-20,0,UIP-NSK-202601-HEPB-305,PHC-NSK-02,nurse_nsk_02,FALSE,Administered at hospital after delivery.
NSK-2026-0332,OPV,2,OPV-1 (6 Weeks),2026-03-03,2026-03-05,2,UIP-NSK-202603-OPV-518,PHC-NSK-01,nurse_nsk_01,TRUE,Mild fever and local swelling; resolved in 48 hours.
NSK-2026-0332,Penta,1,Pentavalent-1 (6 Weeks),2026-03-03,2026-03-03,0,UIP-NSK-202603-PENTA-351,PHC-NSK-02,nurse_nsk_02,FALSE,Routine UIP session.
NSK-2026-0332,Rota,1,Rotavirus-1 (6 Weeks),2026-03-03,2026-03-03,0,UIP-NSK-202603-ROTA-132,PHC-NSK-02,nurse_nsk_02,FALSE,Routine UIP session.
NSK-2026-0332,fIPV,1,fIPV-1 (6 Weeks),2026-03-03,2026-03-03,0,UIP-NSK-202603-FIPV-453,PHC-NSK-02,nurse_nsk_02,FALSE,Routine UIP session.
NSK-2026-0332,PCV,1,PCV-1 (6 Weeks),2026-03-03,2026-03-03,0,UIP-NSK-202603-PCV-423,PHC-NSK-02,nurse_nsk_02,FALSE,Routine UIP session.
NSK-2026-0332,OPV,3,OPV-2 (10 Weeks),2026-03-31,2026-04-02,2,UIP-NSK-202604-OPV-417,PHC-NSK-02,nurse_nsk_02,FALSE,Routine UIP session.
NSK-2026-0332,Penta,2,Pentavalent-2 (10 Weeks),2026-03-31,2026-03-31,0,UIP-NSK-202603-PENTA-961,PHC-NSK-02,nurse_nsk_02,FALSE,Routine UIP session.
NSK-2026-0332,Rota,2,Rotavirus-2 (10 Weeks),2026-03-31,2026-04-02,2,UIP-NSK-202604-ROTA-683,PHC-NSK-02,nurse_nsk_02,FALSE,Routine UIP session.
NSK-2026-0332,OPV,4,OPV-3 (14 Weeks),2026-04-28,2026-04-30,2,UIP-NSK-202604-OPV-971,PHC-NSK-02,nurse_nsk_02,FALSE,Routine UIP session.
NSK-2026-0332,Penta,3,Pentavalent-3 (14 Weeks),2026-04-28,2026-04-28,0,UIP-NSK-202604-PENTA-237,PHC-NSK-02,nurse_nsk_02,FALSE,Routine UIP session.
NSK-2026-0332,Rota,3,Rotavirus-3 (14 Weeks),2026-04-28,2026-05-04,6,UIP-NSK-202605-ROTA-497,PHC-NSK-02,nurse_nsk_02,FALSE,Routine UIP session.
NSK-2026-0332,fIPV,2,fIPV-2 (14 Weeks),2026-04-28,2026-04-28,0,UIP-NSK-202604-FIPV-476,PHC-NSK-02,nurse_nsk_02,FALSE,Routine UIP session.
NSK-2026-0332,PCV,2,PCV-2 (14 Weeks),2026-04-28,2026-05-01,3,UIP-NSK-202605-PCV-610,PHC-NSK-02,nurse_nsk_02,FALSE,Routine UIP session.
NSK-2026-0333,BCG,1,BCG (At Birth),2026-05-21,2026-05-21,0,UIP-NSK-202605-BCG-896,PHC-NSK-02,nurse_nsk_02,FALSE,Administered at hospital after delivery.
NSK-2026-0333,OPV,1,OPV Zero Dose (At Birth),2026-05-21,2026-05-21,0,UIP-NSK-202605-OPV-233,PHC-NSK-08,nurse_nsk_08,FALSE,Administered at hospital after delivery.
NSK-2026-0333,OPV,2,OPV-1 (6 Weeks),2026-07-02,2026-07-14,12,UIP-NSK-202607-OPV-562,PHC-NSK-08,nurse_nsk_08,FALSE,Routine UIP session.
NSK-2026-0333,Penta,1,Pentavalent-1 (6 Weeks),2026-07-02,2026-07-08,6,UIP-NSK-202607-PENTA-610,PHC-NSK-08,nurse_nsk_08,FALSE,Routine UIP session.
NSK-2026-0333,Rota,1,Rotavirus-1 (6 Weeks),2026-07-02,2026-07-16,14,UIP-NSK-202607-ROTA-465,PHC-NSK-08,nurse_nsk_08,FALSE,Routine UIP session.
NSK-2026-0333,fIPV,1,fIPV-1 (6 Weeks),2026-07-02,2026-07-16,14,UIP-NSK-202607-FIPV-780,PHC-NSK-08,nurse_nsk_08,FALSE,Routine UIP session.
NSK-2026-0333,PCV,1,PCV-1 (6 Weeks),2026-07-02,2026-07-10,8,UIP-NSK-202607-PCV-790,PHC-NSK-08,nurse_nsk_08,FALSE,Routine UIP session.
NSK-2026-0333,OPV,3,OPV-2 (10 Weeks),2026-07-30,2026-08-11,12,UIP-NSK-202608-OPV-323,PHC-NSK-08,nurse_nsk_08,FALSE,Routine UIP session.
NSK-2026-0333,Penta,2,Pentavalent-2 (10 Weeks),2026-07-30,2026-08-05,6,UIP-NSK-202608-PENTA-565,PHC-NSK-08,nurse_nsk_08,FALSE,Routine UIP session.
NSK-2026-0333,Rota,2,Rotavirus-2 (10 Weeks),2026-07-30,2026-08-13,14,UIP-NSK-202608-ROTA-936,PHC-NSK-08,nurse_nsk_08,FALSE,Routine UIP session.
NSK-2026-0333,OPV,4,OPV-3 (14 Weeks),2026-08-27,2026-09-08,12,UIP-NSK-202609-OPV-879,PHC-NSK-08,nurse_nsk_08,FALSE,Routine UIP session.
NSK-2026-0333,Rota,3,Rotavirus-3 (14 Weeks),2026-08-27,2026-09-10,14,UIP-NSK-202609-ROTA-785,PHC-NSK-08,nurse_nsk_08,FALSE,Routine UIP session.
NSK-2026-0333,fIPV,2,fIPV-2 (14 Weeks),2026-08-27,2026-09-14,18,UIP-NSK-202609-FIPV-599,PHC-NSK-10,nurse_nsk_10,FALSE,Routine UIP session.
NSK-2026-0333,PCV,2,PCV-2 (14 Weeks),2026-08-27,2026-09-10,14,UIP-NSK-202609-PCV-745,PHC-NSK-08,nurse_nsk_08,FALSE,Routine UIP session.
NSK-2026-0334,BCG,1,BCG (At Birth),2026-03-31,2026-03-31,0,UIP-NSK-202603-BCG-436,PHC-NSK-01,nurse_nsk_01,FALSE,Administered at hospital after delivery.
NSK-2026-0334,OPV,1,OPV Zero Dose (At Birth),2026-03-31,2026-03-31,0,UIP-NSK-202603-OPV-571,PHC-NSK-01,nurse_nsk_01,FALSE,Administered at hospital after delivery.
NSK-2026-0334,OPV,2,OPV-1 (6 Weeks),2026-05-12,2026-05-12,0,UIP-NSK-202605-OPV-906,PHC-NSK-07,nurse_nsk_07,FALSE,Routine UIP session.
NSK-2026-0334,Penta,1,Pentavalent-1 (6 Weeks),2026-05-12,2026-05-12,0,UIP-NSK-202605-PENTA-265,PHC-NSK-01,nurse_nsk_01,FALSE,Routine UIP session.
NSK-2026-0334,Rota,1,Rotavirus-1 (6 Weeks),2026-05-12,2026-05-12,0,UIP-NSK-202605-ROTA-353,PHC-NSK-01,nurse_nsk_01,FALSE,Routine UIP session.
NSK-2026-0334,fIPV,1,fIPV-1 (6 Weeks),2026-05-12,2026-05-12,0,UIP-NSK-202605-FIPV-356,PHC-NSK-01,nurse_nsk_01,FALSE,Routine UIP session.
NSK-2026-0334,PCV,1,PCV-1 (6 Weeks),2026-05-12,2026-05-14,2,UIP-NSK-202605-PCV-112,PHC-NSK-01,nurse_nsk_01,FALSE,Routine UIP session.
NSK-2026-0334,OPV,3,OPV-2 (10 Weeks),2026-06-09,2026-06-10,1,UIP-NSK-202606-OPV-643,PHC-NSK-01,nurse_nsk_01,FALSE,Routine UIP session.
NSK-2026-0334,Penta,2,Pentavalent-2 (10 Weeks),2026-06-09,2026-06-09,0,UIP-NSK-202606-PENTA-103,PHC-NSK-01,nurse_nsk_01,FALSE,Routine UIP session.
NSK-2026-0334,Rota,2,Rotavirus-2 (10 Weeks),2026-06-09,2026-06-09,0,UIP-NSK-202606-ROTA-671,PHC-NSK-01,nurse_nsk_01,FALSE,Routine UIP session.
NSK-2026-0334,OPV,4,OPV-3 (14 Weeks),2026-07-07,2026-07-08,1,UIP-NSK-202607-OPV-993,PHC-NSK-01,nurse_nsk_01,FALSE,Routine UIP session.
NSK-2026-0334,Penta,3,Pentavalent-3 (14 Weeks),2026-07-07,2026-07-07,0,UIP-NSK-202607-PENTA-290,PHC-NSK-01,nurse_nsk_01,FALSE,Routine UIP session.
NSK-2026-0334,Rota,3,Rotavirus-3 (14 Weeks),2026-07-07,2026-07-07,0,UIP-NSK-202607-ROTA-190,PHC-NSK-01,nurse_nsk_01,FALSE,Routine UIP session.
NSK-2026-0334,fIPV,2,fIPV-2 (14 Weeks),2026-07-07,2026-07-07,0,UIP-NSK-202607-FIPV-448,PHC-NSK-01,nurse_nsk_01,FALSE,Routine UIP session.
NSK-2026-0334,PCV,2,PCV-2 (14 Weeks),2026-07-07,2026-07-10,3,UIP-NSK-202607-PCV-113,PHC-NSK-01,nurse_nsk_01,FALSE,Routine UIP session.
NSK-2026-0335,BCG,1,BCG (At Birth),2026-05-29,2026-05-29,0,UIP-NSK-202605-BCG-660,PHC-NSK-03,nurse_nsk_03,FALSE,Administered at hospital after delivery.
NSK-2026-0335,OPV,1,OPV Zero Dose (At Birth),2026-05-29,2026-05-29,0,UIP-NSK-202605-OPV-794,PHC-NSK-03,nurse_nsk_03,FALSE,Administered at hospital after delivery.
NSK-2026-0335,HepB,1,Hepatitis B Birth Dose,2026-05-29,2026-05-29,0,UIP-NSK-202605-HEPB-126,PHC-NSK-03,nurse_nsk_03,FALSE,Administered at hospital after delivery.
NSK-2026-0335,OPV,2,OPV-1 (6 Weeks),2026-07-10,2026-07-10,0,UIP-NSK-202607-OPV-317,PHC-NSK-03,nurse_nsk_03,FALSE,Routine UIP session.
NSK-2026-0335,Penta,1,Pentavalent-1 (6 Weeks),2026-07-10,2026-07-10,0,UIP-NSK-202607-PENTA-296,PHC-NSK-03,nurse_nsk_03,FALSE,Routine UIP session.
NSK-2026-0335,Rota,1,Rotavirus-1 (6 Weeks),2026-07-10,2026-07-10,0,UIP-NSK-202607-ROTA-860,PHC-NSK-03,nurse_nsk_03,FALSE,Routine UIP session.
NSK-2026-0335,fIPV,1,fIPV-1 (6 Weeks),2026-07-10,2026-07-10,0,UIP-NSK-202607-FIPV-165,PHC-NSK-03,nurse_nsk_03,FALSE,Routine UIP session.
NSK-2026-0335,PCV,1,PCV-1 (6 Weeks),2026-07-10,2026-07-10,0,UIP-NSK-202607-PCV-666,PHC-NSK-03,nurse_nsk_03,FALSE,Routine UIP session.
NSK-2026-0335,OPV,3,OPV-2 (10 Weeks),2026-08-07,2026-08-07,0,UIP-NSK-202608-OPV-467,PHC-NSK-03,nurse_nsk_03,FALSE,Routine UIP session.
NSK-2026-0335,Penta,2,Pentavalent-2 (10 Weeks),2026-08-07,2026-08-07,0,UIP-NSK-202608-PENTA-913,PHC-NSK-03,nurse_nsk_03,FALSE,Routine UIP session.
NSK-2026-0335,Rota,2,Rotavirus-2 (10 Weeks),2026-08-07,2026-08-08,1,UIP-NSK-202608-ROTA-189,PHC-NSK-03,nurse_nsk_03,FALSE,Routine UIP session.
NSK-2026-0335,OPV,4,OPV-3 (14 Weeks),2026-09-04,2026-09-04,0,UIP-NSK-202609-OPV-648,PHC-NSK-03,nurse_nsk_03,FALSE,Routine UIP session.
NSK-2026-0335,Penta,3,Pentavalent-3 (14 Weeks),2026-09-04,2026-09-04,0,UIP-NSK-202609-PENTA-829,PHC-NSK-03,nurse_nsk_03,FALSE,Routine UIP session.
NSK-2026-0335,Rota,3,Rotavirus-3 (14 Weeks),2026-09-04,2026-09-06,2,UIP-NSK-202609-ROTA-737,PHC-NSK-03,nurse_nsk_03,FALSE,Routine UIP session.
NSK-2026-0335,fIPV,2,fIPV-2 (14 Weeks),2026-09-04,2026-09-04,0,UIP-NSK-202609-FIPV-893,PHC-NSK-03,nurse_nsk_03,FALSE,Routine UIP session.
NSK-2026-0335,PCV,2,PCV-2 (14 Weeks),2026-09-04,2026-09-04,0,UIP-NSK-202609-PCV-876,PHC-NSK-05,nurse_nsk_05,FALSE,Routine UIP session.
NSK-2026-0336,BCG,1,BCG (At Birth),2026-08-08,2026-08-08,0,UIP-NSK-202608-BCG-963,PHC-NSK-03,nurse_nsk_03,FALSE,Administered at hospital after delivery.
NSK-2026-0336,OPV,1,OPV Zero Dose (At Birth),2026-08-08,2026-08-08,0,UIP-NSK-202608-OPV-914,PHC-NSK-03,nurse_nsk_03,FALSE,Administered at hospital after delivery.
NSK-2026-0336,HepB,1,Hepatitis B Birth Dose,2026-08-08,2026-08-08,0,UIP-NSK-202608-HEPB-639,PHC-NSK-03,nurse_nsk_03,FALSE,Administered at hospital after delivery.
NSK-2026-0336,OPV,2,OPV-1 (6 Weeks),2026-09-19,2026-09-19,0,UIP-NSK-202609-OPV-592,PHC-NSK-03,nurse_nsk_03,TRUE,Mild fever and local swelling; resolved in 48 hours.
NSK-2026-0336,Penta,1,Pentavalent-1 (6 Weeks),2026-09-19,2026-09-19,0,UIP-NSK-202609-PENTA-424,PHC-NSK-03,nurse_nsk_03,FALSE,Routine UIP session.
NSK-2026-0336,Rota,1,Rotavirus-1 (6 Weeks),2026-09-19,2026-09-19,0,UIP-NSK-202609-ROTA-600,PHC-NSK-03,nurse_nsk_03,FALSE,Routine UIP session.
NSK-2026-0336,fIPV,1,fIPV-1 (6 Weeks),2026-09-19,2026-09-19,0,UIP-NSK-202609-FIPV-701,PHC-NSK-03,nurse_nsk_03,FALSE,Routine UIP session.
NSK-2026-0336,PCV,1,PCV-1 (6 Weeks),2026-09-19,2026-09-19,0,UIP-NSK-202609-PCV-873,PHC-NSK-03,nurse_nsk_03,FALSE,Routine UIP session.
NSK-2026-0337,BCG,1,BCG (At Birth),2026-05-22,2026-05-22,0,UIP-NSK-202605-BCG-427,PHC-NSK-10,nurse_nsk_10,FALSE,Administered at hospital after delivery.
NSK-2026-0337,OPV,1,OPV Zero Dose (At Birth),2026-05-22,2026-06-28,37,UIP-NSK-202606-OPV-386,PHC-NSK-10,nurse_nsk_10,FALSE,Routine UIP session.
NSK-2026-0337,HepB,1,Hepatitis B Birth Dose,2026-05-22,2026-05-22,0,UIP-NSK-202605-HEPB-696,PHC-NSK-10,nurse_nsk_10,FALSE,Administered at hospital after delivery.
NSK-2026-0337,Penta,1,Pentavalent-1 (6 Weeks),2026-07-03,2026-08-30,58,UIP-NSK-202608-PENTA-715,PHC-NSK-10,nurse_nsk_10,FALSE,Routine UIP session.
NSK-2026-0337,Rota,1,Rotavirus-1 (6 Weeks),2026-07-03,2026-08-26,54,UIP-NSK-202608-ROTA-994,PHC-NSK-10,nurse_nsk_10,FALSE,Routine UIP session.
NSK-2026-0337,fIPV,1,fIPV-1 (6 Weeks),2026-07-03,2026-07-13,10,UIP-NSK-202607-FIPV-745,PHC-NSK-10,nurse_nsk_10,FALSE,Routine UIP session.
NSK-2026-0337,PCV,1,PCV-1 (6 Weeks),2026-07-03,2026-08-28,56,UIP-NSK-202608-PCV-177,PHC-NSK-10,nurse_nsk_10,FALSE,Routine UIP session.
NSK-2026-0337,Penta,2,Pentavalent-2 (10 Weeks),2026-07-31,2026-09-27,58,UIP-NSK-202609-PENTA-804,PHC-NSK-10,nurse_nsk_10,FALSE,Routine UIP session.
NSK-2026-0337,Rota,2,Rotavirus-2 (10 Weeks),2026-07-31,2026-09-23,54,UIP-NSK-202609-ROTA-501,PHC-NSK-06,nurse_nsk_06,FALSE,Routine UIP session.
NSK-2026-0338,BCG,1,BCG (At Birth),2026-09-22,2026-09-22,0,UIP-NSK-202609-BCG-225,PHC-NSK-05,nurse_nsk_05,FALSE,Administered at hospital after delivery.
NSK-2026-0338,OPV,1,OPV Zero Dose (At Birth),2026-09-22,2026-09-22,0,UIP-NSK-202609-OPV-321,PHC-NSK-05,nurse_nsk_05,FALSE,Administered at hospital after delivery.
NSK-2026-0338,HepB,1,Hepatitis B Birth Dose,2026-09-22,2026-09-22,0,UIP-NSK-202609-HEPB-646,PHC-NSK-05,nurse_nsk_05,FALSE,Administered at hospital after delivery.
NSK-2026-0339,BCG,1,BCG (At Birth),2026-08-27,2026-08-27,0,UIP-NSK-202608-BCG-178,PHC-NSK-03,nurse_nsk_03,FALSE,Administered at hospital after delivery.
NSK-2026-0339,OPV,1,OPV Zero Dose (At Birth),2026-08-27,2026-08-27,0,UIP-NSK-202608-OPV-197,PHC-NSK-03,nurse_nsk_03,FALSE,Administered at hospital after delivery.
NSK-2026-0339,HepB,1,Hepatitis B Birth Dose,2026-08-27,2026-08-27,0,UIP-NSK-202608-HEPB-793,PHC-NSK-03,nurse_nsk_03,FALSE,Administered at hospital after delivery.
NSK-2026-0340,OPV,1,OPV Zero Dose (At Birth),2026-04-17,2026-04-17,0,UIP-NSK-202604-OPV-301,PHC-NSK-08,nurse_nsk_08,FALSE,Administered at hospital after delivery.
NSK-2026-0340,HepB,1,Hepatitis B Birth Dose,2026-04-17,2026-04-17,0,UIP-NSK-202604-HEPB-925,PHC-NSK-08,nurse_nsk_08,FALSE,Administered at hospital after delivery.
NSK-2026-0340,OPV,2,OPV-1 (6 Weeks),2026-05-29,2026-05-29,0,UIP-NSK-202605-OPV-319,PHC-NSK-08,nurse_nsk_08,FALSE,Routine UIP session.
NSK-2026-0340,Penta,1,Pentavalent-1 (6 Weeks),2026-05-29,2026-05-30,1,UIP-NSK-202605-PENTA-726,PHC-NSK-08,nurse_nsk_08,FALSE,Routine UIP session.
NSK-2026-0340,Rota,1,Rotavirus-1 (6 Weeks),2026-05-29,2026-05-31,2,UIP-NSK-202605-ROTA-205,PHC-NSK-08,nurse_nsk_08,FALSE,Routine UIP session.
NSK-2026-0340,fIPV,1,fIPV-1 (6 Weeks),2026-05-29,2026-05-29,0,UIP-NSK-202605-FIPV-536,PHC-NSK-08,nurse_nsk_08,FALSE,Routine UIP session.
NSK-2026-0340,PCV,1,PCV-1 (6 Weeks),2026-05-29,2026-05-29,0,UIP-NSK-202605-PCV-636,PHC-NSK-08,nurse_nsk_08,FALSE,Routine UIP session.
NSK-2026-0340,OPV,3,OPV-2 (10 Weeks),2026-06-26,2026-06-29,3,UIP-NSK-202606-OPV-431,PHC-NSK-08,nurse_nsk_08,FALSE,Routine UIP session.
NSK-2026-0340,Penta,2,Pentavalent-2 (10 Weeks),2026-06-26,2026-06-27,1,UIP-NSK-202606-PENTA-778,PHC-NSK-08,nurse_nsk_08,FALSE,Routine UIP session.
NSK-2026-0340,Rota,2,Rotavirus-2 (10 Weeks),2026-06-26,2026-06-28,2,UIP-NSK-202606-ROTA-595,PHC-NSK-08,nurse_nsk_08,FALSE,Routine UIP session.
NSK-2026-0340,OPV,4,OPV-3 (14 Weeks),2026-07-24,2026-07-27,3,UIP-NSK-202607-OPV-515,PHC-NSK-10,nurse_nsk_10,FALSE,Routine UIP session.
NSK-2026-0340,Penta,3,Pentavalent-3 (14 Weeks),2026-07-24,2026-07-25,1,UIP-NSK-202607-PENTA-393,PHC-NSK-08,nurse_nsk_08,FALSE,Routine UIP session.
NSK-2026-0340,Rota,3,Rotavirus-3 (14 Weeks),2026-07-24,2026-07-26,2,UIP-NSK-202607-ROTA-891,PHC-NSK-08,nurse_nsk_08,FALSE,Routine UIP session.
NSK-2026-0340,fIPV,2,fIPV-2 (14 Weeks),2026-07-24,2026-07-24,0,UIP-NSK-202607-FIPV-539,PHC-NSK-08,nurse_nsk_08,FALSE,Routine UIP session.
NSK-2026-0340,PCV,2,PCV-2 (14 Weeks),2026-07-24,2026-07-24,0,UIP-NSK-202607-PCV-976,PHC-NSK-08,nurse_nsk_08,FALSE,Routine UIP session.
NSK-2026-0341,BCG,1,BCG (At Birth),2026-05-22,2026-05-22,0,UIP-NSK-202605-BCG-990,PHC-NSK-06,nurse_nsk_06,FALSE,Administered at hospital after delivery.
NSK-2026-0341,OPV,1,OPV Zero Dose (At Birth),2026-05-22,2026-05-22,0,UIP-NSK-202605-OPV-166,PHC-NSK-06,nurse_nsk_06,FALSE,Administered at hospital after delivery.
NSK-2026-0341,HepB,1,Hepatitis B Birth Dose,2026-05-22,2026-05-22,0,UIP-NSK-202605-HEPB-420,PHC-NSK-06,nurse_nsk_06,FALSE,Administered at hospital after delivery.
NSK-2026-0341,OPV,2,OPV-1 (6 Weeks),2026-07-03,2026-07-03,0,UIP-NSK-202607-OPV-881,PHC-NSK-06,nurse_nsk_06,FALSE,Routine UIP session.
NSK-2026-0341,Penta,1,Pentavalent-1 (6 Weeks),2026-07-03,2026-07-03,0,UIP-NSK-202607-PENTA-182,PHC-NSK-06,nurse_nsk_06,FALSE,Routine UIP session.
NSK-2026-0341,Rota,1,Rotavirus-1 (6 Weeks),2026-07-03,2026-07-03,0,UIP-NSK-202607-ROTA-825,PHC-NSK-06,nurse_nsk_06,FALSE,Routine UIP session.
NSK-2026-0341,fIPV,1,fIPV-1 (6 Weeks),2026-07-03,2026-07-03,0,UIP-NSK-202607-FIPV-908,PHC-NSK-06,nurse_nsk_06,TRUE,Mild fever and local swelling; resolved in 48 hours.
NSK-2026-0341,PCV,1,PCV-1 (6 Weeks),2026-07-03,2026-07-03,0,UIP-NSK-202607-PCV-466,PHC-NSK-06,nurse_nsk_06,TRUE,Mild fever and local swelling; resolved in 48 hours.
NSK-2026-0341,OPV,3,OPV-2 (10 Weeks),2026-07-31,2026-07-31,0,UIP-NSK-202607-OPV-178,PHC-NSK-06,nurse_nsk_06,FALSE,Routine UIP session.
NSK-2026-0341,Penta,2,Pentavalent-2 (10 Weeks),2026-07-31,2026-07-31,0,UIP-NSK-202607-PENTA-449,PHC-NSK-06,nurse_nsk_06,FALSE,Routine UIP session.
NSK-2026-0341,Rota,2,Rotavirus-2 (10 Weeks),2026-07-31,2026-08-01,1,UIP-NSK-202608-ROTA-316,PHC-NSK-06,nurse_nsk_06,FALSE,Routine UIP session.
NSK-2026-0341,OPV,4,OPV-3 (14 Weeks),2026-08-28,2026-08-28,0,UIP-NSK-202608-OPV-767,PHC-NSK-06,nurse_nsk_06,FALSE,Routine UIP session.
NSK-2026-0341,Penta,3,Pentavalent-3 (14 Weeks),2026-08-28,2026-08-28,0,UIP-NSK-202608-PENTA-992,PHC-NSK-06,nurse_nsk_06,FALSE,Routine UIP session.
NSK-2026-0341,Rota,3,Rotavirus-3 (14 Weeks),2026-08-28,2026-08-29,1,UIP-NSK-202608-ROTA-378,PHC-NSK-06,nurse_nsk_06,FALSE,Routine UIP session.
NSK-2026-0341,fIPV,2,fIPV-2 (14 Weeks),2026-08-28,2026-08-31,3,UIP-NSK-202608-FIPV-805,PHC-NSK-06,nurse_nsk_06,FALSE,Routine UIP session.
NSK-2026-0341,PCV,2,PCV-2 (14 Weeks),2026-08-28,2026-08-28,0,UIP-NSK-202608-PCV-769,PHC-NSK-06,nurse_nsk_06,FALSE,Routine UIP session.
NSK-2026-0342,BCG,1,BCG (At Birth),2026-01-25,2026-01-25,0,UIP-NSK-202601-BCG-233,PHC-NSK-09,nurse_nsk_09,FALSE,Administered at hospital after delivery.
NSK-2026-0342,OPV,1,OPV Zero Dose (At Birth),2026-01-25,2026-01-25,0,UIP-NSK-202601-OPV-325,PHC-NSK-09,nurse_nsk_09,FALSE,Administered at hospital after delivery.
NSK-2026-0342,HepB,1,Hepatitis B Birth Dose,2026-01-25,2026-01-25,0,UIP-NSK-202601-HEPB-555,PHC-NSK-09,nurse_nsk_09,FALSE,Administered at hospital after delivery.
NSK-2026-0342,OPV,2,OPV-1 (6 Weeks),2026-03-08,2026-03-08,0,UIP-NSK-202603-OPV-221,PHC-NSK-09,nurse_nsk_09,FALSE,Routine UIP session.
NSK-2026-0342,Penta,1,Pentavalent-1 (6 Weeks),2026-03-08,2026-03-08,0,UIP-NSK-202603-PENTA-393,PHC-NSK-09,nurse_nsk_09,FALSE,Routine UIP session.
NSK-2026-0342,Rota,1,Rotavirus-1 (6 Weeks),2026-03-08,2026-03-08,0,UIP-NSK-202603-ROTA-132,PHC-NSK-09,nurse_nsk_09,FALSE,Routine UIP session.
NSK-2026-0342,fIPV,1,fIPV-1 (6 Weeks),2026-03-08,2026-03-10,2,UIP-NSK-202603-FIPV-578,PHC-NSK-09,nurse_nsk_09,FALSE,Routine UIP session.
NSK-2026-0342,PCV,1,PCV-1 (6 Weeks),2026-03-08,2026-03-08,0,UIP-NSK-202603-PCV-983,PHC-NSK-09,nurse_nsk_09,FALSE,Routine UIP session.
NSK-2026-0342,OPV,3,OPV-2 (10 Weeks),2026-04-05,2026-04-05,0,UIP-NSK-202604-OPV-799,PHC-NSK-09,nurse_nsk_09,FALSE,Routine UIP session.
NSK-2026-0342,Penta,2,Pentavalent-2 (10 Weeks),2026-04-05,2026-04-05,0,UIP-NSK-202604-PENTA-566,PHC-NSK-09,nurse_nsk_09,FALSE,Routine UIP session.
NSK-2026-0342,Rota,2,Rotavirus-2 (10 Weeks),2026-04-05,2026-04-05,0,UIP-NSK-202604-ROTA-496,PHC-NSK-09,nurse_nsk_09,FALSE,Routine UIP session.
NSK-2026-0342,OPV,4,OPV-3 (14 Weeks),2026-05-03,2026-05-03,0,UIP-NSK-202605-OPV-590,PHC-NSK-09,nurse_nsk_09,FALSE,Routine UIP session.
NSK-2026-0342,Penta,3,Pentavalent-3 (14 Weeks),2026-05-03,2026-05-03,0,UIP-NSK-202605-PENTA-546,PHC-NSK-09,nurse_nsk_09,FALSE,Routine UIP session.
NSK-2026-0342,Rota,3,Rotavirus-3 (14 Weeks),2026-05-03,2026-05-03,0,UIP-NSK-202605-ROTA-150,PHC-NSK-09,nurse_nsk_09,FALSE,Routine UIP session.
NSK-2026-0342,fIPV,2,fIPV-2 (14 Weeks),2026-05-03,2026-05-03,0,UIP-NSK-202605-FIPV-797,PHC-NSK-09,nurse_nsk_09,FALSE,Routine UIP session.
NSK-2026-0342,PCV,2,PCV-2 (14 Weeks),2026-05-03,2026-05-11,8,UIP-NSK-202605-PCV-731,PHC-NSK-09,nurse_nsk_09,FALSE,Routine UIP session.
NSK-2026-0343,OPV,1,OPV Zero Dose (At Birth),2026-02-07,2026-02-07,0,UIP-NSK-202602-OPV-246,PHC-NSK-03,nurse_nsk_03,FALSE,Administered at hospital after delivery.
NSK-2026-0343,HepB,1,Hepatitis B Birth Dose,2026-02-07,2026-02-07,0,UIP-NSK-202602-HEPB-575,PHC-NSK-03,nurse_nsk_03,FALSE,Administered at hospital after delivery.
NSK-2026-0343,OPV,2,OPV-1 (6 Weeks),2026-03-21,2026-03-21,0,UIP-NSK-202603-OPV-370,PHC-NSK-03,nurse_nsk_03,FALSE,Routine UIP session.
NSK-2026-0343,Penta,1,Pentavalent-1 (6 Weeks),2026-03-21,2026-03-21,0,UIP-NSK-202603-PENTA-580,PHC-NSK-03,nurse_nsk_03,FALSE,Routine UIP session.
NSK-2026-0343,Rota,1,Rotavirus-1 (6 Weeks),2026-03-21,2026-03-21,0,UIP-NSK-202603-ROTA-569,PHC-NSK-03,nurse_nsk_03,FALSE,Routine UIP session.
NSK-2026-0343,fIPV,1,fIPV-1 (6 Weeks),2026-03-21,2026-03-22,1,UIP-NSK-202603-FIPV-525,PHC-NSK-03,nurse_nsk_03,FALSE,Routine UIP session.
NSK-2026-0343,PCV,1,PCV-1 (6 Weeks),2026-03-21,2026-03-22,1,UIP-NSK-202603-PCV-347,PHC-NSK-03,nurse_nsk_03,FALSE,Routine UIP session.
NSK-2026-0343,OPV,3,OPV-2 (10 Weeks),2026-04-18,2026-04-18,0,UIP-NSK-202604-OPV-332,PHC-NSK-03,nurse_nsk_03,FALSE,Routine UIP session.
NSK-2026-0343,Penta,2,Pentavalent-2 (10 Weeks),2026-04-18,2026-04-18,0,UIP-NSK-202604-PENTA-367,PHC-NSK-03,nurse_nsk_03,TRUE,Mild fever and local swelling; resolved in 48 hours.
NSK-2026-0343,Rota,2,Rotavirus-2 (10 Weeks),2026-04-18,2026-04-19,1,UIP-NSK-202604-ROTA-535,PHC-NSK-03,nurse_nsk_03,FALSE,Routine UIP session.
NSK-2026-0343,OPV,4,OPV-3 (14 Weeks),2026-05-16,2026-05-16,0,UIP-NSK-202605-OPV-399,PHC-NSK-03,nurse_nsk_03,FALSE,Routine UIP session.
NSK-2026-0343,Penta,3,Pentavalent-3 (14 Weeks),2026-05-16,2026-05-18,2,UIP-NSK-202605-PENTA-988,PHC-NSK-03,nurse_nsk_03,FALSE,Routine UIP session.
NSK-2026-0343,Rota,3,Rotavirus-3 (14 Weeks),2026-05-16,2026-05-17,1,UIP-NSK-202605-ROTA-421,PHC-NSK-03,nurse_nsk_03,FALSE,Routine UIP session.
NSK-2026-0343,fIPV,2,fIPV-2 (14 Weeks),2026-05-16,2026-05-16,0,UIP-NSK-202605-FIPV-515,PHC-NSK-03,nurse_nsk_03,FALSE,Routine UIP session.
NSK-2026-0343,PCV,2,PCV-2 (14 Weeks),2026-05-16,2026-05-16,0,UIP-NSK-202605-PCV-589,PHC-NSK-03,nurse_nsk_03,FALSE,Routine UIP session.
NSK-2026-0344,OPV,1,OPV Zero Dose (At Birth),2026-08-26,2026-08-26,0,UIP-NSK-202608-OPV-268,PHC-NSK-07,nurse_nsk_07,FALSE,Administered at hospital after delivery.
NSK-2026-0344,HepB,1,Hepatitis B Birth Dose,2026-08-26,2026-08-26,0,UIP-NSK-202608-HEPB-741,PHC-NSK-07,nurse_nsk_07,FALSE,Administered at hospital after delivery.
NSK-2026-0345,BCG,1,BCG (At Birth),2026-07-11,2026-07-11,0,UIP-NSK-202607-BCG-632,PHC-NSK-05,nurse_nsk_05,FALSE,Administered at hospital after delivery.
NSK-2026-0345,OPV,1,OPV Zero Dose (At Birth),2026-07-11,2026-07-11,0,UIP-NSK-202607-OPV-694,PHC-NSK-05,nurse_nsk_05,FALSE,Administered at hospital after delivery.
NSK-2026-0345,HepB,1,Hepatitis B Birth Dose,2026-07-11,2026-07-11,0,UIP-NSK-202607-HEPB-500,PHC-NSK-05,nurse_nsk_05,FALSE,Administered at hospital after delivery.
NSK-2026-0345,Penta,1,Pentavalent-1 (6 Weeks),2026-08-22,2026-09-16,25,UIP-NSK-202609-PENTA-524,PHC-NSK-05,nurse_nsk_05,FALSE,Routine UIP session.
NSK-2026-0346,BCG,1,BCG (At Birth),2026-09-02,2026-09-02,0,UIP-NSK-202609-BCG-770,PHC-NSK-01,nurse_nsk_01,FALSE,Administered at hospital after delivery.
NSK-2026-0346,OPV,1,OPV Zero Dose (At Birth),2026-09-02,2026-09-02,0,UIP-NSK-202609-OPV-909,PHC-NSK-01,nurse_nsk_01,FALSE,Administered at hospital after delivery.
NSK-2026-0346,HepB,1,Hepatitis B Birth Dose,2026-09-02,2026-09-02,0,UIP-NSK-202609-HEPB-221,PHC-NSK-01,nurse_nsk_01,FALSE,Administered at hospital after delivery.
NSK-2026-0347,BCG,1,BCG (At Birth),2026-01-15,2026-01-15,0,UIP-NSK-202601-BCG-483,PHC-NSK-07,nurse_nsk_07,FALSE,Administered at hospital after delivery.
NSK-2026-0347,OPV,1,OPV Zero Dose (At Birth),2026-01-15,2026-01-15,0,UIP-NSK-202601-OPV-400,PHC-NSK-07,nurse_nsk_07,FALSE,Administered at hospital after delivery.
NSK-2026-0347,HepB,1,Hepatitis B Birth Dose,2026-01-15,2026-01-15,0,UIP-NSK-202601-HEPB-972,PHC-NSK-07,nurse_nsk_07,FALSE,Administered at hospital after delivery.
NSK-2026-0347,OPV,2,OPV-1 (6 Weeks),2026-02-26,2026-02-26,0,UIP-NSK-202602-OPV-721,PHC-NSK-07,nurse_nsk_07,FALSE,Routine UIP session.
NSK-2026-0347,Penta,1,Pentavalent-1 (6 Weeks),2026-02-26,2026-02-26,0,UIP-NSK-202602-PENTA-418,PHC-NSK-07,nurse_nsk_07,FALSE,Routine UIP session.
NSK-2026-0347,Rota,1,Rotavirus-1 (6 Weeks),2026-02-26,2026-03-06,8,UIP-NSK-202603-ROTA-463,PHC-NSK-07,nurse_nsk_07,FALSE,Routine UIP session.
NSK-2026-0347,fIPV,1,fIPV-1 (6 Weeks),2026-02-26,2026-02-26,0,UIP-NSK-202602-FIPV-253,PHC-NSK-07,nurse_nsk_07,FALSE,Routine UIP session.
NSK-2026-0347,PCV,1,PCV-1 (6 Weeks),2026-02-26,2026-02-26,0,UIP-NSK-202602-PCV-349,PHC-NSK-07,nurse_nsk_07,FALSE,Routine UIP session.
NSK-2026-0347,OPV,3,OPV-2 (10 Weeks),2026-03-26,2026-03-27,1,UIP-NSK-202603-OPV-583,PHC-NSK-07,nurse_nsk_07,FALSE,Routine UIP session.
NSK-2026-0347,Penta,2,Pentavalent-2 (10 Weeks),2026-03-26,2026-03-26,0,UIP-NSK-202603-PENTA-698,PHC-NSK-07,nurse_nsk_07,FALSE,Routine UIP session.
NSK-2026-0347,Rota,2,Rotavirus-2 (10 Weeks),2026-03-26,2026-04-03,8,UIP-NSK-202604-ROTA-918,PHC-NSK-07,nurse_nsk_07,FALSE,Routine UIP session.
NSK-2026-0347,OPV,4,OPV-3 (14 Weeks),2026-04-23,2026-04-24,1,UIP-NSK-202604-OPV-686,PHC-NSK-07,nurse_nsk_07,FALSE,Routine UIP session.
NSK-2026-0347,Penta,3,Pentavalent-3 (14 Weeks),2026-04-23,2026-04-23,0,UIP-NSK-202604-PENTA-746,PHC-NSK-07,nurse_nsk_07,FALSE,Routine UIP session.
NSK-2026-0347,Rota,3,Rotavirus-3 (14 Weeks),2026-04-23,2026-05-01,8,UIP-NSK-202605-ROTA-233,PHC-NSK-07,nurse_nsk_07,FALSE,Routine UIP session.
NSK-2026-0347,fIPV,2,fIPV-2 (14 Weeks),2026-04-23,2026-04-23,0,UIP-NSK-202604-FIPV-682,PHC-NSK-07,nurse_nsk_07,FALSE,Routine UIP session.
NSK-2026-0347,PCV,2,PCV-2 (14 Weeks),2026-04-23,2026-04-25,2,UIP-NSK-202604-PCV-492,PHC-NSK-07,nurse_nsk_07,FALSE,Routine UIP session.
NSK-2026-0348,BCG,1,BCG (At Birth),2026-02-01,2026-02-01,0,UIP-NSK-202602-BCG-116,PHC-NSK-06,nurse_nsk_06,FALSE,Administered at hospital after delivery.
NSK-2026-0348,OPV,1,OPV Zero Dose (At Birth),2026-02-01,2026-02-01,0,UIP-NSK-202602-OPV-518,PHC-NSK-06,nurse_nsk_06,FALSE,Administered at hospital after delivery.
NSK-2026-0348,HepB,1,Hepatitis B Birth Dose,2026-02-01,2026-02-01,0,UIP-NSK-202602-HEPB-592,PHC-NSK-06,nurse_nsk_06,FALSE,Administered at hospital after delivery.
NSK-2026-0348,OPV,2,OPV-1 (6 Weeks),2026-03-15,2026-03-17,2,UIP-NSK-202603-OPV-286,PHC-NSK-08,nurse_nsk_08,FALSE,Routine UIP session.
NSK-2026-0348,Penta,1,Pentavalent-1 (6 Weeks),2026-03-15,2026-03-15,0,UIP-NSK-202603-PENTA-601,PHC-NSK-06,nurse_nsk_06,FALSE,Routine UIP session.
NSK-2026-0348,Rota,1,Rotavirus-1 (6 Weeks),2026-03-15,2026-03-25,10,UIP-NSK-202603-ROTA-611,PHC-NSK-06,nurse_nsk_06,FALSE,Routine UIP session.
NSK-2026-0348,fIPV,1,fIPV-1 (6 Weeks),2026-03-15,2026-03-15,0,UIP-NSK-202603-FIPV-891,PHC-NSK-06,nurse_nsk_06,FALSE,Routine UIP session.
NSK-2026-0348,PCV,1,PCV-1 (6 Weeks),2026-03-15,2026-03-15,0,UIP-NSK-202603-PCV-977,PHC-NSK-07,nurse_nsk_07,FALSE,Routine UIP session.
NSK-2026-0348,OPV,3,OPV-2 (10 Weeks),2026-04-12,2026-04-14,2,UIP-NSK-202604-OPV-876,PHC-NSK-06,nurse_nsk_06,FALSE,Routine UIP session.
NSK-2026-0348,Penta,2,Pentavalent-2 (10 Weeks),2026-04-12,2026-04-12,0,UIP-NSK-202604-PENTA-494,PHC-NSK-06,nurse_nsk_06,FALSE,Routine UIP session.
NSK-2026-0348,Rota,2,Rotavirus-2 (10 Weeks),2026-04-12,2026-04-22,10,UIP-NSK-202604-ROTA-530,PHC-NSK-06,nurse_nsk_06,FALSE,Routine UIP session.
NSK-2026-0348,OPV,4,OPV-3 (14 Weeks),2026-05-10,2026-05-12,2,UIP-NSK-202605-OPV-431,PHC-NSK-09,nurse_nsk_09,FALSE,Routine UIP session.
NSK-2026-0348,Penta,3,Pentavalent-3 (14 Weeks),2026-05-10,2026-05-10,0,UIP-NSK-202605-PENTA-138,PHC-NSK-06,nurse_nsk_06,FALSE,Routine UIP session.
NSK-2026-0348,Rota,3,Rotavirus-3 (14 Weeks),2026-05-10,2026-05-20,10,UIP-NSK-202605-ROTA-332,PHC-NSK-06,nurse_nsk_06,FALSE,Routine UIP session.
NSK-2026-0348,fIPV,2,fIPV-2 (14 Weeks),2026-05-10,2026-05-12,2,UIP-NSK-202605-FIPV-128,PHC-NSK-06,nurse_nsk_06,FALSE,Routine UIP session.
NSK-2026-0348,PCV,2,PCV-2 (14 Weeks),2026-05-10,2026-05-11,1,UIP-NSK-202605-PCV-565,PHC-NSK-06,nurse_nsk_06,FALSE,Routine UIP session.
NSK-2026-0349,BCG,1,BCG (At Birth),2026-01-17,2026-01-17,0,UIP-NSK-202601-BCG-852,PHC-NSK-09,nurse_nsk_09,FALSE,Administered at hospital after delivery.
NSK-2026-0349,OPV,1,OPV Zero Dose (At Birth),2026-01-17,2026-01-19,2,UIP-NSK-202601-OPV-299,PHC-NSK-09,nurse_nsk_09,FALSE,Routine UIP session.
NSK-2026-0349,HepB,1,Hepatitis B Birth Dose,2026-01-17,2026-01-17,0,UIP-NSK-202601-HEPB-915,PHC-NSK-09,nurse_nsk_09,FALSE,Administered at hospital after delivery.
NSK-2026-0349,OPV,2,OPV-1 (6 Weeks),2026-02-28,2026-02-28,0,UIP-NSK-202602-OPV-786,PHC-NSK-09,nurse_nsk_09,FALSE,Routine UIP session.
NSK-2026-0349,Penta,1,Pentavalent-1 (6 Weeks),2026-02-28,2026-02-28,0,UIP-NSK-202602-PENTA-799,PHC-NSK-09,nurse_nsk_09,FALSE,Routine UIP session.
NSK-2026-0349,Rota,1,Rotavirus-1 (6 Weeks),2026-02-28,2026-03-03,3,UIP-NSK-202603-ROTA-500,PHC-NSK-09,nurse_nsk_09,FALSE,Routine UIP session.
NSK-2026-0349,fIPV,1,fIPV-1 (6 Weeks),2026-02-28,2026-02-28,0,UIP-NSK-202602-FIPV-802,PHC-NSK-03,nurse_nsk_03,FALSE,Routine UIP session.
NSK-2026-0349,PCV,1,PCV-1 (6 Weeks),2026-02-28,2026-03-03,3,UIP-NSK-202603-PCV-471,PHC-NSK-09,nurse_nsk_09,FALSE,Routine UIP session.
NSK-2026-0349,OPV,3,OPV-2 (10 Weeks),2026-03-28,2026-03-28,0,UIP-NSK-202603-OPV-918,PHC-NSK-09,nurse_nsk_09,FALSE,Routine UIP session.
NSK-2026-0349,Penta,2,Pentavalent-2 (10 Weeks),2026-03-28,2026-03-30,2,UIP-NSK-202603-PENTA-248,PHC-NSK-09,nurse_nsk_09,FALSE,Routine UIP session.
NSK-2026-0349,Rota,2,Rotavirus-2 (10 Weeks),2026-03-28,2026-03-31,3,UIP-NSK-202603-ROTA-958,PHC-NSK-09,nurse_nsk_09,FALSE,Routine UIP session.
NSK-2026-0349,OPV,4,OPV-3 (14 Weeks),2026-04-25,2026-04-25,0,UIP-NSK-202604-OPV-165,PHC-NSK-09,nurse_nsk_09,FALSE,Routine UIP session.
NSK-2026-0349,Penta,3,Pentavalent-3 (14 Weeks),2026-04-25,2026-04-27,2,UIP-NSK-202604-PENTA-778,PHC-NSK-09,nurse_nsk_09,FALSE,Routine UIP session.
NSK-2026-0349,Rota,3,Rotavirus-3 (14 Weeks),2026-04-25,2026-04-28,3,UIP-NSK-202604-ROTA-254,PHC-NSK-09,nurse_nsk_09,FALSE,Routine UIP session.
NSK-2026-0349,fIPV,2,fIPV-2 (14 Weeks),2026-04-25,2026-04-27,2,UIP-NSK-202604-FIPV-991,PHC-NSK-09,nurse_nsk_09,FALSE,Routine UIP session.
NSK-2026-0349,PCV,2,PCV-2 (14 Weeks),2026-04-25,2026-04-25,0,UIP-NSK-202604-PCV-175,PHC-NSK-09,nurse_nsk_09,FALSE,Routine UIP session.
NSK-2026-0350,BCG,1,BCG (At Birth),2026-07-10,2026-07-10,0,UIP-NSK-202607-BCG-470,PHC-NSK-06,nurse_nsk_06,FALSE,Administered at hospital after delivery.
NSK-2026-0350,OPV,1,OPV Zero Dose (At Birth),2026-07-10,2026-07-10,0,UIP-NSK-202607-OPV-349,PHC-NSK-06,nurse_nsk_06,FALSE,Administered at hospital after delivery.
NSK-2026-0350,HepB,1,Hepatitis B Birth Dose,2026-07-10,2026-07-10,0,UIP-NSK-202607-HEPB-408,PHC-NSK-06,nurse_nsk_06,FALSE,Administered at hospital after delivery.
NSK-2026-0350,OPV,2,OPV-1 (6 Weeks),2026-08-21,2026-08-24,3,UIP-NSK-202608-OPV-671,PHC-NSK-06,nurse_nsk_06,FALSE,Routine UIP session.
NSK-2026-0350,Penta,1,Pentavalent-1 (6 Weeks),2026-08-21,2026-08-21,0,UIP-NSK-202608-PENTA-675,PHC-NSK-06,nurse_nsk_06,FALSE,Routine UIP session.
NSK-2026-0350,Rota,1,Rotavirus-1 (6 Weeks),2026-08-21,2026-08-23,2,UIP-NSK-202608-ROTA-169,PHC-NSK-06,nurse_nsk_06,FALSE,Routine UIP session.
NSK-2026-0350,fIPV,1,fIPV-1 (6 Weeks),2026-08-21,2026-08-21,0,UIP-NSK-202608-FIPV-495,PHC-NSK-06,nurse_nsk_06,FALSE,Routine UIP session.
NSK-2026-0350,PCV,1,PCV-1 (6 Weeks),2026-08-21,2026-08-22,1,UIP-NSK-202608-PCV-430,PHC-NSK-06,nurse_nsk_06,FALSE,Routine UIP session.
NSK-2026-0350,OPV,3,OPV-2 (10 Weeks),2026-09-18,2026-09-21,3,UIP-NSK-202609-OPV-407,PHC-NSK-06,nurse_nsk_06,FALSE,Routine UIP session.
NSK-2026-0350,Penta,2,Pentavalent-2 (10 Weeks),2026-09-18,2026-09-18,0,UIP-NSK-202609-PENTA-398,PHC-NSK-06,nurse_nsk_06,FALSE,Routine UIP session.
NSK-2026-0350,Rota,2,Rotavirus-2 (10 Weeks),2026-09-18,2026-09-20,2,UIP-NSK-202609-ROTA-513,PHC-NSK-06,nurse_nsk_06,FALSE,Routine UIP session.
NSK-2026-0351,BCG,1,BCG (At Birth),2026-01-22,2026-01-22,0,UIP-NSK-202601-BCG-477,PHC-NSK-02,nurse_nsk_02,FALSE,Administered at hospital after delivery.
NSK-2026-0351,OPV,1,OPV Zero Dose (At Birth),2026-01-22,2026-01-22,0,UIP-NSK-202601-OPV-331,PHC-NSK-02,nurse_nsk_02,FALSE,Administered at hospital after delivery.
NSK-2026-0351,HepB,1,Hepatitis B Birth Dose,2026-01-22,2026-01-22,0,UIP-NSK-202601-HEPB-976,PHC-NSK-02,nurse_nsk_02,FALSE,Administered at hospital after delivery.
NSK-2026-0351,OPV,2,OPV-1 (6 Weeks),2026-03-05,2026-03-06,1,UIP-NSK-202603-OPV-189,PHC-NSK-02,nurse_nsk_02,FALSE,Routine UIP session.
NSK-2026-0351,Penta,1,Pentavalent-1 (6 Weeks),2026-03-05,2026-03-07,2,UIP-NSK-202603-PENTA-406,PHC-NSK-02,nurse_nsk_02,FALSE,Routine UIP session.
NSK-2026-0351,Rota,1,Rotavirus-1 (6 Weeks),2026-03-05,2026-03-05,0,UIP-NSK-202603-ROTA-573,PHC-NSK-02,nurse_nsk_02,FALSE,Routine UIP session.
NSK-2026-0351,fIPV,1,fIPV-1 (6 Weeks),2026-03-05,2026-03-05,0,UIP-NSK-202603-FIPV-435,PHC-NSK-02,nurse_nsk_02,FALSE,Routine UIP session.
NSK-2026-0351,PCV,1,PCV-1 (6 Weeks),2026-03-05,2026-03-05,0,UIP-NSK-202603-PCV-396,PHC-NSK-02,nurse_nsk_02,FALSE,Routine UIP session.
NSK-2026-0351,OPV,3,OPV-2 (10 Weeks),2026-04-02,2026-04-03,1,UIP-NSK-202604-OPV-232,PHC-NSK-02,nurse_nsk_02,FALSE,Routine UIP session.
NSK-2026-0351,Penta,2,Pentavalent-2 (10 Weeks),2026-04-02,2026-04-04,2,UIP-NSK-202604-PENTA-806,PHC-NSK-02,nurse_nsk_02,FALSE,Routine UIP session.
NSK-2026-0351,Rota,2,Rotavirus-2 (10 Weeks),2026-04-02,2026-04-02,0,UIP-NSK-202604-ROTA-458,PHC-NSK-02,nurse_nsk_02,FALSE,Routine UIP session.
NSK-2026-0351,OPV,4,OPV-3 (14 Weeks),2026-04-30,2026-05-01,1,UIP-NSK-202605-OPV-259,PHC-NSK-02,nurse_nsk_02,FALSE,Routine UIP session.
NSK-2026-0351,Penta,3,Pentavalent-3 (14 Weeks),2026-04-30,2026-05-02,2,UIP-NSK-202605-PENTA-997,PHC-NSK-02,nurse_nsk_02,FALSE,Routine UIP session.
NSK-2026-0351,Rota,3,Rotavirus-3 (14 Weeks),2026-04-30,2026-04-30,0,UIP-NSK-202604-ROTA-282,PHC-NSK-02,nurse_nsk_02,FALSE,Routine UIP session.
NSK-2026-0351,fIPV,2,fIPV-2 (14 Weeks),2026-04-30,2026-05-01,1,UIP-NSK-202605-FIPV-460,PHC-NSK-02,nurse_nsk_02,FALSE,Routine UIP session.
NSK-2026-0351,PCV,2,PCV-2 (14 Weeks),2026-04-30,2026-04-30,0,UIP-NSK-202604-PCV-420,PHC-NSK-02,nurse_nsk_02,FALSE,Routine UIP session.
NSK-2026-0352,BCG,1,BCG (At Birth),2026-08-05,2026-08-05,0,UIP-NSK-202608-BCG-165,PHC-NSK-05,nurse_nsk_05,FALSE,Administered at hospital after delivery.
NSK-2026-0352,OPV,1,OPV Zero Dose (At Birth),2026-08-05,2026-08-05,0,UIP-NSK-202608-OPV-301,PHC-NSK-04,nurse_nsk_04,FALSE,Administered at hospital after delivery.
NSK-2026-0352,HepB,1,Hepatitis B Birth Dose,2026-08-05,2026-08-05,0,UIP-NSK-202608-HEPB-585,PHC-NSK-04,nurse_nsk_04,FALSE,Administered at hospital after delivery.
NSK-2026-0352,OPV,2,OPV-1 (6 Weeks),2026-09-16,2026-09-19,3,UIP-NSK-202609-OPV-791,PHC-NSK-04,nurse_nsk_04,FALSE,Routine UIP session.
NSK-2026-0352,Penta,1,Pentavalent-1 (6 Weeks),2026-09-16,2026-09-19,3,UIP-NSK-202609-PENTA-115,PHC-NSK-04,nurse_nsk_04,FALSE,Routine UIP session.
NSK-2026-0352,Rota,1,Rotavirus-1 (6 Weeks),2026-09-16,2026-09-16,0,UIP-NSK-202609-ROTA-475,PHC-NSK-10,nurse_nsk_10,FALSE,Routine UIP session.
NSK-2026-0352,fIPV,1,fIPV-1 (6 Weeks),2026-09-16,2026-09-17,1,UIP-NSK-202609-FIPV-465,PHC-NSK-04,nurse_nsk_04,FALSE,Routine UIP session.
NSK-2026-0352,PCV,1,PCV-1 (6 Weeks),2026-09-16,2026-09-19,3,UIP-NSK-202609-PCV-474,PHC-NSK-04,nurse_nsk_04,FALSE,Routine UIP session.
NSK-2026-0353,BCG,1,BCG (At Birth),2026-09-18,2026-09-18,0,UIP-NSK-202609-BCG-865,PHC-NSK-01,nurse_nsk_01,FALSE,Administered at hospital after delivery.
NSK-2026-0353,OPV,1,OPV Zero Dose (At Birth),2026-09-18,2026-09-18,0,UIP-NSK-202609-OPV-933,PHC-NSK-05,nurse_nsk_05,FALSE,Administered at hospital after delivery.
NSK-2026-0353,HepB,1,Hepatitis B Birth Dose,2026-09-18,2026-09-18,0,UIP-NSK-202609-HEPB-626,PHC-NSK-05,nurse_nsk_05,FALSE,Administered at hospital after delivery.
NSK-2026-0354,BCG,1,BCG (At Birth),2026-07-14,2026-07-14,0,UIP-NSK-202607-BCG-441,PHC-NSK-08,nurse_nsk_08,FALSE,Administered at hospital after delivery.
NSK-2026-0354,OPV,1,OPV Zero Dose (At Birth),2026-07-14,2026-07-14,0,UIP-NSK-202607-OPV-601,PHC-NSK-02,nurse_nsk_02,FALSE,Administered at hospital after delivery.
NSK-2026-0354,HepB,1,Hepatitis B Birth Dose,2026-07-14,2026-07-14,0,UIP-NSK-202607-HEPB-502,PHC-NSK-08,nurse_nsk_08,FALSE,Administered at hospital after delivery.
NSK-2026-0354,OPV,2,OPV-1 (6 Weeks),2026-08-25,2026-08-28,3,UIP-NSK-202608-OPV-876,PHC-NSK-08,nurse_nsk_08,FALSE,Routine UIP session.
NSK-2026-0354,Penta,1,Pentavalent-1 (6 Weeks),2026-08-25,2026-08-25,0,UIP-NSK-202608-PENTA-865,PHC-NSK-08,nurse_nsk_08,FALSE,Routine UIP session.
NSK-2026-0354,Rota,1,Rotavirus-1 (6 Weeks),2026-08-25,2026-08-25,0,UIP-NSK-202608-ROTA-766,PHC-NSK-08,nurse_nsk_08,FALSE,Routine UIP session.
NSK-2026-0354,fIPV,1,fIPV-1 (6 Weeks),2026-08-25,2026-08-26,1,UIP-NSK-202608-FIPV-588,PHC-NSK-08,nurse_nsk_08,FALSE,Routine UIP session.
NSK-2026-0354,PCV,1,PCV-1 (6 Weeks),2026-08-25,2026-08-26,1,UIP-NSK-202608-PCV-519,PHC-NSK-08,nurse_nsk_08,FALSE,Routine UIP session.
NSK-2026-0354,OPV,3,OPV-2 (10 Weeks),2026-09-22,2026-09-25,3,UIP-NSK-202609-OPV-443,PHC-NSK-08,nurse_nsk_08,FALSE,Routine UIP session.
NSK-2026-0354,Penta,2,Pentavalent-2 (10 Weeks),2026-09-22,2026-09-22,0,UIP-NSK-202609-PENTA-371,PHC-NSK-08,nurse_nsk_08,FALSE,Routine UIP session.
NSK-2026-0354,Rota,2,Rotavirus-2 (10 Weeks),2026-09-22,2026-09-22,0,UIP-NSK-202609-ROTA-844,PHC-NSK-01,nurse_nsk_01,FALSE,Routine UIP session.
NSK-2026-0355,BCG,1,BCG (At Birth),2026-06-25,2026-06-25,0,UIP-NSK-202606-BCG-200,PHC-NSK-06,nurse_nsk_06,FALSE,Administered at hospital after delivery.
NSK-2026-0355,OPV,1,OPV Zero Dose (At Birth),2026-06-25,2026-06-25,0,UIP-NSK-202606-OPV-780,PHC-NSK-06,nurse_nsk_06,FALSE,Administered at hospital after delivery.
NSK-2026-0355,HepB,1,Hepatitis B Birth Dose,2026-06-25,2026-06-25,0,UIP-NSK-202606-HEPB-608,PHC-NSK-06,nurse_nsk_06,FALSE,Administered at hospital after delivery.
NSK-2026-0355,OPV,2,OPV-1 (6 Weeks),2026-08-06,2026-08-21,15,UIP-NSK-202608-OPV-568,PHC-NSK-06,nurse_nsk_06,FALSE,Routine UIP session.
NSK-2026-0355,Penta,1,Pentavalent-1 (6 Weeks),2026-08-06,2026-08-09,3,UIP-NSK-202608-PENTA-601,PHC-NSK-06,nurse_nsk_06,FALSE,Routine UIP session.
NSK-2026-0355,Rota,1,Rotavirus-1 (6 Weeks),2026-08-06,2026-08-12,6,UIP-NSK-202608-ROTA-326,PHC-NSK-06,nurse_nsk_06,FALSE,Routine UIP session.
NSK-2026-0355,fIPV,1,fIPV-1 (6 Weeks),2026-08-06,2026-08-11,5,UIP-NSK-202608-FIPV-224,PHC-NSK-06,nurse_nsk_06,FALSE,Routine UIP session.
NSK-2026-0355,PCV,1,PCV-1 (6 Weeks),2026-08-06,2026-08-17,11,UIP-NSK-202608-PCV-972,PHC-NSK-06,nurse_nsk_06,FALSE,Routine UIP session.
NSK-2026-0355,OPV,3,OPV-2 (10 Weeks),2026-09-03,2026-09-18,15,UIP-NSK-202609-OPV-123,PHC-NSK-06,nurse_nsk_06,FALSE,Routine UIP session.
NSK-2026-0355,Rota,2,Rotavirus-2 (10 Weeks),2026-09-03,2026-09-18,15,UIP-NSK-202609-ROTA-495,PHC-NSK-06,nurse_nsk_06,FALSE,Routine UIP session.
NSK-2026-0356,BCG,1,BCG (At Birth),2026-04-09,2026-04-09,0,UIP-NSK-202604-BCG-912,PHC-NSK-02,nurse_nsk_02,FALSE,Administered at hospital after delivery.
NSK-2026-0356,OPV,1,OPV Zero Dose (At Birth),2026-04-09,2026-04-09,0,UIP-NSK-202604-OPV-543,PHC-NSK-02,nurse_nsk_02,FALSE,Administered at hospital after delivery.
NSK-2026-0356,OPV,2,OPV-1 (6 Weeks),2026-05-21,2026-05-21,0,UIP-NSK-202605-OPV-163,PHC-NSK-02,nurse_nsk_02,FALSE,Routine UIP session.
NSK-2026-0356,Penta,1,Pentavalent-1 (6 Weeks),2026-05-21,2026-05-22,1,UIP-NSK-202605-PENTA-371,PHC-NSK-02,nurse_nsk_02,FALSE,Routine UIP session.
NSK-2026-0356,Rota,1,Rotavirus-1 (6 Weeks),2026-05-21,2026-05-21,0,UIP-NSK-202605-ROTA-679,PHC-NSK-02,nurse_nsk_02,FALSE,Routine UIP session.
NSK-2026-0356,fIPV,1,fIPV-1 (6 Weeks),2026-05-21,2026-05-21,0,UIP-NSK-202605-FIPV-463,PHC-NSK-02,nurse_nsk_02,FALSE,Routine UIP session.
NSK-2026-0356,PCV,1,PCV-1 (6 Weeks),2026-05-21,2026-05-22,1,UIP-NSK-202605-PCV-127,PHC-NSK-02,nurse_nsk_02,FALSE,Routine UIP session.
NSK-2026-0356,OPV,3,OPV-2 (10 Weeks),2026-06-18,2026-06-18,0,UIP-NSK-202606-OPV-850,PHC-NSK-02,nurse_nsk_02,FALSE,Routine UIP session.
NSK-2026-0356,Penta,2,Pentavalent-2 (10 Weeks),2026-06-18,2026-06-19,1,UIP-NSK-202606-PENTA-958,PHC-NSK-02,nurse_nsk_02,FALSE,Routine UIP session.
NSK-2026-0356,Rota,2,Rotavirus-2 (10 Weeks),2026-06-18,2026-06-18,0,UIP-NSK-202606-ROTA-708,PHC-NSK-02,nurse_nsk_02,FALSE,Routine UIP session.
NSK-2026-0356,OPV,4,OPV-3 (14 Weeks),2026-07-16,2026-07-16,0,UIP-NSK-202607-OPV-305,PHC-NSK-02,nurse_nsk_02,FALSE,Routine UIP session.
NSK-2026-0356,Penta,3,Pentavalent-3 (14 Weeks),2026-07-16,2026-07-17,1,UIP-NSK-202607-PENTA-276,PHC-NSK-02,nurse_nsk_02,FALSE,Routine UIP session.
NSK-2026-0356,Rota,3,Rotavirus-3 (14 Weeks),2026-07-16,2026-07-16,0,UIP-NSK-202607-ROTA-803,PHC-NSK-02,nurse_nsk_02,FALSE,Routine UIP session.
NSK-2026-0356,fIPV,2,fIPV-2 (14 Weeks),2026-07-16,2026-07-16,0,UIP-NSK-202607-FIPV-501,PHC-NSK-02,nurse_nsk_02,FALSE,Routine UIP session.
NSK-2026-0356,PCV,2,PCV-2 (14 Weeks),2026-07-16,2026-07-16,0,UIP-NSK-202607-PCV-908,PHC-NSK-02,nurse_nsk_02,FALSE,Routine UIP session.
NSK-2026-0357,BCG,1,BCG (At Birth),2026-02-05,2026-02-05,0,UIP-NSK-202602-BCG-797,PHC-NSK-03,nurse_nsk_03,FALSE,Administered at hospital after delivery.
NSK-2026-0357,OPV,1,OPV Zero Dose (At Birth),2026-02-05,2026-02-05,0,UIP-NSK-202602-OPV-331,PHC-NSK-03,nurse_nsk_03,FALSE,Administered at hospital after delivery.
NSK-2026-0357,HepB,1,Hepatitis B Birth Dose,2026-02-05,2026-02-05,0,UIP-NSK-202602-HEPB-377,PHC-NSK-03,nurse_nsk_03,FALSE,Administered at hospital after delivery.
NSK-2026-0357,OPV,2,OPV-1 (6 Weeks),2026-03-19,2026-04-05,17,UIP-NSK-202604-OPV-169,PHC-NSK-03,nurse_nsk_03,FALSE,Routine UIP session.
NSK-2026-0357,Penta,1,Pentavalent-1 (6 Weeks),2026-03-19,2026-03-28,9,UIP-NSK-202603-PENTA-590,PHC-NSK-03,nurse_nsk_03,FALSE,Routine UIP session.
NSK-2026-0357,Rota,1,Rotavirus-1 (6 Weeks),2026-03-19,2026-03-30,11,UIP-NSK-202603-ROTA-505,PHC-NSK-03,nurse_nsk_03,FALSE,Routine UIP session.
NSK-2026-0357,fIPV,1,fIPV-1 (6 Weeks),2026-03-19,2026-03-25,6,UIP-NSK-202603-FIPV-153,PHC-NSK-03,nurse_nsk_03,TRUE,Mild fever and local swelling; resolved in 48 hours.
NSK-2026-0357,PCV,1,PCV-1 (6 Weeks),2026-03-19,2026-03-26,7,UIP-NSK-202603-PCV-489,PHC-NSK-03,nurse_nsk_03,FALSE,Routine UIP session.
NSK-2026-0357,OPV,3,OPV-2 (10 Weeks),2026-04-16,2026-05-03,17,UIP-NSK-202605-OPV-742,PHC-NSK-03,nurse_nsk_03,FALSE,Routine UIP session.
NSK-2026-0357,Penta,2,Pentavalent-2 (10 Weeks),2026-04-16,2026-05-04,18,UIP-NSK-202605-PENTA-131,PHC-NSK-03,nurse_nsk_03,FALSE,Routine UIP session.
NSK-2026-0357,Rota,2,Rotavirus-2 (10 Weeks),2026-04-16,2026-04-27,11,UIP-NSK-202604-ROTA-246,PHC-NSK-06,nurse_nsk_06,FALSE,Routine UIP session.
NSK-2026-0357,OPV,4,OPV-3 (14 Weeks),2026-05-14,2026-05-31,17,UIP-NSK-202605-OPV-333,PHC-NSK-03,nurse_nsk_03,TRUE,Mild fever and local swelling; resolved in 48 hours.
NSK-2026-0357,Penta,3,Pentavalent-3 (14 Weeks),2026-05-14,2026-06-01,18,UIP-NSK-202606-PENTA-440,PHC-NSK-03,nurse_nsk_03,FALSE,Routine UIP session.
NSK-2026-0357,Rota,3,Rotavirus-3 (14 Weeks),2026-05-14,2026-05-25,11,UIP-NSK-202605-ROTA-701,PHC-NSK-03,nurse_nsk_03,FALSE,Routine UIP session.
NSK-2026-0357,fIPV,2,fIPV-2 (14 Weeks),2026-05-14,2026-05-24,10,UIP-NSK-202605-FIPV-303,PHC-NSK-03,nurse_nsk_03,FALSE,Routine UIP session.
NSK-2026-0357,PCV,2,PCV-2 (14 Weeks),2026-05-14,2026-05-17,3,UIP-NSK-202605-PCV-513,PHC-NSK-08,nurse_nsk_08,FALSE,Routine UIP session.
NSK-2026-0358,BCG,1,BCG (At Birth),2026-08-13,2026-08-13,0,UIP-NSK-202608-BCG-175,PHC-NSK-02,nurse_nsk_02,FALSE,Administered at hospital after delivery.
NSK-2026-0358,OPV,1,OPV Zero Dose (At Birth),2026-08-13,2026-08-13,0,UIP-NSK-202608-OPV-306,PHC-NSK-02,nurse_nsk_02,FALSE,Administered at hospital after delivery.
NSK-2026-0358,HepB,1,Hepatitis B Birth Dose,2026-08-13,2026-08-13,0,UIP-NSK-202608-HEPB-898,PHC-NSK-02,nurse_nsk_02,FALSE,Administered at hospital after delivery.
NSK-2026-0358,OPV,2,OPV-1 (6 Weeks),2026-09-24,2026-09-26,2,UIP-NSK-202609-OPV-679,PHC-NSK-02,nurse_nsk_02,FALSE,Routine UIP session.
NSK-2026-0358,Penta,1,Pentavalent-1 (6 Weeks),2026-09-24,2026-09-24,0,UIP-NSK-202609-PENTA-532,PHC-NSK-02,nurse_nsk_02,FALSE,Routine UIP session.
NSK-2026-0358,Rota,1,Rotavirus-1 (6 Weeks),2026-09-24,2026-09-24,0,UIP-NSK-202609-ROTA-155,PHC-NSK-02,nurse_nsk_02,FALSE,Routine UIP session.
NSK-2026-0358,fIPV,1,fIPV-1 (6 Weeks),2026-09-24,2026-09-24,0,UIP-NSK-202609-FIPV-643,PHC-NSK-07,nurse_nsk_07,FALSE,Routine UIP session.
NSK-2026-0358,PCV,1,PCV-1 (6 Weeks),2026-09-24,2026-09-24,0,UIP-NSK-202609-PCV-672,PHC-NSK-02,nurse_nsk_02,FALSE,Routine UIP session.
NSK-2026-0359,BCG,1,BCG (At Birth),2026-07-06,2026-07-06,0,UIP-NSK-202607-BCG-850,PHC-NSK-08,nurse_nsk_08,FALSE,Administered at hospital after delivery.
NSK-2026-0359,OPV,1,OPV Zero Dose (At Birth),2026-07-06,2026-07-06,0,UIP-NSK-202607-OPV-937,PHC-NSK-08,nurse_nsk_08,FALSE,Administered at hospital after delivery.
NSK-2026-0359,HepB,1,Hepatitis B Birth Dose,2026-07-06,2026-07-06,0,UIP-NSK-202607-HEPB-166,PHC-NSK-08,nurse_nsk_08,FALSE,Administered at hospital after delivery.
NSK-2026-0359,OPV,2,OPV-1 (6 Weeks),2026-08-17,2026-08-17,0,UIP-NSK-202608-OPV-162,PHC-NSK-08,nurse_nsk_08,FALSE,Routine UIP session.
NSK-2026-0359,Penta,1,Pentavalent-1 (6 Weeks),2026-08-17,2026-08-18,1,UIP-NSK-202608-PENTA-515,PHC-NSK-08,nurse_nsk_08,FALSE,Routine UIP session.
NSK-2026-0359,Rota,1,Rotavirus-1 (6 Weeks),2026-08-17,2026-08-17,0,UIP-NSK-202608-ROTA-846,PHC-NSK-08,nurse_nsk_08,FALSE,Routine UIP session.
NSK-2026-0359,fIPV,1,fIPV-1 (6 Weeks),2026-08-17,2026-08-17,0,UIP-NSK-202608-FIPV-443,PHC-NSK-08,nurse_nsk_08,FALSE,Routine UIP session.
NSK-2026-0359,PCV,1,PCV-1 (6 Weeks),2026-08-17,2026-08-20,3,UIP-NSK-202608-PCV-342,PHC-NSK-08,nurse_nsk_08,FALSE,Routine UIP session.
NSK-2026-0359,OPV,3,OPV-2 (10 Weeks),2026-09-14,2026-09-14,0,UIP-NSK-202609-OPV-248,PHC-NSK-08,nurse_nsk_08,FALSE,Routine UIP session.
NSK-2026-0359,Penta,2,Pentavalent-2 (10 Weeks),2026-09-14,2026-09-15,1,UIP-NSK-202609-PENTA-890,PHC-NSK-08,nurse_nsk_08,FALSE,Routine UIP session.
NSK-2026-0359,Rota,2,Rotavirus-2 (10 Weeks),2026-09-14,2026-09-15,1,UIP-NSK-202609-ROTA-362,PHC-NSK-08,nurse_nsk_08,FALSE,Routine UIP session.
NSK-2026-0360,BCG,1,BCG (At Birth),2026-02-16,2026-02-16,0,UIP-NSK-202602-BCG-846,PHC-NSK-05,nurse_nsk_05,FALSE,Administered at hospital after delivery.
NSK-2026-0360,OPV,1,OPV Zero Dose (At Birth),2026-02-16,2026-02-16,0,UIP-NSK-202602-OPV-874,PHC-NSK-05,nurse_nsk_05,FALSE,Administered at hospital after delivery.
NSK-2026-0360,HepB,1,Hepatitis B Birth Dose,2026-02-16,2026-02-16,0,UIP-NSK-202602-HEPB-419,PHC-NSK-05,nurse_nsk_05,FALSE,Administered at hospital after delivery.
NSK-2026-0360,OPV,2,OPV-1 (6 Weeks),2026-03-30,2026-03-30,0,UIP-NSK-202603-OPV-906,PHC-NSK-05,nurse_nsk_05,FALSE,Routine UIP session.
NSK-2026-0360,Penta,1,Pentavalent-1 (6 Weeks),2026-03-30,2026-03-30,0,UIP-NSK-202603-PENTA-352,PHC-NSK-05,nurse_nsk_05,FALSE,Routine UIP session.
NSK-2026-0360,Rota,1,Rotavirus-1 (6 Weeks),2026-03-30,2026-03-30,0,UIP-NSK-202603-ROTA-351,PHC-NSK-05,nurse_nsk_05,FALSE,Routine UIP session.
NSK-2026-0360,fIPV,1,fIPV-1 (6 Weeks),2026-03-30,2026-03-30,0,UIP-NSK-202603-FIPV-994,PHC-NSK-05,nurse_nsk_05,FALSE,Routine UIP session.
NSK-2026-0360,PCV,1,PCV-1 (6 Weeks),2026-03-30,2026-04-08,9,UIP-NSK-202604-PCV-173,PHC-NSK-05,nurse_nsk_05,TRUE,Mild fever and local swelling; resolved in 48 hours.
NSK-2026-0360,OPV,3,OPV-2 (10 Weeks),2026-04-27,2026-04-27,0,UIP-NSK-202604-OPV-526,PHC-NSK-05,nurse_nsk_05,FALSE,Routine UIP session.
NSK-2026-0360,Penta,2,Pentavalent-2 (10 Weeks),2026-04-27,2026-04-27,0,UIP-NSK-202604-PENTA-642,PHC-NSK-05,nurse_nsk_05,FALSE,Routine UIP session.
NSK-2026-0360,Rota,2,Rotavirus-2 (10 Weeks),2026-04-27,2026-04-27,0,UIP-NSK-202604-ROTA-184,PHC-NSK-05,nurse_nsk_05,FALSE,Routine UIP session.
NSK-2026-0360,OPV,4,OPV-3 (14 Weeks),2026-05-25,2026-05-25,0,UIP-NSK-202605-OPV-843,PHC-NSK-05,nurse_nsk_05,FALSE,Routine UIP session.
NSK-2026-0360,Penta,3,Pentavalent-3 (14 Weeks),2026-05-25,2026-05-25,0,UIP-NSK-202605-PENTA-125,PHC-NSK-05,nurse_nsk_05,FALSE,Routine UIP session.
NSK-2026-0360,Rota,3,Rotavirus-3 (14 Weeks),2026-05-25,2026-05-25,0,UIP-NSK-202605-ROTA-222,PHC-NSK-05,nurse_nsk_05,FALSE,Routine UIP session.
NSK-2026-0360,fIPV,2,fIPV-2 (14 Weeks),2026-05-25,2026-05-25,0,UIP-NSK-202605-FIPV-454,PHC-NSK-05,nurse_nsk_05,FALSE,Routine UIP session.
NSK-2026-0360,PCV,2,PCV-2 (14 Weeks),2026-05-25,2026-05-25,0,UIP-NSK-202605-PCV-609,PHC-NSK-05,nurse_nsk_05,FALSE,Routine UIP session.
NSK-2026-0361,BCG,1,BCG (At Birth),2026-09-04,2026-09-04,0,UIP-NSK-202609-BCG-333,PHC-NSK-06,nurse_nsk_06,FALSE,Administered at hospital after delivery.
NSK-2026-0361,OPV,1,OPV Zero Dose (At Birth),2026-09-04,2026-09-04,0,UIP-NSK-202609-OPV-134,PHC-NSK-06,nurse_nsk_06,FALSE,Administered at hospital after delivery.
NSK-2026-0361,HepB,1,Hepatitis B Birth Dose,2026-09-04,2026-09-04,0,UIP-NSK-202609-HEPB-363,PHC-NSK-06,nurse_nsk_06,FALSE,Administered at hospital after delivery.
NSK-2026-0362,BCG,1,BCG (At Birth),2026-05-01,2026-05-01,0,UIP-NSK-202605-BCG-681,PHC-NSK-01,nurse_nsk_01,FALSE,Administered at hospital after delivery.
NSK-2026-0362,OPV,1,OPV Zero Dose (At Birth),2026-05-01,2026-05-01,0,UIP-NSK-202605-OPV-779,PHC-NSK-01,nurse_nsk_01,FALSE,Administered at hospital after delivery.
NSK-2026-0362,HepB,1,Hepatitis B Birth Dose,2026-05-01,2026-05-01,0,UIP-NSK-202605-HEPB-672,PHC-NSK-01,nurse_nsk_01,FALSE,Administered at hospital after delivery.
NSK-2026-0362,OPV,2,OPV-1 (6 Weeks),2026-06-12,2026-06-23,11,UIP-NSK-202606-OPV-286,PHC-NSK-01,nurse_nsk_01,FALSE,Routine UIP session.
NSK-2026-0362,Penta,1,Pentavalent-1 (6 Weeks),2026-06-12,2026-06-21,9,UIP-NSK-202606-PENTA-517,PHC-NSK-01,nurse_nsk_01,FALSE,Routine UIP session.
NSK-2026-0362,Rota,1,Rotavirus-1 (6 Weeks),2026-06-12,2026-06-22,10,UIP-NSK-202606-ROTA-573,PHC-NSK-01,nurse_nsk_01,FALSE,Routine UIP session.
NSK-2026-0362,fIPV,1,fIPV-1 (6 Weeks),2026-06-12,2026-06-27,15,UIP-NSK-202606-FIPV-480,PHC-NSK-01,nurse_nsk_01,FALSE,Routine UIP session.
NSK-2026-0362,PCV,1,PCV-1 (6 Weeks),2026-06-12,2026-06-15,3,UIP-NSK-202606-PCV-110,PHC-NSK-01,nurse_nsk_01,FALSE,Routine UIP session.
NSK-2026-0362,Penta,2,Pentavalent-2 (10 Weeks),2026-07-10,2026-07-19,9,UIP-NSK-202607-PENTA-687,PHC-NSK-01,nurse_nsk_01,FALSE,Routine UIP session.
NSK-2026-0362,OPV,4,OPV-3 (14 Weeks),2026-08-07,2026-08-11,4,UIP-NSK-202608-OPV-948,PHC-NSK-02,nurse_nsk_02,FALSE,Routine UIP session.
NSK-2026-0362,Penta,3,Pentavalent-3 (14 Weeks),2026-08-07,2026-08-20,13,UIP-NSK-202608-PENTA-204,PHC-NSK-01,nurse_nsk_01,FALSE,Routine UIP session.
NSK-2026-0362,Rota,3,Rotavirus-3 (14 Weeks),2026-08-07,2026-08-09,2,UIP-NSK-202608-ROTA-524,PHC-NSK-01,nurse_nsk_01,FALSE,Routine UIP session.
NSK-2026-0362,fIPV,2,fIPV-2 (14 Weeks),2026-08-07,2026-08-25,18,UIP-NSK-202608-FIPV-660,PHC-NSK-01,nurse_nsk_01,FALSE,Routine UIP session.
NSK-2026-0362,PCV,2,PCV-2 (14 Weeks),2026-08-07,2026-08-19,12,UIP-NSK-202608-PCV-910,PHC-NSK-01,nurse_nsk_01,FALSE,Routine UIP session.
NSK-2026-0363,BCG,1,BCG (At Birth),2026-05-30,2026-05-30,0,UIP-NSK-202605-BCG-819,PHC-NSK-08,nurse_nsk_08,FALSE,Administered at hospital after delivery.
NSK-2026-0363,HepB,1,Hepatitis B Birth Dose,2026-05-30,2026-05-30,0,UIP-NSK-202605-HEPB-274,PHC-NSK-08,nurse_nsk_08,FALSE,Administered at hospital after delivery.
NSK-2026-0363,OPV,2,OPV-1 (6 Weeks),2026-07-11,2026-07-11,0,UIP-NSK-202607-OPV-411,PHC-NSK-08,nurse_nsk_08,FALSE,Routine UIP session.
NSK-2026-0363,Penta,1,Pentavalent-1 (6 Weeks),2026-07-11,2026-07-11,0,UIP-NSK-202607-PENTA-690,PHC-NSK-08,nurse_nsk_08,FALSE,Routine UIP session.
NSK-2026-0363,Rota,1,Rotavirus-1 (6 Weeks),2026-07-11,2026-07-11,0,UIP-NSK-202607-ROTA-172,PHC-NSK-08,nurse_nsk_08,FALSE,Routine UIP session.
NSK-2026-0363,fIPV,1,fIPV-1 (6 Weeks),2026-07-11,2026-07-12,1,UIP-NSK-202607-FIPV-853,PHC-NSK-08,nurse_nsk_08,FALSE,Routine UIP session.
NSK-2026-0363,PCV,1,PCV-1 (6 Weeks),2026-07-11,2026-07-11,0,UIP-NSK-202607-PCV-949,PHC-NSK-09,nurse_nsk_09,FALSE,Routine UIP session.
NSK-2026-0363,OPV,3,OPV-2 (10 Weeks),2026-08-08,2026-08-08,0,UIP-NSK-202608-OPV-212,PHC-NSK-08,nurse_nsk_08,FALSE,Routine UIP session.
NSK-2026-0363,Penta,2,Pentavalent-2 (10 Weeks),2026-08-08,2026-08-08,0,UIP-NSK-202608-PENTA-955,PHC-NSK-08,nurse_nsk_08,FALSE,Routine UIP session.
NSK-2026-0363,Rota,2,Rotavirus-2 (10 Weeks),2026-08-08,2026-08-08,0,UIP-NSK-202608-ROTA-281,PHC-NSK-08,nurse_nsk_08,FALSE,Routine UIP session.
NSK-2026-0363,OPV,4,OPV-3 (14 Weeks),2026-09-05,2026-09-06,1,UIP-NSK-202609-OPV-853,PHC-NSK-08,nurse_nsk_08,FALSE,Routine UIP session.
NSK-2026-0363,Penta,3,Pentavalent-3 (14 Weeks),2026-09-05,2026-09-05,0,UIP-NSK-202609-PENTA-159,PHC-NSK-09,nurse_nsk_09,FALSE,Routine UIP session.
NSK-2026-0363,Rota,3,Rotavirus-3 (14 Weeks),2026-09-05,2026-09-05,0,UIP-NSK-202609-ROTA-397,PHC-NSK-08,nurse_nsk_08,FALSE,Routine UIP session.
NSK-2026-0363,fIPV,2,fIPV-2 (14 Weeks),2026-09-05,2026-09-05,0,UIP-NSK-202609-FIPV-482,PHC-NSK-08,nurse_nsk_08,FALSE,Routine UIP session.
NSK-2026-0363,PCV,2,PCV-2 (14 Weeks),2026-09-05,2026-09-07,2,UIP-NSK-202609-PCV-214,PHC-NSK-08,nurse_nsk_08,FALSE,Routine UIP session.
NSK-2026-0364,BCG,1,BCG (At Birth),2026-06-12,2026-06-12,0,UIP-NSK-202606-BCG-367,PHC-NSK-01,nurse_nsk_01,FALSE,Administered at hospital after delivery.
NSK-2026-0364,OPV,1,OPV Zero Dose (At Birth),2026-06-12,2026-06-12,0,UIP-NSK-202606-OPV-846,PHC-NSK-07,nurse_nsk_07,FALSE,Administered at hospital after delivery.
NSK-2026-0364,HepB,1,Hepatitis B Birth Dose,2026-06-12,2026-06-12,0,UIP-NSK-202606-HEPB-916,PHC-NSK-01,nurse_nsk_01,FALSE,Administered at hospital after delivery.
NSK-2026-0364,OPV,2,OPV-1 (6 Weeks),2026-07-24,2026-07-24,0,UIP-NSK-202607-OPV-348,PHC-NSK-01,nurse_nsk_01,FALSE,Routine UIP session.
NSK-2026-0364,Penta,1,Pentavalent-1 (6 Weeks),2026-07-24,2026-07-24,0,UIP-NSK-202607-PENTA-136,PHC-NSK-01,nurse_nsk_01,FALSE,Routine UIP session.
NSK-2026-0364,Rota,1,Rotavirus-1 (6 Weeks),2026-07-24,2026-07-24,0,UIP-NSK-202607-ROTA-364,PHC-NSK-01,nurse_nsk_01,FALSE,Routine UIP session.
NSK-2026-0364,fIPV,1,fIPV-1 (6 Weeks),2026-07-24,2026-07-24,0,UIP-NSK-202607-FIPV-424,PHC-NSK-01,nurse_nsk_01,FALSE,Routine UIP session.
NSK-2026-0364,PCV,1,PCV-1 (6 Weeks),2026-07-24,2026-07-24,0,UIP-NSK-202607-PCV-399,PHC-NSK-01,nurse_nsk_01,FALSE,Routine UIP session.
NSK-2026-0364,OPV,3,OPV-2 (10 Weeks),2026-08-21,2026-08-21,0,UIP-NSK-202608-OPV-724,PHC-NSK-01,nurse_nsk_01,FALSE,Routine UIP session.
NSK-2026-0364,Penta,2,Pentavalent-2 (10 Weeks),2026-08-21,2026-08-21,0,UIP-NSK-202608-PENTA-535,PHC-NSK-01,nurse_nsk_01,FALSE,Routine UIP session.
NSK-2026-0364,Rota,2,Rotavirus-2 (10 Weeks),2026-08-21,2026-08-21,0,UIP-NSK-202608-ROTA-136,PHC-NSK-01,nurse_nsk_01,FALSE,Routine UIP session.
NSK-2026-0364,OPV,4,OPV-3 (14 Weeks),2026-09-18,2026-09-18,0,UIP-NSK-202609-OPV-539,PHC-NSK-01,nurse_nsk_01,FALSE,Routine UIP session.
NSK-2026-0364,Penta,3,Pentavalent-3 (14 Weeks),2026-09-18,2026-09-18,0,UIP-NSK-202609-PENTA-979,PHC-NSK-01,nurse_nsk_01,FALSE,Routine UIP session.
NSK-2026-0364,Rota,3,Rotavirus-3 (14 Weeks),2026-09-18,2026-09-20,2,UIP-NSK-202609-ROTA-458,PHC-NSK-01,nurse_nsk_01,FALSE,Routine UIP session.
NSK-2026-0364,fIPV,2,fIPV-2 (14 Weeks),2026-09-18,2026-09-18,0,UIP-NSK-202609-FIPV-376,PHC-NSK-01,nurse_nsk_01,FALSE,Routine UIP session.
NSK-2026-0364,PCV,2,PCV-2 (14 Weeks),2026-09-18,2026-09-20,2,UIP-NSK-202609-PCV-737,PHC-NSK-01,nurse_nsk_01,FALSE,Routine UIP session.
NSK-2026-0365,BCG,1,BCG (At Birth),2026-06-14,2026-06-14,0,UIP-NSK-202606-BCG-584,PHC-NSK-10,nurse_nsk_10,FALSE,Administered at hospital after delivery.
NSK-2026-0365,OPV,1,OPV Zero Dose (At Birth),2026-06-14,2026-06-14,0,UIP-NSK-202606-OPV-692,PHC-NSK-10,nurse_nsk_10,FALSE,Administered at hospital after delivery.
NSK-2026-0365,OPV,2,OPV-1 (6 Weeks),2026-07-26,2026-07-26,0,UIP-NSK-202607-OPV-194,PHC-NSK-10,nurse_nsk_10,FALSE,Routine UIP session.
NSK-2026-0365,Penta,1,Pentavalent-1 (6 Weeks),2026-07-26,2026-07-28,2,UIP-NSK-202607-PENTA-156,PHC-NSK-10,nurse_nsk_10,FALSE,Routine UIP session.
NSK-2026-0365,Rota,1,Rotavirus-1 (6 Weeks),2026-07-26,2026-07-28,2,UIP-NSK-202607-ROTA-625,PHC-NSK-01,nurse_nsk_01,FALSE,Routine UIP session.
NSK-2026-0365,PCV,1,PCV-1 (6 Weeks),2026-07-26,2026-07-26,0,UIP-NSK-202607-PCV-537,PHC-NSK-10,nurse_nsk_10,FALSE,Routine UIP session.
NSK-2026-0365,OPV,3,OPV-2 (10 Weeks),2026-08-23,2026-08-23,0,UIP-NSK-202608-OPV-219,PHC-NSK-10,nurse_nsk_10,FALSE,Routine UIP session.
NSK-2026-0365,Penta,2,Pentavalent-2 (10 Weeks),2026-08-23,2026-08-25,2,UIP-NSK-202608-PENTA-854,PHC-NSK-10,nurse_nsk_10,FALSE,Routine UIP session.
NSK-2026-0365,Rota,2,Rotavirus-2 (10 Weeks),2026-08-23,2026-08-25,2,UIP-NSK-202608-ROTA-507,PHC-NSK-02,nurse_nsk_02,FALSE,Routine UIP session.
NSK-2026-0365,OPV,4,OPV-3 (14 Weeks),2026-09-20,2026-09-20,0,UIP-NSK-202609-OPV-555,PHC-NSK-10,nurse_nsk_10,FALSE,Routine UIP session.
NSK-2026-0365,Penta,3,Pentavalent-3 (14 Weeks),2026-09-20,2026-09-22,2,UIP-NSK-202609-PENTA-736,PHC-NSK-10,nurse_nsk_10,FALSE,Routine UIP session.
NSK-2026-0365,Rota,3,Rotavirus-3 (14 Weeks),2026-09-20,2026-09-22,2,UIP-NSK-202609-ROTA-657,PHC-NSK-10,nurse_nsk_10,FALSE,Routine UIP session.
NSK-2026-0365,fIPV,2,fIPV-2 (14 Weeks),2026-09-20,2026-09-20,0,UIP-NSK-202609-FIPV-427,PHC-NSK-10,nurse_nsk_10,FALSE,Routine UIP session.
NSK-2026-0365,PCV,2,PCV-2 (14 Weeks),2026-09-20,2026-09-20,0,UIP-NSK-202609-PCV-166,PHC-NSK-10,nurse_nsk_10,FALSE,Routine UIP session.
NSK-2026-0366,BCG,1,BCG (At Birth),2026-02-19,2026-02-19,0,UIP-NSK-202602-BCG-877,PHC-NSK-03,nurse_nsk_03,FALSE,Administered at hospital after delivery.
NSK-2026-0366,OPV,1,OPV Zero Dose (At Birth),2026-02-19,2026-02-19,0,UIP-NSK-202602-OPV-326,PHC-NSK-03,nurse_nsk_03,FALSE,Administered at hospital after delivery.
NSK-2026-0366,HepB,1,Hepatitis B Birth Dose,2026-02-19,2026-02-19,0,UIP-NSK-202602-HEPB-339,PHC-NSK-03,nurse_nsk_03,FALSE,Administered at hospital after delivery.
NSK-2026-0366,OPV,2,OPV-1 (6 Weeks),2026-04-02,2026-04-02,0,UIP-NSK-202604-OPV-910,PHC-NSK-03,nurse_nsk_03,FALSE,Routine UIP session.
NSK-2026-0366,Penta,1,Pentavalent-1 (6 Weeks),2026-04-02,2026-04-04,2,UIP-NSK-202604-PENTA-964,PHC-NSK-03,nurse_nsk_03,FALSE,Routine UIP session.
NSK-2026-0366,Rota,1,Rotavirus-1 (6 Weeks),2026-04-02,2026-04-02,0,UIP-NSK-202604-ROTA-728,PHC-NSK-03,nurse_nsk_03,FALSE,Routine UIP session.
NSK-2026-0366,fIPV,1,fIPV-1 (6 Weeks),2026-04-02,2026-04-04,2,UIP-NSK-202604-FIPV-504,PHC-NSK-03,nurse_nsk_03,FALSE,Routine UIP session.
NSK-2026-0366,PCV,1,PCV-1 (6 Weeks),2026-04-02,2026-04-02,0,UIP-NSK-202604-PCV-173,PHC-NSK-03,nurse_nsk_03,FALSE,Routine UIP session.
NSK-2026-0366,OPV,3,OPV-2 (10 Weeks),2026-04-30,2026-05-01,1,UIP-NSK-202605-OPV-467,PHC-NSK-03,nurse_nsk_03,FALSE,Routine UIP session.
NSK-2026-0366,Penta,2,Pentavalent-2 (10 Weeks),2026-04-30,2026-05-02,2,UIP-NSK-202605-PENTA-353,PHC-NSK-10,nurse_nsk_10,FALSE,Routine UIP session.
NSK-2026-0366,Rota,2,Rotavirus-2 (10 Weeks),2026-04-30,2026-04-30,0,UIP-NSK-202604-ROTA-894,PHC-NSK-03,nurse_nsk_03,FALSE,Routine UIP session.
NSK-2026-0366,OPV,4,OPV-3 (14 Weeks),2026-05-28,2026-05-29,1,UIP-NSK-202605-OPV-796,PHC-NSK-03,nurse_nsk_03,FALSE,Routine UIP session.
NSK-2026-0366,Penta,3,Pentavalent-3 (14 Weeks),2026-05-28,2026-05-30,2,UIP-NSK-202605-PENTA-725,PHC-NSK-03,nurse_nsk_03,FALSE,Routine UIP session.
NSK-2026-0366,Rota,3,Rotavirus-3 (14 Weeks),2026-05-28,2026-05-28,0,UIP-NSK-202605-ROTA-692,PHC-NSK-03,nurse_nsk_03,FALSE,Routine UIP session.
NSK-2026-0366,fIPV,2,fIPV-2 (14 Weeks),2026-05-28,2026-05-28,0,UIP-NSK-202605-FIPV-438,PHC-NSK-03,nurse_nsk_03,FALSE,Routine UIP session.
NSK-2026-0366,PCV,2,PCV-2 (14 Weeks),2026-05-28,2026-05-28,0,UIP-NSK-202605-PCV-950,PHC-NSK-03,nurse_nsk_03,FALSE,Routine UIP session.
NSK-2026-0367,BCG,1,BCG (At Birth),2026-01-09,2026-02-17,39,UIP-NSK-202602-BCG-849,PHC-NSK-04,nurse_nsk_04,FALSE,Routine UIP session.
NSK-2026-0367,OPV,1,OPV Zero Dose (At Birth),2026-01-09,2026-01-09,0,UIP-NSK-202601-OPV-478,PHC-NSK-04,nurse_nsk_04,FALSE,Administered at hospital after delivery.
NSK-2026-0367,HepB,1,Hepatitis B Birth Dose,2026-01-09,2026-01-09,0,UIP-NSK-202601-HEPB-283,PHC-NSK-04,nurse_nsk_04,FALSE,Administered at hospital after delivery.
NSK-2026-0367,OPV,2,OPV-1 (6 Weeks),2026-02-20,2026-04-18,57,UIP-NSK-202604-OPV-304,PHC-NSK-04,nurse_nsk_04,TRUE,Mild fever and local swelling; resolved in 48 hours.
NSK-2026-0367,Rota,1,Rotavirus-1 (6 Weeks),2026-02-20,2026-03-06,14,UIP-NSK-202603-ROTA-666,PHC-NSK-04,nurse_nsk_04,FALSE,Routine UIP session.
NSK-2026-0367,fIPV,1,fIPV-1 (6 Weeks),2026-02-20,2026-04-19,58,UIP-NSK-202604-FIPV-759,PHC-NSK-05,nurse_nsk_05,FALSE,Routine UIP session.
NSK-2026-0367,PCV,1,PCV-1 (6 Weeks),2026-02-20,2026-04-12,51,UIP-NSK-202604-PCV-258,PHC-NSK-04,nurse_nsk_04,FALSE,Routine UIP session.
NSK-2026-0367,Rota,2,Rotavirus-2 (10 Weeks),2026-03-20,2026-05-10,51,UIP-NSK-202605-ROTA-494,PHC-NSK-04,nurse_nsk_04,FALSE,Routine UIP session.
NSK-2026-0367,fIPV,2,fIPV-2 (14 Weeks),2026-04-17,2026-06-12,56,UIP-NSK-202606-FIPV-520,PHC-NSK-04,nurse_nsk_04,FALSE,Routine UIP session.
NSK-2026-0368,OPV,1,OPV Zero Dose (At Birth),2026-05-22,2026-05-22,0,UIP-NSK-202605-OPV-130,PHC-NSK-08,nurse_nsk_08,FALSE,Administered at hospital after delivery.
NSK-2026-0368,HepB,1,Hepatitis B Birth Dose,2026-05-22,2026-05-22,0,UIP-NSK-202605-HEPB-862,PHC-NSK-09,nurse_nsk_09,FALSE,Administered at hospital after delivery.
NSK-2026-0368,OPV,2,OPV-1 (6 Weeks),2026-07-03,2026-07-11,8,UIP-NSK-202607-OPV-775,PHC-NSK-01,nurse_nsk_01,FALSE,Routine UIP session.
NSK-2026-0368,Penta,1,Pentavalent-1 (6 Weeks),2026-07-03,2026-07-10,7,UIP-NSK-202607-PENTA-448,PHC-NSK-01,nurse_nsk_01,FALSE,Routine UIP session.
NSK-2026-0368,Rota,1,Rotavirus-1 (6 Weeks),2026-07-03,2026-07-07,4,UIP-NSK-202607-ROTA-892,PHC-NSK-01,nurse_nsk_01,FALSE,Routine UIP session.
NSK-2026-0368,fIPV,1,fIPV-1 (6 Weeks),2026-07-03,2026-07-11,8,UIP-NSK-202607-FIPV-792,PHC-NSK-01,nurse_nsk_01,FALSE,Routine UIP session.
NSK-2026-0368,PCV,1,PCV-1 (6 Weeks),2026-07-03,2026-07-06,3,UIP-NSK-202607-PCV-824,PHC-NSK-01,nurse_nsk_01,FALSE,Routine UIP session.
NSK-2026-0368,OPV,3,OPV-2 (10 Weeks),2026-07-31,2026-08-14,14,UIP-NSK-202608-OPV-979,PHC-NSK-01,nurse_nsk_01,FALSE,Routine UIP session.
NSK-2026-0368,Penta,2,Pentavalent-2 (10 Weeks),2026-07-31,2026-08-08,8,UIP-NSK-202608-PENTA-966,PHC-NSK-01,nurse_nsk_01,FALSE,Routine UIP session.
NSK-2026-0368,Rota,2,Rotavirus-2 (10 Weeks),2026-07-31,2026-08-12,12,UIP-NSK-202608-ROTA-328,PHC-NSK-01,nurse_nsk_01,FALSE,Routine UIP session.
NSK-2026-0368,OPV,4,OPV-3 (14 Weeks),2026-08-28,2026-09-11,14,UIP-NSK-202609-OPV-614,PHC-NSK-01,nurse_nsk_01,FALSE,Routine UIP session.
NSK-2026-0368,Penta,3,Pentavalent-3 (14 Weeks),2026-08-28,2026-09-05,8,UIP-NSK-202609-PENTA-900,PHC-NSK-08,nurse_nsk_08,FALSE,Routine UIP session.
NSK-2026-0368,Rota,3,Rotavirus-3 (14 Weeks),2026-08-28,2026-09-09,12,UIP-NSK-202609-ROTA-575,PHC-NSK-01,nurse_nsk_01,FALSE,Routine UIP session.
NSK-2026-0368,fIPV,2,fIPV-2 (14 Weeks),2026-08-28,2026-09-10,13,UIP-NSK-202609-FIPV-690,PHC-NSK-01,nurse_nsk_01,FALSE,Routine UIP session.
NSK-2026-0368,PCV,2,PCV-2 (14 Weeks),2026-08-28,2026-08-31,3,UIP-NSK-202608-PCV-860,PHC-NSK-01,nurse_nsk_01,FALSE,Routine UIP session.
NSK-2026-0369,BCG,1,BCG (At Birth),2026-05-21,2026-05-21,0,UIP-NSK-202605-BCG-424,PHC-NSK-09,nurse_nsk_09,FALSE,Administered at hospital after delivery.
NSK-2026-0369,OPV,1,OPV Zero Dose (At Birth),2026-05-21,2026-05-21,0,UIP-NSK-202605-OPV-955,PHC-NSK-10,nurse_nsk_10,FALSE,Administered at hospital after delivery.
NSK-2026-0369,HepB,1,Hepatitis B Birth Dose,2026-05-21,2026-05-21,0,UIP-NSK-202605-HEPB-472,PHC-NSK-07,nurse_nsk_07,FALSE,Administered at hospital after delivery.
NSK-2026-0369,OPV,2,OPV-1 (6 Weeks),2026-07-02,2026-07-02,0,UIP-NSK-202607-OPV-933,PHC-NSK-09,nurse_nsk_09,FALSE,Routine UIP session.
NSK-2026-0369,Penta,1,Pentavalent-1 (6 Weeks),2026-07-02,2026-07-02,0,UIP-NSK-202607-PENTA-719,PHC-NSK-09,nurse_nsk_09,FALSE,Routine UIP session.
NSK-2026-0369,Rota,1,Rotavirus-1 (6 Weeks),2026-07-02,2026-07-05,3,UIP-NSK-202607-ROTA-980,PHC-NSK-09,nurse_nsk_09,FALSE,Routine UIP session.
NSK-2026-0369,fIPV,1,fIPV-1 (6 Weeks),2026-07-02,2026-07-02,0,UIP-NSK-202607-FIPV-137,PHC-NSK-09,nurse_nsk_09,FALSE,Routine UIP session.
NSK-2026-0369,PCV,1,PCV-1 (6 Weeks),2026-07-02,2026-07-02,0,UIP-NSK-202607-PCV-175,PHC-NSK-09,nurse_nsk_09,FALSE,Routine UIP session.
NSK-2026-0369,OPV,3,OPV-2 (10 Weeks),2026-07-30,2026-07-30,0,UIP-NSK-202607-OPV-187,PHC-NSK-09,nurse_nsk_09,FALSE,Routine UIP session.
NSK-2026-0369,Penta,2,Pentavalent-2 (10 Weeks),2026-07-30,2026-07-30,0,UIP-NSK-202607-PENTA-160,PHC-NSK-09,nurse_nsk_09,FALSE,Routine UIP session.
NSK-2026-0369,Rota,2,Rotavirus-2 (10 Weeks),2026-07-30,2026-08-02,3,UIP-NSK-202608-ROTA-498,PHC-NSK-09,nurse_nsk_09,FALSE,Routine UIP session.
NSK-2026-0369,OPV,4,OPV-3 (14 Weeks),2026-08-27,2026-08-27,0,UIP-NSK-202608-OPV-507,PHC-NSK-09,nurse_nsk_09,FALSE,Routine UIP session.
NSK-2026-0369,Penta,3,Pentavalent-3 (14 Weeks),2026-08-27,2026-08-29,2,UIP-NSK-202608-PENTA-127,PHC-NSK-02,nurse_nsk_02,FALSE,Routine UIP session.
NSK-2026-0369,fIPV,2,fIPV-2 (14 Weeks),2026-08-27,2026-08-27,0,UIP-NSK-202608-FIPV-557,PHC-NSK-09,nurse_nsk_09,FALSE,Routine UIP session.
NSK-2026-0369,PCV,2,PCV-2 (14 Weeks),2026-08-27,2026-08-30,3,UIP-NSK-202608-PCV-402,PHC-NSK-09,nurse_nsk_09,FALSE,Routine UIP session.
NSK-2026-0370,BCG,1,BCG (At Birth),2026-01-17,2026-01-17,0,UIP-NSK-202601-BCG-428,PHC-NSK-02,nurse_nsk_02,FALSE,Administered at hospital after delivery.
NSK-2026-0370,OPV,1,OPV Zero Dose (At Birth),2026-01-17,2026-01-17,0,UIP-NSK-202601-OPV-926,PHC-NSK-02,nurse_nsk_02,FALSE,Administered at hospital after delivery.
NSK-2026-0370,HepB,1,Hepatitis B Birth Dose,2026-01-17,2026-01-17,0,UIP-NSK-202601-HEPB-942,PHC-NSK-02,nurse_nsk_02,FALSE,Administered at hospital after delivery.
NSK-2026-0370,OPV,2,OPV-1 (6 Weeks),2026-02-28,2026-02-28,0,UIP-NSK-202602-OPV-463,PHC-NSK-02,nurse_nsk_02,FALSE,Routine UIP session.
NSK-2026-0370,Penta,1,Pentavalent-1 (6 Weeks),2026-02-28,2026-02-28,0,UIP-NSK-202602-PENTA-285,PHC-NSK-02,nurse_nsk_02,FALSE,Routine UIP session.
NSK-2026-0370,Rota,1,Rotavirus-1 (6 Weeks),2026-02-28,2026-02-28,0,UIP-NSK-202602-ROTA-701,PHC-NSK-02,nurse_nsk_02,FALSE,Routine UIP session.
NSK-2026-0370,fIPV,1,fIPV-1 (6 Weeks),2026-02-28,2026-03-02,2,UIP-NSK-202603-FIPV-775,PHC-NSK-02,nurse_nsk_02,FALSE,Routine UIP session.
NSK-2026-0370,PCV,1,PCV-1 (6 Weeks),2026-02-28,2026-02-28,0,UIP-NSK-202602-PCV-878,PHC-NSK-02,nurse_nsk_02,FALSE,Routine UIP session.
NSK-2026-0370,OPV,3,OPV-2 (10 Weeks),2026-03-28,2026-04-04,7,UIP-NSK-202604-OPV-471,PHC-NSK-02,nurse_nsk_02,FALSE,Routine UIP session.
NSK-2026-0370,Penta,2,Pentavalent-2 (10 Weeks),2026-03-28,2026-03-28,0,UIP-NSK-202603-PENTA-901,PHC-NSK-02,nurse_nsk_02,FALSE,Routine UIP session.
NSK-2026-0370,Rota,2,Rotavirus-2 (10 Weeks),2026-03-28,2026-03-30,2,UIP-NSK-202603-ROTA-364,PHC-NSK-02,nurse_nsk_02,FALSE,Routine UIP session.
NSK-2026-0370,OPV,4,OPV-3 (14 Weeks),2026-04-25,2026-05-02,7,UIP-NSK-202605-OPV-165,PHC-NSK-02,nurse_nsk_02,FALSE,Routine UIP session.
NSK-2026-0370,Penta,3,Pentavalent-3 (14 Weeks),2026-04-25,2026-04-25,0,UIP-NSK-202604-PENTA-914,PHC-NSK-02,nurse_nsk_02,FALSE,Routine UIP session.
NSK-2026-0370,Rota,3,Rotavirus-3 (14 Weeks),2026-04-25,2026-04-27,2,UIP-NSK-202604-ROTA-949,PHC-NSK-02,nurse_nsk_02,FALSE,Routine UIP session.
NSK-2026-0370,fIPV,2,fIPV-2 (14 Weeks),2026-04-25,2026-05-01,6,UIP-NSK-202605-FIPV-400,PHC-NSK-02,nurse_nsk_02,FALSE,Routine UIP session.
NSK-2026-0370,PCV,2,PCV-2 (14 Weeks),2026-04-25,2026-04-25,0,UIP-NSK-202604-PCV-844,PHC-NSK-02,nurse_nsk_02,FALSE,Routine UIP session.
NSK-2026-0371,BCG,1,BCG (At Birth),2026-02-22,2026-02-22,0,UIP-NSK-202602-BCG-880,PHC-NSK-05,nurse_nsk_05,FALSE,Administered at hospital after delivery.
NSK-2026-0371,OPV,1,OPV Zero Dose (At Birth),2026-02-22,2026-02-22,0,UIP-NSK-202602-OPV-918,PHC-NSK-05,nurse_nsk_05,FALSE,Administered at hospital after delivery.
NSK-2026-0371,HepB,1,Hepatitis B Birth Dose,2026-02-22,2026-02-22,0,UIP-NSK-202602-HEPB-926,PHC-NSK-05,nurse_nsk_05,FALSE,Administered at hospital after delivery.
NSK-2026-0371,OPV,2,OPV-1 (6 Weeks),2026-04-05,2026-04-05,0,UIP-NSK-202604-OPV-440,PHC-NSK-05,nurse_nsk_05,FALSE,Routine UIP session.
NSK-2026-0371,Penta,1,Pentavalent-1 (6 Weeks),2026-04-05,2026-04-12,7,UIP-NSK-202604-PENTA-480,PHC-NSK-05,nurse_nsk_05,FALSE,Routine UIP session.
NSK-2026-0371,Rota,1,Rotavirus-1 (6 Weeks),2026-04-05,2026-04-05,0,UIP-NSK-202604-ROTA-902,PHC-NSK-05,nurse_nsk_05,FALSE,Routine UIP session.
NSK-2026-0371,fIPV,1,fIPV-1 (6 Weeks),2026-04-05,2026-04-05,0,UIP-NSK-202604-FIPV-653,PHC-NSK-05,nurse_nsk_05,FALSE,Routine UIP session.
NSK-2026-0371,PCV,1,PCV-1 (6 Weeks),2026-04-05,2026-04-05,0,UIP-NSK-202604-PCV-729,PHC-NSK-03,nurse_nsk_03,FALSE,Routine UIP session.
NSK-2026-0371,OPV,3,OPV-2 (10 Weeks),2026-05-03,2026-05-03,0,UIP-NSK-202605-OPV-756,PHC-NSK-05,nurse_nsk_05,FALSE,Routine UIP session.
NSK-2026-0371,Penta,2,Pentavalent-2 (10 Weeks),2026-05-03,2026-05-10,7,UIP-NSK-202605-PENTA-198,PHC-NSK-05,nurse_nsk_05,FALSE,Routine UIP session.
NSK-2026-0371,Rota,2,Rotavirus-2 (10 Weeks),2026-05-03,2026-05-03,0,UIP-NSK-202605-ROTA-182,PHC-NSK-05,nurse_nsk_05,FALSE,Routine UIP session.
NSK-2026-0371,OPV,4,OPV-3 (14 Weeks),2026-05-31,2026-05-31,0,UIP-NSK-202605-OPV-775,PHC-NSK-05,nurse_nsk_05,FALSE,Routine UIP session.
NSK-2026-0371,Penta,3,Pentavalent-3 (14 Weeks),2026-05-31,2026-06-07,7,UIP-NSK-202606-PENTA-263,PHC-NSK-05,nurse_nsk_05,FALSE,Routine UIP session.
NSK-2026-0371,Rota,3,Rotavirus-3 (14 Weeks),2026-05-31,2026-05-31,0,UIP-NSK-202605-ROTA-766,PHC-NSK-05,nurse_nsk_05,FALSE,Routine UIP session.
NSK-2026-0371,fIPV,2,fIPV-2 (14 Weeks),2026-05-31,2026-06-01,1,UIP-NSK-202606-FIPV-515,PHC-NSK-05,nurse_nsk_05,FALSE,Routine UIP session.
NSK-2026-0371,PCV,2,PCV-2 (14 Weeks),2026-05-31,2026-05-31,0,UIP-NSK-202605-PCV-628,PHC-NSK-05,nurse_nsk_05,FALSE,Routine UIP session.
NSK-2026-0372,BCG,1,BCG (At Birth),2026-02-12,2026-02-12,0,UIP-NSK-202602-BCG-165,PHC-NSK-01,nurse_nsk_01,FALSE,Administered at hospital after delivery.
NSK-2026-0372,OPV,1,OPV Zero Dose (At Birth),2026-02-12,2026-02-12,0,UIP-NSK-202602-OPV-652,PHC-NSK-01,nurse_nsk_01,FALSE,Administered at hospital after delivery.
NSK-2026-0372,HepB,1,Hepatitis B Birth Dose,2026-02-12,2026-02-12,0,UIP-NSK-202602-HEPB-403,PHC-NSK-01,nurse_nsk_01,FALSE,Administered at hospital after delivery.
NSK-2026-0372,OPV,2,OPV-1 (6 Weeks),2026-03-26,2026-05-20,55,UIP-NSK-202605-OPV-429,PHC-NSK-01,nurse_nsk_01,FALSE,Routine UIP session.
NSK-2026-0372,Penta,1,Pentavalent-1 (6 Weeks),2026-03-26,2026-04-17,22,UIP-NSK-202604-PENTA-101,PHC-NSK-01,nurse_nsk_01,FALSE,Routine UIP session.
NSK-2026-0372,Rota,1,Rotavirus-1 (6 Weeks),2026-03-26,2026-04-05,10,UIP-NSK-202604-ROTA-435,PHC-NSK-01,nurse_nsk_01,FALSE,Routine UIP session.
NSK-2026-0372,fIPV,1,fIPV-1 (6 Weeks),2026-03-26,2026-05-18,53,UIP-NSK-202605-FIPV-215,PHC-NSK-01,nurse_nsk_01,FALSE,Routine UIP session.
NSK-2026-0372,OPV,3,OPV-2 (10 Weeks),2026-04-23,2026-06-22,60,UIP-NSK-202606-OPV-497,PHC-NSK-01,nurse_nsk_01,FALSE,Routine UIP session.
NSK-2026-0372,Penta,2,Pentavalent-2 (10 Weeks),2026-04-23,2026-06-14,52,UIP-NSK-202606-PENTA-886,PHC-NSK-01,nurse_nsk_01,FALSE,Routine UIP session.
NSK-2026-0372,Rota,2,Rotavirus-2 (10 Weeks),2026-04-23,2026-05-11,18,UIP-NSK-202605-ROTA-360,PHC-NSK-01,nurse_nsk_01,FALSE,Routine UIP session.
NSK-2026-0372,Penta,3,Pentavalent-3 (14 Weeks),2026-05-21,2026-07-12,52,UIP-NSK-202607-PENTA-132,PHC-NSK-01,nurse_nsk_01,FALSE,Routine UIP session.
NSK-2026-0373,OPV,1,OPV Zero Dose (At Birth),2026-08-18,2026-08-18,0,UIP-NSK-202608-OPV-718,PHC-NSK-09,nurse_nsk_09,FALSE,Administered at hospital after delivery.
NSK-2026-0373,HepB,1,Hepatitis B Birth Dose,2026-08-18,2026-08-18,0,UIP-NSK-202608-HEPB-716,PHC-NSK-09,nurse_nsk_09,FALSE,Administered at hospital after delivery.
NSK-2026-0374,BCG,1,BCG (At Birth),2026-09-29,2026-09-29,0,UIP-NSK-202609-BCG-528,PHC-NSK-08,nurse_nsk_08,FALSE,Administered at hospital after delivery.
NSK-2026-0374,OPV,1,OPV Zero Dose (At Birth),2026-09-29,2026-09-29,0,UIP-NSK-202609-OPV-453,PHC-NSK-09,nurse_nsk_09,FALSE,Administered at hospital after delivery.
NSK-2026-0374,HepB,1,Hepatitis B Birth Dose,2026-09-29,2026-09-29,0,UIP-NSK-202609-HEPB-576,PHC-NSK-08,nurse_nsk_08,FALSE,Administered at hospital after delivery.
NSK-2026-0375,BCG,1,BCG (At Birth),2026-07-06,2026-07-06,0,UIP-NSK-202607-BCG-674,PHC-NSK-07,nurse_nsk_07,FALSE,Administered at hospital after delivery.
NSK-2026-0375,OPV,1,OPV Zero Dose (At Birth),2026-07-06,2026-07-06,0,UIP-NSK-202607-OPV-887,PHC-NSK-07,nurse_nsk_07,FALSE,Administered at hospital after delivery.
NSK-2026-0375,HepB,1,Hepatitis B Birth Dose,2026-07-06,2026-07-06,0,UIP-NSK-202607-HEPB-938,PHC-NSK-07,nurse_nsk_07,FALSE,Administered at hospital after delivery.
NSK-2026-0375,OPV,2,OPV-1 (6 Weeks),2026-08-17,2026-08-17,0,UIP-NSK-202608-OPV-130,PHC-NSK-07,nurse_nsk_07,FALSE,Routine UIP session.
NSK-2026-0375,Penta,1,Pentavalent-1 (6 Weeks),2026-08-17,2026-08-17,0,UIP-NSK-202608-PENTA-705,PHC-NSK-07,nurse_nsk_07,FALSE,Routine UIP session.
NSK-2026-0375,Rota,1,Rotavirus-1 (6 Weeks),2026-08-17,2026-08-17,0,UIP-NSK-202608-ROTA-709,PHC-NSK-07,nurse_nsk_07,FALSE,Routine UIP session.
NSK-2026-0375,fIPV,1,fIPV-1 (6 Weeks),2026-08-17,2026-08-17,0,UIP-NSK-202608-FIPV-380,PHC-NSK-07,nurse_nsk_07,FALSE,Routine UIP session.
NSK-2026-0375,PCV,1,PCV-1 (6 Weeks),2026-08-17,2026-08-17,0,UIP-NSK-202608-PCV-870,PHC-NSK-07,nurse_nsk_07,FALSE,Routine UIP session.
NSK-2026-0375,OPV,3,OPV-2 (10 Weeks),2026-09-14,2026-09-20,6,UIP-NSK-202609-OPV-250,PHC-NSK-07,nurse_nsk_07,FALSE,Routine UIP session.
NSK-2026-0375,Penta,2,Pentavalent-2 (10 Weeks),2026-09-14,2026-09-14,0,UIP-NSK-202609-PENTA-406,PHC-NSK-07,nurse_nsk_07,FALSE,Routine UIP session.
NSK-2026-0375,Rota,2,Rotavirus-2 (10 Weeks),2026-09-14,2026-09-14,0,UIP-NSK-202609-ROTA-750,PHC-NSK-07,nurse_nsk_07,FALSE,Routine UIP session.
NSK-2026-0376,BCG,1,BCG (At Birth),2026-03-15,2026-03-15,0,UIP-NSK-202603-BCG-151,PHC-NSK-01,nurse_nsk_01,FALSE,Administered at hospital after delivery.
NSK-2026-0376,OPV,1,OPV Zero Dose (At Birth),2026-03-15,2026-03-15,0,UIP-NSK-202603-OPV-685,PHC-NSK-01,nurse_nsk_01,FALSE,Administered at hospital after delivery.
NSK-2026-0376,HepB,1,Hepatitis B Birth Dose,2026-03-15,2026-03-15,0,UIP-NSK-202603-HEPB-280,PHC-NSK-01,nurse_nsk_01,FALSE,Administered at hospital after delivery.
NSK-2026-0376,OPV,2,OPV-1 (6 Weeks),2026-04-26,2026-04-26,0,UIP-NSK-202604-OPV-155,PHC-NSK-01,nurse_nsk_01,FALSE,Routine UIP session.
NSK-2026-0376,Penta,1,Pentavalent-1 (6 Weeks),2026-04-26,2026-04-26,0,UIP-NSK-202604-PENTA-329,PHC-NSK-01,nurse_nsk_01,FALSE,Routine UIP session.
NSK-2026-0376,Rota,1,Rotavirus-1 (6 Weeks),2026-04-26,2026-04-28,2,UIP-NSK-202604-ROTA-398,PHC-NSK-01,nurse_nsk_01,FALSE,Routine UIP session.
NSK-2026-0376,fIPV,1,fIPV-1 (6 Weeks),2026-04-26,2026-04-27,1,UIP-NSK-202604-FIPV-439,PHC-NSK-01,nurse_nsk_01,FALSE,Routine UIP session.
NSK-2026-0376,PCV,1,PCV-1 (6 Weeks),2026-04-26,2026-04-26,0,UIP-NSK-202604-PCV-513,PHC-NSK-01,nurse_nsk_01,FALSE,Routine UIP session.
NSK-2026-0376,OPV,3,OPV-2 (10 Weeks),2026-05-24,2026-05-24,0,UIP-NSK-202605-OPV-328,PHC-NSK-01,nurse_nsk_01,FALSE,Routine UIP session.
NSK-2026-0376,Penta,2,Pentavalent-2 (10 Weeks),2026-05-24,2026-05-24,0,UIP-NSK-202605-PENTA-248,PHC-NSK-01,nurse_nsk_01,FALSE,Routine UIP session.
NSK-2026-0376,Rota,2,Rotavirus-2 (10 Weeks),2026-05-24,2026-05-26,2,UIP-NSK-202605-ROTA-342,PHC-NSK-01,nurse_nsk_01,FALSE,Routine UIP session.
NSK-2026-0376,OPV,4,OPV-3 (14 Weeks),2026-06-21,2026-06-21,0,UIP-NSK-202606-OPV-287,PHC-NSK-01,nurse_nsk_01,FALSE,Routine UIP session.
NSK-2026-0376,Penta,3,Pentavalent-3 (14 Weeks),2026-06-21,2026-06-21,0,UIP-NSK-202606-PENTA-564,PHC-NSK-01,nurse_nsk_01,FALSE,Routine UIP session.
NSK-2026-0376,Rota,3,Rotavirus-3 (14 Weeks),2026-06-21,2026-06-23,2,UIP-NSK-202606-ROTA-544,PHC-NSK-01,nurse_nsk_01,FALSE,Routine UIP session.
NSK-2026-0376,fIPV,2,fIPV-2 (14 Weeks),2026-06-21,2026-06-21,0,UIP-NSK-202606-FIPV-399,PHC-NSK-01,nurse_nsk_01,FALSE,Routine UIP session.
NSK-2026-0376,PCV,2,PCV-2 (14 Weeks),2026-06-21,2026-06-21,0,UIP-NSK-202606-PCV-727,PHC-NSK-01,nurse_nsk_01,FALSE,Routine UIP session.
NSK-2026-0377,BCG,1,BCG (At Birth),2026-07-17,2026-07-17,0,UIP-NSK-202607-BCG-757,PHC-NSK-02,nurse_nsk_02,FALSE,Administered at hospital after delivery.
NSK-2026-0377,OPV,1,OPV Zero Dose (At Birth),2026-07-17,2026-07-17,0,UIP-NSK-202607-OPV-591,PHC-NSK-02,nurse_nsk_02,FALSE,Administered at hospital after delivery.
NSK-2026-0377,HepB,1,Hepatitis B Birth Dose,2026-07-17,2026-07-17,0,UIP-NSK-202607-HEPB-960,PHC-NSK-07,nurse_nsk_07,FALSE,Administered at hospital after delivery.
NSK-2026-0377,OPV,2,OPV-1 (6 Weeks),2026-08-28,2026-08-31,3,UIP-NSK-202608-OPV-689,PHC-NSK-02,nurse_nsk_02,FALSE,Routine UIP session.
NSK-2026-0377,Penta,1,Pentavalent-1 (6 Weeks),2026-08-28,2026-08-28,0,UIP-NSK-202608-PENTA-140,PHC-NSK-02,nurse_nsk_02,FALSE,Routine UIP session.
NSK-2026-0377,Rota,1,Rotavirus-1 (6 Weeks),2026-08-28,2026-08-28,0,UIP-NSK-202608-ROTA-736,PHC-NSK-02,nurse_nsk_02,FALSE,Routine UIP session.
NSK-2026-0377,fIPV,1,fIPV-1 (6 Weeks),2026-08-28,2026-08-28,0,UIP-NSK-202608-FIPV-386,PHC-NSK-02,nurse_nsk_02,FALSE,Routine UIP session.
NSK-2026-0377,PCV,1,PCV-1 (6 Weeks),2026-08-28,2026-08-28,0,UIP-NSK-202608-PCV-754,PHC-NSK-02,nurse_nsk_02,FALSE,Routine UIP session.
NSK-2026-0377,OPV,3,OPV-2 (10 Weeks),2026-09-25,2026-09-28,3,UIP-NSK-202609-OPV-757,PHC-NSK-02,nurse_nsk_02,FALSE,Routine UIP session.
NSK-2026-0377,Penta,2,Pentavalent-2 (10 Weeks),2026-09-25,2026-09-25,0,UIP-NSK-202609-PENTA-820,PHC-NSK-02,nurse_nsk_02,FALSE,Routine UIP session.
NSK-2026-0377,Rota,2,Rotavirus-2 (10 Weeks),2026-09-25,2026-09-25,0,UIP-NSK-202609-ROTA-466,PHC-NSK-02,nurse_nsk_02,FALSE,Routine UIP session.
NSK-2026-0378,BCG,1,BCG (At Birth),2026-05-16,2026-05-16,0,UIP-NSK-202605-BCG-708,PHC-NSK-03,nurse_nsk_03,FALSE,Administered at hospital after delivery.
NSK-2026-0378,OPV,1,OPV Zero Dose (At Birth),2026-05-16,2026-05-16,0,UIP-NSK-202605-OPV-798,PHC-NSK-03,nurse_nsk_03,FALSE,Administered at hospital after delivery.
NSK-2026-0378,HepB,1,Hepatitis B Birth Dose,2026-05-16,2026-05-16,0,UIP-NSK-202605-HEPB-455,PHC-NSK-03,nurse_nsk_03,FALSE,Administered at hospital after delivery.
NSK-2026-0378,OPV,2,OPV-1 (6 Weeks),2026-06-27,2026-06-27,0,UIP-NSK-202606-OPV-709,PHC-NSK-03,nurse_nsk_03,FALSE,Routine UIP session.
NSK-2026-0378,Penta,1,Pentavalent-1 (6 Weeks),2026-06-27,2026-06-27,0,UIP-NSK-202606-PENTA-511,PHC-NSK-03,nurse_nsk_03,FALSE,Routine UIP session.
NSK-2026-0378,Rota,1,Rotavirus-1 (6 Weeks),2026-06-27,2026-06-27,0,UIP-NSK-202606-ROTA-805,PHC-NSK-03,nurse_nsk_03,FALSE,Routine UIP session.
NSK-2026-0378,fIPV,1,fIPV-1 (6 Weeks),2026-06-27,2026-06-27,0,UIP-NSK-202606-FIPV-193,PHC-NSK-03,nurse_nsk_03,FALSE,Routine UIP session.
NSK-2026-0378,PCV,1,PCV-1 (6 Weeks),2026-06-27,2026-07-05,8,UIP-NSK-202607-PCV-677,PHC-NSK-03,nurse_nsk_03,FALSE,Routine UIP session.
NSK-2026-0378,OPV,3,OPV-2 (10 Weeks),2026-07-25,2026-07-25,0,UIP-NSK-202607-OPV-232,PHC-NSK-03,nurse_nsk_03,FALSE,Routine UIP session.
NSK-2026-0378,Penta,2,Pentavalent-2 (10 Weeks),2026-07-25,2026-07-25,0,UIP-NSK-202607-PENTA-827,PHC-NSK-03,nurse_nsk_03,FALSE,Routine UIP session.
NSK-2026-0378,Rota,2,Rotavirus-2 (10 Weeks),2026-07-25,2026-07-25,0,UIP-NSK-202607-ROTA-948,PHC-NSK-03,nurse_nsk_03,FALSE,Routine UIP session.
NSK-2026-0378,OPV,4,OPV-3 (14 Weeks),2026-08-22,2026-08-29,7,UIP-NSK-202608-OPV-986,PHC-NSK-03,nurse_nsk_03,FALSE,Routine UIP session.
NSK-2026-0378,Penta,3,Pentavalent-3 (14 Weeks),2026-08-22,2026-08-22,0,UIP-NSK-202608-PENTA-430,PHC-NSK-03,nurse_nsk_03,FALSE,Routine UIP session.
NSK-2026-0378,Rota,3,Rotavirus-3 (14 Weeks),2026-08-22,2026-08-22,0,UIP-NSK-202608-ROTA-490,PHC-NSK-03,nurse_nsk_03,FALSE,Routine UIP session.
NSK-2026-0378,fIPV,2,fIPV-2 (14 Weeks),2026-08-22,2026-08-22,0,UIP-NSK-202608-FIPV-940,PHC-NSK-03,nurse_nsk_03,FALSE,Routine UIP session.
NSK-2026-0378,PCV,2,PCV-2 (14 Weeks),2026-08-22,2026-08-22,0,UIP-NSK-202608-PCV-816,PHC-NSK-03,nurse_nsk_03,FALSE,Routine UIP session.
NSK-2026-0379,BCG,1,BCG (At Birth),2026-05-27,2026-05-27,0,UIP-NSK-202605-BCG-863,PHC-NSK-09,nurse_nsk_09,FALSE,Administered at hospital after delivery.
NSK-2026-0379,OPV,1,OPV Zero Dose (At Birth),2026-05-27,2026-05-27,0,UIP-NSK-202605-OPV-744,PHC-NSK-02,nurse_nsk_02,FALSE,Administered at hospital after delivery.
NSK-2026-0379,HepB,1,Hepatitis B Birth Dose,2026-05-27,2026-07-16,50,UIP-NSK-202607-HEPB-882,PHC-NSK-09,nurse_nsk_09,FALSE,Routine UIP session.
NSK-2026-0379,OPV,2,OPV-1 (6 Weeks),2026-07-08,2026-08-10,33,UIP-NSK-202608-OPV-139,PHC-NSK-09,nurse_nsk_09,FALSE,Routine UIP session.
NSK-2026-0379,fIPV,1,fIPV-1 (6 Weeks),2026-07-08,2026-08-21,44,UIP-NSK-202608-FIPV-226,PHC-NSK-09,nurse_nsk_09,FALSE,Routine UIP session.
NSK-2026-0379,PCV,1,PCV-1 (6 Weeks),2026-07-08,2026-09-06,60,UIP-NSK-202609-PCV-513,PHC-NSK-09,nurse_nsk_09,FALSE,Routine UIP session.
NSK-2026-0379,OPV,3,OPV-2 (10 Weeks),2026-08-05,2026-09-07,33,UIP-NSK-202609-OPV-319,PHC-NSK-09,nurse_nsk_09,FALSE,Routine UIP session.
NSK-2026-0379,Penta,2,Pentavalent-2 (10 Weeks),2026-08-05,2026-09-25,51,UIP-NSK-202609-PENTA-781,PHC-NSK-09,nurse_nsk_09,FALSE,Routine UIP session.
NSK-2026-0380,BCG,1,BCG (At Birth),2026-07-25,2026-07-25,0,UIP-NSK-202607-BCG-773,PHC-NSK-01,nurse_nsk_01,FALSE,Administered at hospital after delivery.
NSK-2026-0380,OPV,1,OPV Zero Dose (At Birth),2026-07-25,2026-07-25,0,UIP-NSK-202607-OPV-416,PHC-NSK-01,nurse_nsk_01,FALSE,Administered at hospital after delivery.
NSK-2026-0380,HepB,1,Hepatitis B Birth Dose,2026-07-25,2026-07-25,0,UIP-NSK-202607-HEPB-859,PHC-NSK-01,nurse_nsk_01,FALSE,Administered at hospital after delivery.
NSK-2026-0380,OPV,2,OPV-1 (6 Weeks),2026-09-05,2026-09-07,2,UIP-NSK-202609-OPV-331,PHC-NSK-01,nurse_nsk_01,FALSE,Routine UIP session.
NSK-2026-0380,Penta,1,Pentavalent-1 (6 Weeks),2026-09-05,2026-09-07,2,UIP-NSK-202609-PENTA-660,PHC-NSK-01,nurse_nsk_01,FALSE,Routine UIP session.
NSK-2026-0380,Rota,1,Rotavirus-1 (6 Weeks),2026-09-05,2026-09-05,0,UIP-NSK-202609-ROTA-489,PHC-NSK-01,nurse_nsk_01,FALSE,Routine UIP session.
NSK-2026-0380,fIPV,1,fIPV-1 (6 Weeks),2026-09-05,2026-09-05,0,UIP-NSK-202609-FIPV-799,PHC-NSK-01,nurse_nsk_01,FALSE,Routine UIP session.
NSK-2026-0380,PCV,1,PCV-1 (6 Weeks),2026-09-05,2026-09-08,3,UIP-NSK-202609-PCV-797,PHC-NSK-01,nurse_nsk_01,FALSE,Routine UIP session.
NSK-2026-0380,OPV,3,OPV-2 (10 Weeks),2026-10-03,2026-10-05,2,UIP-NSK-202610-OPV-838,PHC-NSK-01,nurse_nsk_01,FALSE,Routine UIP session.
NSK-2026-0380,Penta,2,Pentavalent-2 (10 Weeks),2026-10-03,2026-10-05,2,UIP-NSK-202610-PENTA-106,PHC-NSK-01,nurse_nsk_01,FALSE,Routine UIP session.
NSK-2026-0380,Rota,2,Rotavirus-2 (10 Weeks),2026-10-03,2026-10-03,0,UIP-NSK-202610-ROTA-501,PHC-NSK-01,nurse_nsk_01,FALSE,Routine UIP session.
NSK-2026-0381,BCG,1,BCG (At Birth),2026-08-18,2026-08-18,0,UIP-NSK-202608-BCG-110,PHC-NSK-06,nurse_nsk_06,FALSE,Administered at hospital after delivery.
NSK-2026-0381,OPV,1,OPV Zero Dose (At Birth),2026-08-18,2026-08-18,0,UIP-NSK-202608-OPV-805,PHC-NSK-06,nurse_nsk_06,FALSE,Administered at hospital after delivery.
NSK-2026-0381,HepB,1,Hepatitis B Birth Dose,2026-08-18,2026-08-18,0,UIP-NSK-202608-HEPB-719,PHC-NSK-06,nurse_nsk_06,FALSE,Administered at hospital after delivery.
NSK-2026-0381,OPV,2,OPV-1 (6 Weeks),2026-09-29,2026-10-02,3,UIP-NSK-202610-OPV-905,PHC-NSK-06,nurse_nsk_06,FALSE,Routine UIP session.
NSK-2026-0382,BCG,1,BCG (At Birth),2026-01-11,2026-01-11,0,UIP-NSK-202601-BCG-687,PHC-NSK-08,nurse_nsk_08,FALSE,Administered at hospital after delivery.
NSK-2026-0382,HepB,1,Hepatitis B Birth Dose,2026-01-11,2026-01-11,0,UIP-NSK-202601-HEPB-450,PHC-NSK-08,nurse_nsk_08,FALSE,Administered at hospital after delivery.
NSK-2026-0382,OPV,2,OPV-1 (6 Weeks),2026-02-22,2026-02-22,0,UIP-NSK-202602-OPV-369,PHC-NSK-08,nurse_nsk_08,FALSE,Routine UIP session.
NSK-2026-0382,Penta,1,Pentavalent-1 (6 Weeks),2026-02-22,2026-02-22,0,UIP-NSK-202602-PENTA-759,PHC-NSK-08,nurse_nsk_08,FALSE,Routine UIP session.
NSK-2026-0382,Rota,1,Rotavirus-1 (6 Weeks),2026-02-22,2026-02-22,0,UIP-NSK-202602-ROTA-579,PHC-NSK-08,nurse_nsk_08,FALSE,Routine UIP session.
NSK-2026-0382,fIPV,1,fIPV-1 (6 Weeks),2026-02-22,2026-02-24,2,UIP-NSK-202602-FIPV-362,PHC-NSK-08,nurse_nsk_08,FALSE,Routine UIP session.
NSK-2026-0382,PCV,1,PCV-1 (6 Weeks),2026-02-22,2026-02-22,0,UIP-NSK-202602-PCV-543,PHC-NSK-08,nurse_nsk_08,FALSE,Routine UIP session.
NSK-2026-0382,OPV,3,OPV-2 (10 Weeks),2026-03-22,2026-03-22,0,UIP-NSK-202603-OPV-193,PHC-NSK-08,nurse_nsk_08,FALSE,Routine UIP session.
NSK-2026-0382,Penta,2,Pentavalent-2 (10 Weeks),2026-03-22,2026-03-22,0,UIP-NSK-202603-PENTA-538,PHC-NSK-08,nurse_nsk_08,FALSE,Routine UIP session.
NSK-2026-0382,Rota,2,Rotavirus-2 (10 Weeks),2026-03-22,2026-03-22,0,UIP-NSK-202603-ROTA-160,PHC-NSK-08,nurse_nsk_08,FALSE,Routine UIP session.
NSK-2026-0382,OPV,4,OPV-3 (14 Weeks),2026-04-19,2026-04-19,0,UIP-NSK-202604-OPV-172,PHC-NSK-08,nurse_nsk_08,FALSE,Routine UIP session.
NSK-2026-0382,Penta,3,Pentavalent-3 (14 Weeks),2026-04-19,2026-04-19,0,UIP-NSK-202604-PENTA-532,PHC-NSK-08,nurse_nsk_08,FALSE,Routine UIP session.
NSK-2026-0382,Rota,3,Rotavirus-3 (14 Weeks),2026-04-19,2026-04-22,3,UIP-NSK-202604-ROTA-776,PHC-NSK-08,nurse_nsk_08,FALSE,Routine UIP session.
NSK-2026-0382,fIPV,2,fIPV-2 (14 Weeks),2026-04-19,2026-04-19,0,UIP-NSK-202604-FIPV-649,PHC-NSK-08,nurse_nsk_08,FALSE,Routine UIP session.
NSK-2026-0382,PCV,2,PCV-2 (14 Weeks),2026-04-19,2026-04-21,2,UIP-NSK-202604-PCV-509,PHC-NSK-08,nurse_nsk_08,FALSE,Routine UIP session.
NSK-2026-0383,BCG,1,BCG (At Birth),2026-08-27,2026-08-27,0,UIP-NSK-202608-BCG-154,PHC-NSK-05,nurse_nsk_05,FALSE,Administered at hospital after delivery.
NSK-2026-0383,OPV,1,OPV Zero Dose (At Birth),2026-08-27,2026-08-29,2,UIP-NSK-202608-OPV-623,PHC-NSK-05,nurse_nsk_05,FALSE,Routine UIP session.
NSK-2026-0383,HepB,1,Hepatitis B Birth Dose,2026-08-27,2026-08-27,0,UIP-NSK-202608-HEPB-540,PHC-NSK-05,nurse_nsk_05,FALSE,Administered at hospital after delivery.
NSK-2026-0384,BCG,1,BCG (At Birth),2026-01-19,2026-01-19,0,UIP-NSK-202601-BCG-526,PHC-NSK-09,nurse_nsk_09,FALSE,Administered at hospital after delivery.
NSK-2026-0384,OPV,1,OPV Zero Dose (At Birth),2026-01-19,2026-01-19,0,UIP-NSK-202601-OPV-270,PHC-NSK-06,nurse_nsk_06,FALSE,Administered at hospital after delivery.
NSK-2026-0384,HepB,1,Hepatitis B Birth Dose,2026-01-19,2026-01-19,0,UIP-NSK-202601-HEPB-562,PHC-NSK-06,nurse_nsk_06,FALSE,Administered at hospital after delivery.
NSK-2026-0384,OPV,2,OPV-1 (6 Weeks),2026-03-02,2026-03-02,0,UIP-NSK-202603-OPV-746,PHC-NSK-06,nurse_nsk_06,FALSE,Routine UIP session.
NSK-2026-0384,Penta,1,Pentavalent-1 (6 Weeks),2026-03-02,2026-03-03,1,UIP-NSK-202603-PENTA-793,PHC-NSK-03,nurse_nsk_03,FALSE,Routine UIP session.
NSK-2026-0384,Rota,1,Rotavirus-1 (6 Weeks),2026-03-02,2026-03-02,0,UIP-NSK-202603-ROTA-986,PHC-NSK-10,nurse_nsk_10,FALSE,Routine UIP session.
NSK-2026-0384,fIPV,1,fIPV-1 (6 Weeks),2026-03-02,2026-03-02,0,UIP-NSK-202603-FIPV-452,PHC-NSK-06,nurse_nsk_06,FALSE,Routine UIP session.
NSK-2026-0384,PCV,1,PCV-1 (6 Weeks),2026-03-02,2026-03-04,2,UIP-NSK-202603-PCV-238,PHC-NSK-06,nurse_nsk_06,FALSE,Routine UIP session.
NSK-2026-0384,OPV,3,OPV-2 (10 Weeks),2026-03-30,2026-03-31,1,UIP-NSK-202603-OPV-594,PHC-NSK-06,nurse_nsk_06,FALSE,Routine UIP session.
NSK-2026-0384,Penta,2,Pentavalent-2 (10 Weeks),2026-03-30,2026-03-31,1,UIP-NSK-202603-PENTA-680,PHC-NSK-06,nurse_nsk_06,FALSE,Routine UIP session.
NSK-2026-0384,Rota,2,Rotavirus-2 (10 Weeks),2026-03-30,2026-03-30,0,UIP-NSK-202603-ROTA-724,PHC-NSK-06,nurse_nsk_06,FALSE,Routine UIP session.
NSK-2026-0384,OPV,4,OPV-3 (14 Weeks),2026-04-27,2026-04-28,1,UIP-NSK-202604-OPV-835,PHC-NSK-06,nurse_nsk_06,FALSE,Routine UIP session.
NSK-2026-0384,Penta,3,Pentavalent-3 (14 Weeks),2026-04-27,2026-04-28,1,UIP-NSK-202604-PENTA-128,PHC-NSK-06,nurse_nsk_06,FALSE,Routine UIP session.
NSK-2026-0384,Rota,3,Rotavirus-3 (14 Weeks),2026-04-27,2026-04-27,0,UIP-NSK-202604-ROTA-925,PHC-NSK-06,nurse_nsk_06,FALSE,Routine UIP session.
NSK-2026-0384,fIPV,2,fIPV-2 (14 Weeks),2026-04-27,2026-04-29,2,UIP-NSK-202604-FIPV-897,PHC-NSK-06,nurse_nsk_06,FALSE,Routine UIP session.
NSK-2026-0384,PCV,2,PCV-2 (14 Weeks),2026-04-27,2026-04-30,3,UIP-NSK-202604-PCV-687,PHC-NSK-06,nurse_nsk_06,FALSE,Routine UIP session.
NSK-2026-0385,BCG,1,BCG (At Birth),2026-01-03,2026-01-03,0,UIP-NSK-202601-BCG-872,PHC-NSK-03,nurse_nsk_03,FALSE,Administered at hospital after delivery.
NSK-2026-0385,OPV,1,OPV Zero Dose (At Birth),2026-01-03,2026-01-03,0,UIP-NSK-202601-OPV-716,PHC-NSK-10,nurse_nsk_10,FALSE,Administered at hospital after delivery.
NSK-2026-0385,HepB,1,Hepatitis B Birth Dose,2026-01-03,2026-01-03,0,UIP-NSK-202601-HEPB-440,PHC-NSK-03,nurse_nsk_03,FALSE,Administered at hospital after delivery.
NSK-2026-0385,OPV,2,OPV-1 (6 Weeks),2026-02-14,2026-04-10,55,UIP-NSK-202604-OPV-997,PHC-NSK-03,nurse_nsk_03,FALSE,Routine UIP session.
NSK-2026-0385,Penta,1,Pentavalent-1 (6 Weeks),2026-02-14,2026-03-09,23,UIP-NSK-202603-PENTA-687,PHC-NSK-03,nurse_nsk_03,FALSE,Routine UIP session.
NSK-2026-0385,Rota,1,Rotavirus-1 (6 Weeks),2026-02-14,2026-03-26,40,UIP-NSK-202603-ROTA-548,PHC-NSK-03,nurse_nsk_03,FALSE,Routine UIP session.
NSK-2026-0385,fIPV,1,fIPV-1 (6 Weeks),2026-02-14,2026-04-14,59,UIP-NSK-202604-FIPV-761,PHC-NSK-02,nurse_nsk_02,FALSE,Routine UIP session.
NSK-2026-0385,OPV,3,OPV-2 (10 Weeks),2026-03-14,2026-05-08,55,UIP-NSK-202605-OPV-802,PHC-NSK-03,nurse_nsk_03,FALSE,Routine UIP session.
NSK-2026-0385,Penta,2,Pentavalent-2 (10 Weeks),2026-03-14,2026-04-06,23,UIP-NSK-202604-PENTA-595,PHC-NSK-03,nurse_nsk_03,FALSE,Routine UIP session.
NSK-2026-0385,Rota,2,Rotavirus-2 (10 Weeks),2026-03-14,2026-04-27,44,UIP-NSK-202604-ROTA-584,PHC-NSK-07,nurse_nsk_07,FALSE,Routine UIP session.
NSK-2026-0385,OPV,4,OPV-3 (14 Weeks),2026-04-11,2026-06-05,55,UIP-NSK-202606-OPV-114,PHC-NSK-03,nurse_nsk_03,FALSE,Routine UIP session.
NSK-2026-0386,BCG,1,BCG (At Birth),2026-07-10,2026-07-10,0,UIP-NSK-202607-BCG-826,PHC-NSK-06,nurse_nsk_06,FALSE,Administered at hospital after delivery.
NSK-2026-0386,OPV,1,OPV Zero Dose (At Birth),2026-07-10,2026-07-10,0,UIP-NSK-202607-OPV-209,PHC-NSK-06,nurse_nsk_06,FALSE,Administered at hospital after delivery.
NSK-2026-0386,HepB,1,Hepatitis B Birth Dose,2026-07-10,2026-07-10,0,UIP-NSK-202607-HEPB-963,PHC-NSK-06,nurse_nsk_06,FALSE,Administered at hospital after delivery.
NSK-2026-0386,OPV,2,OPV-1 (6 Weeks),2026-08-21,2026-08-28,7,UIP-NSK-202608-OPV-853,PHC-NSK-06,nurse_nsk_06,FALSE,Routine UIP session.
NSK-2026-0386,Penta,1,Pentavalent-1 (6 Weeks),2026-08-21,2026-08-29,8,UIP-NSK-202608-PENTA-478,PHC-NSK-06,nurse_nsk_06,FALSE,Routine UIP session.
NSK-2026-0386,Rota,1,Rotavirus-1 (6 Weeks),2026-08-21,2026-08-23,2,UIP-NSK-202608-ROTA-234,PHC-NSK-06,nurse_nsk_06,FALSE,Routine UIP session.
NSK-2026-0386,fIPV,1,fIPV-1 (6 Weeks),2026-08-21,2026-08-27,6,UIP-NSK-202608-FIPV-354,PHC-NSK-06,nurse_nsk_06,FALSE,Routine UIP session.
NSK-2026-0386,PCV,1,PCV-1 (6 Weeks),2026-08-21,2026-08-24,3,UIP-NSK-202608-PCV-962,PHC-NSK-06,nurse_nsk_06,FALSE,Routine UIP session.
NSK-2026-0386,OPV,3,OPV-2 (10 Weeks),2026-09-18,2026-09-25,7,UIP-NSK-202609-OPV-479,PHC-NSK-06,nurse_nsk_06,FALSE,Routine UIP session.
NSK-2026-0386,Rota,2,Rotavirus-2 (10 Weeks),2026-09-18,2026-09-29,11,UIP-NSK-202609-ROTA-640,PHC-NSK-06,nurse_nsk_06,FALSE,Routine UIP session.
NSK-2026-0387,BCG,1,BCG (At Birth),2026-02-03,2026-02-03,0,UIP-NSK-202602-BCG-774,PHC-NSK-07,nurse_nsk_07,FALSE,Administered at hospital after delivery.
NSK-2026-0387,OPV,1,OPV Zero Dose (At Birth),2026-02-03,2026-02-03,0,UIP-NSK-202602-OPV-530,PHC-NSK-07,nurse_nsk_07,FALSE,Administered at hospital after delivery.
NSK-2026-0387,HepB,1,Hepatitis B Birth Dose,2026-02-03,2026-02-03,0,UIP-NSK-202602-HEPB-332,PHC-NSK-07,nurse_nsk_07,FALSE,Administered at hospital after delivery.
NSK-2026-0387,OPV,2,OPV-1 (6 Weeks),2026-03-17,2026-04-10,24,UIP-NSK-202604-OPV-209,PHC-NSK-07,nurse_nsk_07,FALSE,Routine UIP session.
NSK-2026-0387,Penta,1,Pentavalent-1 (6 Weeks),2026-03-17,2026-04-20,34,UIP-NSK-202604-PENTA-430,PHC-NSK-07,nurse_nsk_07,TRUE,Mild fever and local swelling; resolved in 48 hours.
NSK-2026-0387,Rota,1,Rotavirus-1 (6 Weeks),2026-03-17,2026-04-19,33,UIP-NSK-202604-ROTA-411,PHC-NSK-07,nurse_nsk_07,FALSE,Routine UIP session.
NSK-2026-0387,PCV,1,PCV-1 (6 Weeks),2026-03-17,2026-05-06,50,UIP-NSK-202605-PCV-272,PHC-NSK-07,nurse_nsk_07,FALSE,Routine UIP session.
NSK-2026-0387,Penta,2,Pentavalent-2 (10 Weeks),2026-04-14,2026-06-11,58,UIP-NSK-202606-PENTA-277,PHC-NSK-07,nurse_nsk_07,FALSE,Routine UIP session.
NSK-2026-0387,Rota,2,Rotavirus-2 (10 Weeks),2026-04-14,2026-05-30,46,UIP-NSK-202605-ROTA-221,PHC-NSK-07,nurse_nsk_07,FALSE,Routine UIP session.
NSK-2026-0387,Penta,3,Pentavalent-3 (14 Weeks),2026-05-12,2026-07-09,58,UIP-NSK-202607-PENTA-348,PHC-NSK-07,nurse_nsk_07,FALSE,Routine UIP session.
NSK-2026-0387,PCV,2,PCV-2 (14 Weeks),2026-05-12,2026-06-04,23,UIP-NSK-202606-PCV-320,PHC-NSK-07,nurse_nsk_07,FALSE,Routine UIP session.
NSK-2026-0388,BCG,1,BCG (At Birth),2026-01-15,2026-01-19,4,UIP-NSK-202601-BCG-102,PHC-NSK-08,nurse_nsk_08,FALSE,Routine UIP session.
NSK-2026-0388,OPV,1,OPV Zero Dose (At Birth),2026-01-15,2026-01-15,0,UIP-NSK-202601-OPV-740,PHC-NSK-08,nurse_nsk_08,FALSE,Administered at hospital after delivery.
NSK-2026-0388,HepB,1,Hepatitis B Birth Dose,2026-01-15,2026-01-15,0,UIP-NSK-202601-HEPB-634,PHC-NSK-08,nurse_nsk_08,FALSE,Administered at hospital after delivery.
NSK-2026-0388,OPV,2,OPV-1 (6 Weeks),2026-02-26,2026-03-03,5,UIP-NSK-202603-OPV-221,PHC-NSK-08,nurse_nsk_08,FALSE,Routine UIP session.
NSK-2026-0388,Penta,1,Pentavalent-1 (6 Weeks),2026-02-26,2026-03-10,12,UIP-NSK-202603-PENTA-829,PHC-NSK-08,nurse_nsk_08,FALSE,Routine UIP session.
NSK-2026-0388,Rota,1,Rotavirus-1 (6 Weeks),2026-02-26,2026-03-11,13,UIP-NSK-202603-ROTA-171,PHC-NSK-08,nurse_nsk_08,FALSE,Routine UIP session.
NSK-2026-0388,fIPV,1,fIPV-1 (6 Weeks),2026-02-26,2026-03-16,18,UIP-NSK-202603-FIPV-211,PHC-NSK-08,nurse_nsk_08,FALSE,Routine UIP session.
NSK-2026-0388,PCV,1,PCV-1 (6 Weeks),2026-02-26,2026-03-09,11,UIP-NSK-202603-PCV-563,PHC-NSK-08,nurse_nsk_08,FALSE,Routine UIP session.
NSK-2026-0388,OPV,3,OPV-2 (10 Weeks),2026-03-26,2026-04-03,8,UIP-NSK-202604-OPV-904,PHC-NSK-08,nurse_nsk_08,FALSE,Routine UIP session.
NSK-2026-0388,Penta,2,Pentavalent-2 (10 Weeks),2026-03-26,2026-04-10,15,UIP-NSK-202604-PENTA-299,PHC-NSK-08,nurse_nsk_08,FALSE,Routine UIP session.
NSK-2026-0388,Rota,2,Rotavirus-2 (10 Weeks),2026-03-26,2026-04-09,14,UIP-NSK-202604-ROTA-179,PHC-NSK-08,nurse_nsk_08,FALSE,Routine UIP session.
NSK-2026-0388,OPV,4,OPV-3 (14 Weeks),2026-04-23,2026-05-03,10,UIP-NSK-202605-OPV-635,PHC-NSK-08,nurse_nsk_08,FALSE,Routine UIP session.
NSK-2026-0388,Penta,3,Pentavalent-3 (14 Weeks),2026-04-23,2026-05-08,15,UIP-NSK-202605-PENTA-653,PHC-NSK-08,nurse_nsk_08,FALSE,Routine UIP session.
NSK-2026-0388,fIPV,2,fIPV-2 (14 Weeks),2026-04-23,2026-04-27,4,UIP-NSK-202604-FIPV-140,PHC-NSK-08,nurse_nsk_08,FALSE,Routine UIP session.
NSK-2026-0388,PCV,2,PCV-2 (14 Weeks),2026-04-23,2026-05-05,12,UIP-NSK-202605-PCV-949,PHC-NSK-08,nurse_nsk_08,FALSE,Routine UIP session.
NSK-2026-0389,BCG,1,BCG (At Birth),2026-07-30,2026-07-30,0,UIP-NSK-202607-BCG-727,PHC-NSK-05,nurse_nsk_05,FALSE,Administered at hospital after delivery.
NSK-2026-0389,OPV,1,OPV Zero Dose (At Birth),2026-07-30,2026-07-30,0,UIP-NSK-202607-OPV-682,PHC-NSK-05,nurse_nsk_05,FALSE,Administered at hospital after delivery.
NSK-2026-0389,HepB,1,Hepatitis B Birth Dose,2026-07-30,2026-07-30,0,UIP-NSK-202607-HEPB-799,PHC-NSK-05,nurse_nsk_05,FALSE,Administered at hospital after delivery.
NSK-2026-0389,OPV,2,OPV-1 (6 Weeks),2026-09-10,2026-09-10,0,UIP-NSK-202609-OPV-298,PHC-NSK-05,nurse_nsk_05,FALSE,Routine UIP session.
NSK-2026-0389,Penta,1,Pentavalent-1 (6 Weeks),2026-09-10,2026-09-10,0,UIP-NSK-202609-PENTA-439,PHC-NSK-05,nurse_nsk_05,FALSE,Routine UIP session.
NSK-2026-0389,Rota,1,Rotavirus-1 (6 Weeks),2026-09-10,2026-09-11,1,UIP-NSK-202609-ROTA-398,PHC-NSK-05,nurse_nsk_05,FALSE,Routine UIP session.
NSK-2026-0389,fIPV,1,fIPV-1 (6 Weeks),2026-09-10,2026-09-11,1,UIP-NSK-202609-FIPV-337,PHC-NSK-05,nurse_nsk_05,FALSE,Routine UIP session.
NSK-2026-0389,PCV,1,PCV-1 (6 Weeks),2026-09-10,2026-09-11,1,UIP-NSK-202609-PCV-140,PHC-NSK-05,nurse_nsk_05,FALSE,Routine UIP session.
NSK-2026-0390,BCG,1,BCG (At Birth),2026-01-24,2026-01-30,6,UIP-NSK-202601-BCG-692,PHC-NSK-03,nurse_nsk_03,FALSE,Routine UIP session.
NSK-2026-0390,OPV,1,OPV Zero Dose (At Birth),2026-01-24,2026-01-24,0,UIP-NSK-202601-OPV-304,PHC-NSK-03,nurse_nsk_03,FALSE,Administered at hospital after delivery.
NSK-2026-0390,HepB,1,Hepatitis B Birth Dose,2026-01-24,2026-01-24,0,UIP-NSK-202601-HEPB-507,PHC-NSK-03,nurse_nsk_03,FALSE,Administered at hospital after delivery.
NSK-2026-0390,OPV,2,OPV-1 (6 Weeks),2026-03-07,2026-03-07,0,UIP-NSK-202603-OPV-654,PHC-NSK-03,nurse_nsk_03,FALSE,Routine UIP session.
NSK-2026-0390,Penta,1,Pentavalent-1 (6 Weeks),2026-03-07,2026-03-10,3,UIP-NSK-202603-PENTA-550,PHC-NSK-03,nurse_nsk_03,FALSE,Routine UIP session.
NSK-2026-0390,Rota,1,Rotavirus-1 (6 Weeks),2026-03-07,2026-03-07,0,UIP-NSK-202603-ROTA-959,PHC-NSK-03,nurse_nsk_03,FALSE,Routine UIP session.
NSK-2026-0390,fIPV,1,fIPV-1 (6 Weeks),2026-03-07,2026-03-07,0,UIP-NSK-202603-FIPV-270,PHC-NSK-03,nurse_nsk_03,FALSE,Routine UIP session.
NSK-2026-0390,PCV,1,PCV-1 (6 Weeks),2026-03-07,2026-03-09,2,UIP-NSK-202603-PCV-519,PHC-NSK-03,nurse_nsk_03,FALSE,Routine UIP session.
NSK-2026-0390,OPV,3,OPV-2 (10 Weeks),2026-04-04,2026-04-06,2,UIP-NSK-202604-OPV-606,PHC-NSK-03,nurse_nsk_03,FALSE,Routine UIP session.
NSK-2026-0390,Penta,2,Pentavalent-2 (10 Weeks),2026-04-04,2026-04-07,3,UIP-NSK-202604-PENTA-357,PHC-NSK-03,nurse_nsk_03,FALSE,Routine UIP session.
NSK-2026-0390,Rota,2,Rotavirus-2 (10 Weeks),2026-04-04,2026-04-06,2,UIP-NSK-202604-ROTA-975,PHC-NSK-03,nurse_nsk_03,FALSE,Routine UIP session.
NSK-2026-0390,OPV,4,OPV-3 (14 Weeks),2026-05-02,2026-05-04,2,UIP-NSK-202605-OPV-653,PHC-NSK-03,nurse_nsk_03,FALSE,Routine UIP session.
NSK-2026-0390,Penta,3,Pentavalent-3 (14 Weeks),2026-05-02,2026-05-05,3,UIP-NSK-202605-PENTA-813,PHC-NSK-03,nurse_nsk_03,FALSE,Routine UIP session.
NSK-2026-0390,Rota,3,Rotavirus-3 (14 Weeks),2026-05-02,2026-05-04,2,UIP-NSK-202605-ROTA-155,PHC-NSK-03,nurse_nsk_03,FALSE,Routine UIP session.
NSK-2026-0390,fIPV,2,fIPV-2 (14 Weeks),2026-05-02,2026-05-02,0,UIP-NSK-202605-FIPV-879,PHC-NSK-03,nurse_nsk_03,FALSE,Routine UIP session.
NSK-2026-0390,PCV,2,PCV-2 (14 Weeks),2026-05-02,2026-05-02,0,UIP-NSK-202605-PCV-118,PHC-NSK-03,nurse_nsk_03,FALSE,Routine UIP session.
NSK-2026-0391,BCG,1,BCG (At Birth),2026-07-28,2026-07-28,0,UIP-NSK-202607-BCG-654,PHC-NSK-09,nurse_nsk_09,FALSE,Administered at hospital after delivery.
NSK-2026-0391,OPV,1,OPV Zero Dose (At Birth),2026-07-28,2026-07-28,0,UIP-NSK-202607-OPV-263,PHC-NSK-09,nurse_nsk_09,FALSE,Administered at hospital after delivery.
NSK-2026-0391,HepB,1,Hepatitis B Birth Dose,2026-07-28,2026-07-28,0,UIP-NSK-202607-HEPB-279,PHC-NSK-09,nurse_nsk_09,FALSE,Administered at hospital after delivery.
NSK-2026-0391,OPV,2,OPV-1 (6 Weeks),2026-09-08,2026-09-09,1,UIP-NSK-202609-OPV-746,PHC-NSK-09,nurse_nsk_09,FALSE,Routine UIP session.
NSK-2026-0391,Penta,1,Pentavalent-1 (6 Weeks),2026-09-08,2026-09-18,10,UIP-NSK-202609-PENTA-790,PHC-NSK-09,nurse_nsk_09,FALSE,Routine UIP session.
NSK-2026-0391,Rota,1,Rotavirus-1 (6 Weeks),2026-09-08,2026-09-08,0,UIP-NSK-202609-ROTA-642,PHC-NSK-09,nurse_nsk_09,FALSE,Routine UIP session.
NSK-2026-0391,fIPV,1,fIPV-1 (6 Weeks),2026-09-08,2026-09-10,2,UIP-NSK-202609-FIPV-525,PHC-NSK-10,nurse_nsk_10,FALSE,Routine UIP session.
NSK-2026-0391,PCV,1,PCV-1 (6 Weeks),2026-09-08,2026-09-08,0,UIP-NSK-202609-PCV-273,PHC-NSK-09,nurse_nsk_09,FALSE,Routine UIP session.
NSK-2026-0392,BCG,1,BCG (At Birth),2026-01-12,2026-01-12,0,UIP-NSK-202601-BCG-691,PHC-NSK-06,nurse_nsk_06,FALSE,Administered at hospital after delivery.
NSK-2026-0392,OPV,1,OPV Zero Dose (At Birth),2026-01-12,2026-01-12,0,UIP-NSK-202601-OPV-407,PHC-NSK-06,nurse_nsk_06,FALSE,Administered at hospital after delivery.
NSK-2026-0392,HepB,1,Hepatitis B Birth Dose,2026-01-12,2026-01-12,0,UIP-NSK-202601-HEPB-722,PHC-NSK-06,nurse_nsk_06,FALSE,Administered at hospital after delivery.
NSK-2026-0392,OPV,2,OPV-1 (6 Weeks),2026-02-23,2026-02-25,2,UIP-NSK-202602-OPV-445,PHC-NSK-06,nurse_nsk_06,FALSE,Routine UIP session.
NSK-2026-0392,Penta,1,Pentavalent-1 (6 Weeks),2026-02-23,2026-02-26,3,UIP-NSK-202602-PENTA-457,PHC-NSK-02,nurse_nsk_02,FALSE,Routine UIP session.
NSK-2026-0392,Rota,1,Rotavirus-1 (6 Weeks),2026-02-23,2026-02-23,0,UIP-NSK-202602-ROTA-971,PHC-NSK-06,nurse_nsk_06,FALSE,Routine UIP session.
NSK-2026-0392,fIPV,1,fIPV-1 (6 Weeks),2026-02-23,2026-02-25,2,UIP-NSK-202602-FIPV-362,PHC-NSK-06,nurse_nsk_06,FALSE,Routine UIP session.
NSK-2026-0392,PCV,1,PCV-1 (6 Weeks),2026-02-23,2026-02-24,1,UIP-NSK-202602-PCV-271,PHC-NSK-06,nurse_nsk_06,FALSE,Routine UIP session.
NSK-2026-0392,OPV,3,OPV-2 (10 Weeks),2026-03-23,2026-03-25,2,UIP-NSK-202603-OPV-576,PHC-NSK-06,nurse_nsk_06,FALSE,Routine UIP session.
NSK-2026-0392,Penta,2,Pentavalent-2 (10 Weeks),2026-03-23,2026-03-26,3,UIP-NSK-202603-PENTA-854,PHC-NSK-06,nurse_nsk_06,FALSE,Routine UIP session.
NSK-2026-0392,Rota,2,Rotavirus-2 (10 Weeks),2026-03-23,2026-03-23,0,UIP-NSK-202603-ROTA-490,PHC-NSK-06,nurse_nsk_06,FALSE,Routine UIP session.
NSK-2026-0392,OPV,4,OPV-3 (14 Weeks),2026-04-20,2026-04-22,2,UIP-NSK-202604-OPV-147,PHC-NSK-06,nurse_nsk_06,FALSE,Routine UIP session.
NSK-2026-0392,Penta,3,Pentavalent-3 (14 Weeks),2026-04-20,2026-04-23,3,UIP-NSK-202604-PENTA-825,PHC-NSK-06,nurse_nsk_06,FALSE,Routine UIP session.
NSK-2026-0392,Rota,3,Rotavirus-3 (14 Weeks),2026-04-20,2026-04-20,0,UIP-NSK-202604-ROTA-253,PHC-NSK-06,nurse_nsk_06,FALSE,Routine UIP session.
NSK-2026-0392,fIPV,2,fIPV-2 (14 Weeks),2026-04-20,2026-04-20,0,UIP-NSK-202604-FIPV-381,PHC-NSK-06,nurse_nsk_06,FALSE,Routine UIP session.
NSK-2026-0392,PCV,2,PCV-2 (14 Weeks),2026-04-20,2026-04-20,0,UIP-NSK-202604-PCV-874,PHC-NSK-06,nurse_nsk_06,FALSE,Routine UIP session.
NSK-2026-0393,BCG,1,BCG (At Birth),2026-03-14,2026-03-14,0,UIP-NSK-202603-BCG-679,PHC-NSK-02,nurse_nsk_02,FALSE,Administered at hospital after delivery.
NSK-2026-0393,OPV,1,OPV Zero Dose (At Birth),2026-03-14,2026-03-14,0,UIP-NSK-202603-OPV-699,PHC-NSK-03,nurse_nsk_03,FALSE,Administered at hospital after delivery.
NSK-2026-0393,HepB,1,Hepatitis B Birth Dose,2026-03-14,2026-03-14,0,UIP-NSK-202603-HEPB-782,PHC-NSK-02,nurse_nsk_02,FALSE,Administered at hospital after delivery.
NSK-2026-0393,OPV,2,OPV-1 (6 Weeks),2026-04-25,2026-04-25,0,UIP-NSK-202604-OPV-561,PHC-NSK-02,nurse_nsk_02,FALSE,Routine UIP session.
NSK-2026-0393,Penta,1,Pentavalent-1 (6 Weeks),2026-04-25,2026-04-25,0,UIP-NSK-202604-PENTA-314,PHC-NSK-02,nurse_nsk_02,FALSE,Routine UIP session.
NSK-2026-0393,Rota,1,Rotavirus-1 (6 Weeks),2026-04-25,2026-04-25,0,UIP-NSK-202604-ROTA-284,PHC-NSK-02,nurse_nsk_02,FALSE,Routine UIP session.
NSK-2026-0393,fIPV,1,fIPV-1 (6 Weeks),2026-04-25,2026-04-25,0,UIP-NSK-202604-FIPV-635,PHC-NSK-02,nurse_nsk_02,FALSE,Routine UIP session.
NSK-2026-0393,PCV,1,PCV-1 (6 Weeks),2026-04-25,2026-04-25,0,UIP-NSK-202604-PCV-145,PHC-NSK-06,nurse_nsk_06,FALSE,Routine UIP session.
NSK-2026-0393,OPV,3,OPV-2 (10 Weeks),2026-05-23,2026-05-23,0,UIP-NSK-202605-OPV-614,PHC-NSK-02,nurse_nsk_02,FALSE,Routine UIP session.
NSK-2026-0393,Penta,2,Pentavalent-2 (10 Weeks),2026-05-23,2026-05-23,0,UIP-NSK-202605-PENTA-742,PHC-NSK-04,nurse_nsk_04,FALSE,Routine UIP session.
NSK-2026-0393,Rota,2,Rotavirus-2 (10 Weeks),2026-05-23,2026-05-26,3,UIP-NSK-202605-ROTA-880,PHC-NSK-02,nurse_nsk_02,FALSE,Routine UIP session.
NSK-2026-0393,OPV,4,OPV-3 (14 Weeks),2026-06-20,2026-06-30,10,UIP-NSK-202606-OPV-741,PHC-NSK-02,nurse_nsk_02,FALSE,Routine UIP session.
NSK-2026-0393,Penta,3,Pentavalent-3 (14 Weeks),2026-06-20,2026-06-22,2,UIP-NSK-202606-PENTA-765,PHC-NSK-02,nurse_nsk_02,FALSE,Routine UIP session.
NSK-2026-0393,Rota,3,Rotavirus-3 (14 Weeks),2026-06-20,2026-06-23,3,UIP-NSK-202606-ROTA-855,PHC-NSK-02,nurse_nsk_02,FALSE,Routine UIP session.
NSK-2026-0393,fIPV,2,fIPV-2 (14 Weeks),2026-06-20,2026-06-20,0,UIP-NSK-202606-FIPV-131,PHC-NSK-02,nurse_nsk_02,FALSE,Routine UIP session.
NSK-2026-0393,PCV,2,PCV-2 (14 Weeks),2026-06-20,2026-06-20,0,UIP-NSK-202606-PCV-187,PHC-NSK-02,nurse_nsk_02,FALSE,Routine UIP session.
NSK-2026-0394,BCG,1,BCG (At Birth),2026-05-23,2026-05-23,0,UIP-NSK-202605-BCG-975,PHC-NSK-07,nurse_nsk_07,FALSE,Administered at hospital after delivery.
NSK-2026-0394,OPV,1,OPV Zero Dose (At Birth),2026-05-23,2026-05-23,0,UIP-NSK-202605-OPV-550,PHC-NSK-03,nurse_nsk_03,FALSE,Administered at hospital after delivery.
NSK-2026-0394,HepB,1,Hepatitis B Birth Dose,2026-05-23,2026-05-23,0,UIP-NSK-202605-HEPB-312,PHC-NSK-07,nurse_nsk_07,FALSE,Administered at hospital after delivery.
NSK-2026-0394,OPV,2,OPV-1 (6 Weeks),2026-07-04,2026-07-05,1,UIP-NSK-202607-OPV-778,PHC-NSK-07,nurse_nsk_07,FALSE,Routine UIP session.
NSK-2026-0394,Penta,1,Pentavalent-1 (6 Weeks),2026-07-04,2026-07-18,14,UIP-NSK-202607-PENTA-401,PHC-NSK-07,nurse_nsk_07,TRUE,Mild fever and local swelling; resolved in 48 hours.
NSK-2026-0394,Rota,1,Rotavirus-1 (6 Weeks),2026-07-04,2026-07-08,4,UIP-NSK-202607-ROTA-131,PHC-NSK-07,nurse_nsk_07,FALSE,Routine UIP session.
NSK-2026-0394,fIPV,1,fIPV-1 (6 Weeks),2026-07-04,2026-07-10,6,UIP-NSK-202607-FIPV-968,PHC-NSK-07,nurse_nsk_07,FALSE,Routine UIP session.
NSK-2026-0394,PCV,1,PCV-1 (6 Weeks),2026-07-04,2026-07-07,3,UIP-NSK-202607-PCV-671,PHC-NSK-07,nurse_nsk_07,FALSE,Routine UIP session.
NSK-2026-0394,OPV,3,OPV-2 (10 Weeks),2026-08-01,2026-08-15,14,UIP-NSK-202608-OPV-765,PHC-NSK-07,nurse_nsk_07,FALSE,Routine UIP session.
NSK-2026-0394,Penta,2,Pentavalent-2 (10 Weeks),2026-08-01,2026-08-15,14,UIP-NSK-202608-PENTA-456,PHC-NSK-06,nurse_nsk_06,FALSE,Routine UIP session.
NSK-2026-0394,Rota,2,Rotavirus-2 (10 Weeks),2026-08-01,2026-08-05,4,UIP-NSK-202608-ROTA-438,PHC-NSK-07,nurse_nsk_07,FALSE,Routine UIP session.
NSK-2026-0394,OPV,4,OPV-3 (14 Weeks),2026-08-29,2026-09-12,14,UIP-NSK-202609-OPV-468,PHC-NSK-07,nurse_nsk_07,FALSE,Routine UIP session.
NSK-2026-0394,Penta,3,Pentavalent-3 (14 Weeks),2026-08-29,2026-09-12,14,UIP-NSK-202609-PENTA-463,PHC-NSK-07,nurse_nsk_07,FALSE,Routine UIP session.
NSK-2026-0394,Rota,3,Rotavirus-3 (14 Weeks),2026-08-29,2026-09-02,4,UIP-NSK-202609-ROTA-881,PHC-NSK-05,nurse_nsk_05,FALSE,Routine UIP session.
NSK-2026-0394,fIPV,2,fIPV-2 (14 Weeks),2026-08-29,2026-09-09,11,UIP-NSK-202609-FIPV-194,PHC-NSK-07,nurse_nsk_07,TRUE,Mild fever and local swelling; resolved in 48 hours.
NSK-2026-0394,PCV,2,PCV-2 (14 Weeks),2026-08-29,2026-09-08,10,UIP-NSK-202609-PCV-672,PHC-NSK-07,nurse_nsk_07,FALSE,Routine UIP session.
NSK-2026-0395,BCG,1,BCG (At Birth),2026-08-11,2026-08-11,0,UIP-NSK-202608-BCG-819,PHC-NSK-07,nurse_nsk_07,FALSE,Administered at hospital after delivery.
NSK-2026-0395,OPV,1,OPV Zero Dose (At Birth),2026-08-11,2026-08-11,0,UIP-NSK-202608-OPV-458,PHC-NSK-07,nurse_nsk_07,FALSE,Administered at hospital after delivery.
NSK-2026-0395,HepB,1,Hepatitis B Birth Dose,2026-08-11,2026-08-11,0,UIP-NSK-202608-HEPB-604,PHC-NSK-07,nurse_nsk_07,FALSE,Administered at hospital after delivery.
NSK-2026-0395,OPV,2,OPV-1 (6 Weeks),2026-09-22,2026-09-25,3,UIP-NSK-202609-OPV-446,PHC-NSK-07,nurse_nsk_07,FALSE,Routine UIP session.
NSK-2026-0395,Penta,1,Pentavalent-1 (6 Weeks),2026-09-22,2026-09-22,0,UIP-NSK-202609-PENTA-120,PHC-NSK-07,nurse_nsk_07,FALSE,Routine UIP session.
NSK-2026-0395,Rota,1,Rotavirus-1 (6 Weeks),2026-09-22,2026-09-26,4,UIP-NSK-202609-ROTA-606,PHC-NSK-09,nurse_nsk_09,FALSE,Routine UIP session.
NSK-2026-0395,fIPV,1,fIPV-1 (6 Weeks),2026-09-22,2026-10-01,9,UIP-NSK-202610-FIPV-456,PHC-NSK-07,nurse_nsk_07,FALSE,Routine UIP session.
NSK-2026-0395,PCV,1,PCV-1 (6 Weeks),2026-09-22,2026-09-22,0,UIP-NSK-202609-PCV-765,PHC-NSK-07,nurse_nsk_07,FALSE,Routine UIP session.
NSK-2026-0396,BCG,1,BCG (At Birth),2026-03-30,2026-03-30,0,UIP-NSK-202603-BCG-403,PHC-NSK-05,nurse_nsk_05,FALSE,Administered at hospital after delivery.
NSK-2026-0396,OPV,1,OPV Zero Dose (At Birth),2026-03-30,2026-03-30,0,UIP-NSK-202603-OPV-322,PHC-NSK-05,nurse_nsk_05,FALSE,Administered at hospital after delivery.
NSK-2026-0396,HepB,1,Hepatitis B Birth Dose,2026-03-30,2026-03-30,0,UIP-NSK-202603-HEPB-621,PHC-NSK-05,nurse_nsk_05,FALSE,Administered at hospital after delivery.
NSK-2026-0396,OPV,2,OPV-1 (6 Weeks),2026-05-11,2026-05-20,9,UIP-NSK-202605-OPV-704,PHC-NSK-05,nurse_nsk_05,FALSE,Routine UIP session.
NSK-2026-0396,Penta,1,Pentavalent-1 (6 Weeks),2026-05-11,2026-05-17,6,UIP-NSK-202605-PENTA-707,PHC-NSK-05,nurse_nsk_05,FALSE,Routine UIP session.
NSK-2026-0396,Rota,1,Rotavirus-1 (6 Weeks),2026-05-11,2026-05-18,7,UIP-NSK-202605-ROTA-637,PHC-NSK-05,nurse_nsk_05,FALSE,Routine UIP session.
NSK-2026-0396,fIPV,1,fIPV-1 (6 Weeks),2026-05-11,2026-05-18,7,UIP-NSK-202605-FIPV-209,PHC-NSK-05,nurse_nsk_05,FALSE,Routine UIP session.
NSK-2026-0396,PCV,1,PCV-1 (6 Weeks),2026-05-11,2026-05-24,13,UIP-NSK-202605-PCV-673,PHC-NSK-05,nurse_nsk_05,FALSE,Routine UIP session.
NSK-2026-0396,OPV,3,OPV-2 (10 Weeks),2026-06-08,2026-06-17,9,UIP-NSK-202606-OPV-449,PHC-NSK-05,nurse_nsk_05,FALSE,Routine UIP session.
NSK-2026-0396,Penta,2,Pentavalent-2 (10 Weeks),2026-06-08,2026-06-14,6,UIP-NSK-202606-PENTA-497,PHC-NSK-05,nurse_nsk_05,FALSE,Routine UIP session.
NSK-2026-0396,Rota,2,Rotavirus-2 (10 Weeks),2026-06-08,2026-06-15,7,UIP-NSK-202606-ROTA-212,PHC-NSK-05,nurse_nsk_05,FALSE,Routine UIP session.
NSK-2026-0396,OPV,4,OPV-3 (14 Weeks),2026-07-06,2026-07-15,9,UIP-NSK-202607-OPV-762,PHC-NSK-05,nurse_nsk_05,FALSE,Routine UIP session.
NSK-2026-0396,Penta,3,Pentavalent-3 (14 Weeks),2026-07-06,2026-07-12,6,UIP-NSK-202607-PENTA-952,PHC-NSK-05,nurse_nsk_05,FALSE,Routine UIP session.
NSK-2026-0396,Rota,3,Rotavirus-3 (14 Weeks),2026-07-06,2026-07-20,14,UIP-NSK-202607-ROTA-269,PHC-NSK-05,nurse_nsk_05,FALSE,Routine UIP session.
NSK-2026-0396,fIPV,2,fIPV-2 (14 Weeks),2026-07-06,2026-07-15,9,UIP-NSK-202607-FIPV-952,PHC-NSK-05,nurse_nsk_05,FALSE,Routine UIP session.
NSK-2026-0396,PCV,2,PCV-2 (14 Weeks),2026-07-06,2026-07-13,7,UIP-NSK-202607-PCV-885,PHC-NSK-05,nurse_nsk_05,FALSE,Routine UIP session.
NSK-2026-0397,BCG,1,BCG (At Birth),2026-01-29,2026-01-29,0,UIP-NSK-202601-BCG-543,PHC-NSK-01,nurse_nsk_01,FALSE,Administered at hospital after delivery.
NSK-2026-0397,OPV,1,OPV Zero Dose (At Birth),2026-01-29,2026-01-29,0,UIP-NSK-202601-OPV-682,PHC-NSK-05,nurse_nsk_05,FALSE,Administered at hospital after delivery.
NSK-2026-0397,HepB,1,Hepatitis B Birth Dose,2026-01-29,2026-01-29,0,UIP-NSK-202601-HEPB-569,PHC-NSK-05,nurse_nsk_05,FALSE,Administered at hospital after delivery.
NSK-2026-0397,PCV,1,PCV-1 (6 Weeks),2026-03-12,2026-04-13,32,UIP-NSK-202604-PCV-217,PHC-NSK-05,nurse_nsk_05,FALSE,Routine UIP session.
NSK-2026-0397,Rota,3,Rotavirus-3 (14 Weeks),2026-05-07,2026-05-27,20,UIP-NSK-202605-ROTA-190,PHC-NSK-05,nurse_nsk_05,FALSE,Routine UIP session.
NSK-2026-0398,BCG,1,BCG (At Birth),2026-06-19,2026-06-19,0,UIP-NSK-202606-BCG-743,PHC-NSK-04,nurse_nsk_04,FALSE,Administered at hospital after delivery.
NSK-2026-0398,OPV,1,OPV Zero Dose (At Birth),2026-06-19,2026-06-19,0,UIP-NSK-202606-OPV-855,PHC-NSK-04,nurse_nsk_04,FALSE,Administered at hospital after delivery.
NSK-2026-0398,HepB,1,Hepatitis B Birth Dose,2026-06-19,2026-06-19,0,UIP-NSK-202606-HEPB-600,PHC-NSK-04,nurse_nsk_04,FALSE,Administered at hospital after delivery.
NSK-2026-0398,OPV,2,OPV-1 (6 Weeks),2026-07-31,2026-07-31,0,UIP-NSK-202607-OPV-906,PHC-NSK-04,nurse_nsk_04,FALSE,Routine UIP session.
NSK-2026-0398,Penta,1,Pentavalent-1 (6 Weeks),2026-07-31,2026-08-02,2,UIP-NSK-202608-PENTA-183,PHC-NSK-04,nurse_nsk_04,FALSE,Routine UIP session.
NSK-2026-0398,Rota,1,Rotavirus-1 (6 Weeks),2026-07-31,2026-07-31,0,UIP-NSK-202607-ROTA-412,PHC-NSK-04,nurse_nsk_04,FALSE,Routine UIP session.
NSK-2026-0398,fIPV,1,fIPV-1 (6 Weeks),2026-07-31,2026-07-31,0,UIP-NSK-202607-FIPV-764,PHC-NSK-04,nurse_nsk_04,FALSE,Routine UIP session.
NSK-2026-0398,PCV,1,PCV-1 (6 Weeks),2026-07-31,2026-08-03,3,UIP-NSK-202608-PCV-672,PHC-NSK-04,nurse_nsk_04,FALSE,Routine UIP session.
NSK-2026-0398,OPV,3,OPV-2 (10 Weeks),2026-08-28,2026-09-04,7,UIP-NSK-202609-OPV-795,PHC-NSK-04,nurse_nsk_04,FALSE,Routine UIP session.
NSK-2026-0398,Penta,2,Pentavalent-2 (10 Weeks),2026-08-28,2026-08-30,2,UIP-NSK-202608-PENTA-343,PHC-NSK-04,nurse_nsk_04,FALSE,Routine UIP session.
NSK-2026-0398,Rota,2,Rotavirus-2 (10 Weeks),2026-08-28,2026-08-28,0,UIP-NSK-202608-ROTA-953,PHC-NSK-04,nurse_nsk_04,FALSE,Routine UIP session.
NSK-2026-0398,Penta,3,Pentavalent-3 (14 Weeks),2026-09-25,2026-09-27,2,UIP-NSK-202609-PENTA-735,PHC-NSK-04,nurse_nsk_04,FALSE,Routine UIP session.
NSK-2026-0398,Rota,3,Rotavirus-3 (14 Weeks),2026-09-25,2026-09-26,1,UIP-NSK-202609-ROTA-785,PHC-NSK-04,nurse_nsk_04,FALSE,Routine UIP session.
NSK-2026-0398,fIPV,2,fIPV-2 (14 Weeks),2026-09-25,2026-10-02,7,UIP-NSK-202610-FIPV-100,PHC-NSK-04,nurse_nsk_04,FALSE,Routine UIP session.
NSK-2026-0398,PCV,2,PCV-2 (14 Weeks),2026-09-25,2026-09-25,0,UIP-NSK-202609-PCV-735,PHC-NSK-04,nurse_nsk_04,FALSE,Routine UIP session.
NSK-2026-0399,BCG,1,BCG (At Birth),2026-09-30,2026-09-30,0,UIP-NSK-202609-BCG-273,PHC-NSK-04,nurse_nsk_04,FALSE,Administered at hospital after delivery.
NSK-2026-0399,OPV,1,OPV Zero Dose (At Birth),2026-09-30,2026-09-30,0,UIP-NSK-202609-OPV-838,PHC-NSK-04,nurse_nsk_04,FALSE,Administered at hospital after delivery.
NSK-2026-0399,HepB,1,Hepatitis B Birth Dose,2026-09-30,2026-09-30,0,UIP-NSK-202609-HEPB-198,PHC-NSK-04,nurse_nsk_04,FALSE,Administered at hospital after delivery.
NSK-2026-0400,BCG,1,BCG (At Birth),2026-09-26,2026-09-26,0,UIP-NSK-202609-BCG-868,PHC-NSK-02,nurse_nsk_02,FALSE,Administered at hospital after delivery.
NSK-2026-0400,OPV,1,OPV Zero Dose (At Birth),2026-09-26,2026-09-26,0,UIP-NSK-202609-OPV-189,PHC-NSK-02,nurse_nsk_02,FALSE,Administered at hospital after delivery.
NSK-2026-0400,HepB,1,Hepatitis B Birth Dose,2026-09-26,2026-09-26,0,UIP-NSK-202609-HEPB-332,PHC-NSK-02,nurse_nsk_02,FALSE,Administered at hospital after delivery.
NSK-2026-0401,BCG,1,BCG (At Birth),2026-08-06,2026-08-06,0,UIP-NSK-202608-BCG-620,PHC-NSK-03,nurse_nsk_03,FALSE,Administered at hospital after delivery.
NSK-2026-0401,OPV,1,OPV Zero Dose (At Birth),2026-08-06,2026-08-06,0,UIP-NSK-202608-OPV-868,PHC-NSK-03,nurse_nsk_03,FALSE,Administered at hospital after delivery.
NSK-2026-0401,HepB,1,Hepatitis B Birth Dose,2026-08-06,2026-08-06,0,UIP-NSK-202608-HEPB-959,PHC-NSK-03,nurse_nsk_03,FALSE,Administered at hospital after delivery.
NSK-2026-0402,BCG,1,BCG (At Birth),2026-07-24,2026-07-24,0,UIP-NSK-202607-BCG-162,PHC-NSK-06,nurse_nsk_06,FALSE,Administered at hospital after delivery.
NSK-2026-0402,OPV,1,OPV Zero Dose (At Birth),2026-07-24,2026-07-24,0,UIP-NSK-202607-OPV-932,PHC-NSK-06,nurse_nsk_06,FALSE,Administered at hospital after delivery.
NSK-2026-0402,HepB,1,Hepatitis B Birth Dose,2026-07-24,2026-07-24,0,UIP-NSK-202607-HEPB-721,PHC-NSK-06,nurse_nsk_06,FALSE,Administered at hospital after delivery.
NSK-2026-0403,BCG,1,BCG (At Birth),2026-02-21,2026-02-21,0,UIP-NSK-202602-BCG-746,PHC-NSK-05,nurse_nsk_05,FALSE,Administered at hospital after delivery.
NSK-2026-0403,OPV,1,OPV Zero Dose (At Birth),2026-02-21,2026-02-21,0,UIP-NSK-202602-OPV-576,PHC-NSK-05,nurse_nsk_05,FALSE,Administered at hospital after delivery.
NSK-2026-0403,HepB,1,Hepatitis B Birth Dose,2026-02-21,2026-02-21,0,UIP-NSK-202602-HEPB-827,PHC-NSK-05,nurse_nsk_05,FALSE,Administered at hospital after delivery.
NSK-2026-0403,OPV,2,OPV-1 (6 Weeks),2026-04-04,2026-04-04,0,UIP-NSK-202604-OPV-789,PHC-NSK-05,nurse_nsk_05,FALSE,Routine UIP session.
NSK-2026-0403,Penta,1,Pentavalent-1 (6 Weeks),2026-04-04,2026-04-07,3,UIP-NSK-202604-PENTA-961,PHC-NSK-05,nurse_nsk_05,FALSE,Routine UIP session.
NSK-2026-0403,Rota,1,Rotavirus-1 (6 Weeks),2026-04-04,2026-04-04,0,UIP-NSK-202604-ROTA-163,PHC-NSK-05,nurse_nsk_05,FALSE,Routine UIP session.
NSK-2026-0403,fIPV,1,fIPV-1 (6 Weeks),2026-04-04,2026-04-04,0,UIP-NSK-202604-FIPV-526,PHC-NSK-05,nurse_nsk_05,FALSE,Routine UIP session.
NSK-2026-0403,PCV,1,PCV-1 (6 Weeks),2026-04-04,2026-04-04,0,UIP-NSK-202604-PCV-408,PHC-NSK-05,nurse_nsk_05,FALSE,Routine UIP session.
NSK-2026-0403,OPV,3,OPV-2 (10 Weeks),2026-05-02,2026-05-02,0,UIP-NSK-202605-OPV-826,PHC-NSK-05,nurse_nsk_05,FALSE,Routine UIP session.
NSK-2026-0403,Penta,2,Pentavalent-2 (10 Weeks),2026-05-02,2026-05-05,3,UIP-NSK-202605-PENTA-955,PHC-NSK-05,nurse_nsk_05,FALSE,Routine UIP session.
NSK-2026-0403,Rota,2,Rotavirus-2 (10 Weeks),2026-05-02,2026-05-02,0,UIP-NSK-202605-ROTA-298,PHC-NSK-05,nurse_nsk_05,TRUE,Mild fever and local swelling; resolved in 48 hours.
NSK-2026-0403,OPV,4,OPV-3 (14 Weeks),2026-05-30,2026-05-30,0,UIP-NSK-202605-OPV-207,PHC-NSK-05,nurse_nsk_05,FALSE,Routine UIP session.
NSK-2026-0403,Penta,3,Pentavalent-3 (14 Weeks),2026-05-30,2026-06-02,3,UIP-NSK-202606-PENTA-771,PHC-NSK-05,nurse_nsk_05,FALSE,Routine UIP session.
NSK-2026-0403,Rota,3,Rotavirus-3 (14 Weeks),2026-05-30,2026-06-02,3,UIP-NSK-202606-ROTA-169,PHC-NSK-05,nurse_nsk_05,FALSE,Routine UIP session.
NSK-2026-0403,fIPV,2,fIPV-2 (14 Weeks),2026-05-30,2026-05-30,0,UIP-NSK-202605-FIPV-209,PHC-NSK-05,nurse_nsk_05,FALSE,Routine UIP session.
NSK-2026-0403,PCV,2,PCV-2 (14 Weeks),2026-05-30,2026-05-31,1,UIP-NSK-202605-PCV-726,PHC-NSK-05,nurse_nsk_05,FALSE,Routine UIP session.
NSK-2026-0404,BCG,1,BCG (At Birth),2026-01-02,2026-01-02,0,UIP-NSK-202601-BCG-453,PHC-NSK-01,nurse_nsk_01,FALSE,Administered at hospital after delivery.
NSK-2026-0404,OPV,1,OPV Zero Dose (At Birth),2026-01-02,2026-01-02,0,UIP-NSK-202601-OPV-520,PHC-NSK-01,nurse_nsk_01,FALSE,Administered at hospital after delivery.
NSK-2026-0404,HepB,1,Hepatitis B Birth Dose,2026-01-02,2026-01-02,0,UIP-NSK-202601-HEPB-451,PHC-NSK-01,nurse_nsk_01,FALSE,Administered at hospital after delivery.
NSK-2026-0404,OPV,2,OPV-1 (6 Weeks),2026-02-13,2026-02-13,0,UIP-NSK-202602-OPV-278,PHC-NSK-01,nurse_nsk_01,FALSE,Routine UIP session.
NSK-2026-0404,Penta,1,Pentavalent-1 (6 Weeks),2026-02-13,2026-02-16,3,UIP-NSK-202602-PENTA-813,PHC-NSK-01,nurse_nsk_01,FALSE,Routine UIP session.
NSK-2026-0404,Rota,1,Rotavirus-1 (6 Weeks),2026-02-13,2026-02-13,0,UIP-NSK-202602-ROTA-364,PHC-NSK-01,nurse_nsk_01,FALSE,Routine UIP session.
NSK-2026-0404,fIPV,1,fIPV-1 (6 Weeks),2026-02-13,2026-02-14,1,UIP-NSK-202602-FIPV-309,PHC-NSK-01,nurse_nsk_01,TRUE,Mild fever and local swelling; resolved in 48 hours.
NSK-2026-0404,PCV,1,PCV-1 (6 Weeks),2026-02-13,2026-02-13,0,UIP-NSK-202602-PCV-629,PHC-NSK-01,nurse_nsk_01,FALSE,Routine UIP session.
NSK-2026-0404,OPV,3,OPV-2 (10 Weeks),2026-03-13,2026-03-13,0,UIP-NSK-202603-OPV-496,PHC-NSK-01,nurse_nsk_01,FALSE,Routine UIP session.
NSK-2026-0404,Penta,2,Pentavalent-2 (10 Weeks),2026-03-13,2026-03-16,3,UIP-NSK-202603-PENTA-897,PHC-NSK-01,nurse_nsk_01,FALSE,Routine UIP session.
NSK-2026-0404,Rota,2,Rotavirus-2 (10 Weeks),2026-03-13,2026-03-13,0,UIP-NSK-202603-ROTA-303,PHC-NSK-01,nurse_nsk_01,FALSE,Routine UIP session.
NSK-2026-0404,OPV,4,OPV-3 (14 Weeks),2026-04-10,2026-04-10,0,UIP-NSK-202604-OPV-237,PHC-NSK-01,nurse_nsk_01,FALSE,Routine UIP session.
NSK-2026-0404,Penta,3,Pentavalent-3 (14 Weeks),2026-04-10,2026-04-13,3,UIP-NSK-202604-PENTA-740,PHC-NSK-01,nurse_nsk_01,FALSE,Routine UIP session.
NSK-2026-0404,Rota,3,Rotavirus-3 (14 Weeks),2026-04-10,2026-04-10,0,UIP-NSK-202604-ROTA-975,PHC-NSK-01,nurse_nsk_01,FALSE,Routine UIP session.
NSK-2026-0404,fIPV,2,fIPV-2 (14 Weeks),2026-04-10,2026-04-16,6,UIP-NSK-202604-FIPV-437,PHC-NSK-01,nurse_nsk_01,FALSE,Routine UIP session.
NSK-2026-0404,PCV,2,PCV-2 (14 Weeks),2026-04-10,2026-04-10,0,UIP-NSK-202604-PCV-864,PHC-NSK-01,nurse_nsk_01,FALSE,Routine UIP session.
NSK-2026-0404,PCV,3,PCV Booster (9 Months),2026-10-02,2026-10-02,0,UIP-NSK-202610-PCV-658,PHC-NSK-01,nurse_nsk_01,FALSE,Routine UIP session.
NSK-2026-0405,BCG,1,BCG (At Birth),2026-09-30,2026-09-30,0,UIP-NSK-202609-BCG-100,PHC-NSK-05,nurse_nsk_05,FALSE,Administered at hospital after delivery.
NSK-2026-0405,OPV,1,OPV Zero Dose (At Birth),2026-09-30,2026-09-30,0,UIP-NSK-202609-OPV-513,PHC-NSK-05,nurse_nsk_05,FALSE,Administered at hospital after delivery.
NSK-2026-0405,HepB,1,Hepatitis B Birth Dose,2026-09-30,2026-09-30,0,UIP-NSK-202609-HEPB-547,PHC-NSK-05,nurse_nsk_05,FALSE,Administered at hospital after delivery.
NSK-2026-0406,BCG,1,BCG (At Birth),2026-09-05,2026-09-05,0,UIP-NSK-202609-BCG-518,PHC-NSK-05,nurse_nsk_05,FALSE,Administered at hospital after delivery.
NSK-2026-0407,BCG,1,BCG (At Birth),2026-09-02,2026-09-02,0,UIP-NSK-202609-BCG-101,PHC-NSK-07,nurse_nsk_07,FALSE,Administered at hospital after delivery.
NSK-2026-0408,BCG,1,BCG (At Birth),2026-02-20,2026-02-20,0,UIP-NSK-202602-BCG-881,PHC-NSK-08,nurse_nsk_08,FALSE,Administered at hospital after delivery.
NSK-2026-0408,OPV,1,OPV Zero Dose (At Birth),2026-02-20,2026-02-20,0,UIP-NSK-202602-OPV-184,PHC-NSK-10,nurse_nsk_10,FALSE,Administered at hospital after delivery.
NSK-2026-0408,HepB,1,Hepatitis B Birth Dose,2026-02-20,2026-02-20,0,UIP-NSK-202602-HEPB-122,PHC-NSK-08,nurse_nsk_08,FALSE,Administered at hospital after delivery.
NSK-2026-0408,Penta,1,Pentavalent-1 (6 Weeks),2026-04-03,2026-04-13,10,UIP-NSK-202604-PENTA-709,PHC-NSK-08,nurse_nsk_08,FALSE,Routine UIP session.
NSK-2026-0408,Rota,1,Rotavirus-1 (6 Weeks),2026-04-03,2026-04-11,8,UIP-NSK-202604-ROTA-540,PHC-NSK-08,nurse_nsk_08,FALSE,Routine UIP session.
NSK-2026-0408,fIPV,1,fIPV-1 (6 Weeks),2026-04-03,2026-04-18,15,UIP-NSK-202604-FIPV-899,PHC-NSK-08,nurse_nsk_08,FALSE,Routine UIP session.
NSK-2026-0408,PCV,1,PCV-1 (6 Weeks),2026-04-03,2026-04-12,9,UIP-NSK-202604-PCV-627,PHC-NSK-08,nurse_nsk_08,FALSE,Routine UIP session.
NSK-2026-0408,OPV,3,OPV-2 (10 Weeks),2026-05-01,2026-05-04,3,UIP-NSK-202605-OPV-636,PHC-NSK-08,nurse_nsk_08,FALSE,Routine UIP session.
NSK-2026-0408,Penta,2,Pentavalent-2 (10 Weeks),2026-05-01,2026-05-11,10,UIP-NSK-202605-PENTA-435,PHC-NSK-08,nurse_nsk_08,FALSE,Routine UIP session.
NSK-2026-0408,Rota,2,Rotavirus-2 (10 Weeks),2026-05-01,2026-05-12,11,UIP-NSK-202605-ROTA-331,PHC-NSK-08,nurse_nsk_08,FALSE,Routine UIP session.
NSK-2026-0408,OPV,4,OPV-3 (14 Weeks),2026-05-29,2026-06-09,11,UIP-NSK-202606-OPV-968,PHC-NSK-08,nurse_nsk_08,FALSE,Routine UIP session.
NSK-2026-0408,Penta,3,Pentavalent-3 (14 Weeks),2026-05-29,2026-06-08,10,UIP-NSK-202606-PENTA-973,PHC-NSK-08,nurse_nsk_08,FALSE,Routine UIP session.
NSK-2026-0408,Rota,3,Rotavirus-3 (14 Weeks),2026-05-29,2026-06-09,11,UIP-NSK-202606-ROTA-209,PHC-NSK-08,nurse_nsk_08,FALSE,Routine UIP session.
NSK-2026-0408,fIPV,2,fIPV-2 (14 Weeks),2026-05-29,2026-06-03,5,UIP-NSK-202606-FIPV-435,PHC-NSK-08,nurse_nsk_08,FALSE,Routine UIP session.
NSK-2026-0408,PCV,2,PCV-2 (14 Weeks),2026-05-29,2026-06-06,8,UIP-NSK-202606-PCV-653,PHC-NSK-06,nurse_nsk_06,FALSE,Routine UIP session.
NSK-2026-0409,BCG,1,BCG (At Birth),2026-05-20,2026-05-20,0,UIP-NSK-202605-BCG-120,PHC-NSK-08,nurse_nsk_08,FALSE,Administered at hospital after delivery.
NSK-2026-0409,OPV,1,OPV Zero Dose (At Birth),2026-05-20,2026-05-20,0,UIP-NSK-202605-OPV-324,PHC-NSK-08,nurse_nsk_08,FALSE,Administered at hospital after delivery.
NSK-2026-0409,HepB,1,Hepatitis B Birth Dose,2026-05-20,2026-05-20,0,UIP-NSK-202605-HEPB-498,PHC-NSK-08,nurse_nsk_08,FALSE,Administered at hospital after delivery.
NSK-2026-0409,OPV,2,OPV-1 (6 Weeks),2026-07-01,2026-07-01,0,UIP-NSK-202607-OPV-578,PHC-NSK-08,nurse_nsk_08,FALSE,Routine UIP session.
NSK-2026-0409,Penta,1,Pentavalent-1 (6 Weeks),2026-07-01,2026-07-01,0,UIP-NSK-202607-PENTA-188,PHC-NSK-08,nurse_nsk_08,FALSE,Routine UIP session.
NSK-2026-0409,Rota,1,Rotavirus-1 (6 Weeks),2026-07-01,2026-07-01,0,UIP-NSK-202607-ROTA-441,PHC-NSK-08,nurse_nsk_08,FALSE,Routine UIP session.
NSK-2026-0409,fIPV,1,fIPV-1 (6 Weeks),2026-07-01,2026-07-03,2,UIP-NSK-202607-FIPV-554,PHC-NSK-09,nurse_nsk_09,FALSE,Routine UIP session.
NSK-2026-0409,PCV,1,PCV-1 (6 Weeks),2026-07-01,2026-07-01,0,UIP-NSK-202607-PCV-983,PHC-NSK-08,nurse_nsk_08,FALSE,Routine UIP session.
NSK-2026-0409,OPV,3,OPV-2 (10 Weeks),2026-07-29,2026-07-29,0,UIP-NSK-202607-OPV-343,PHC-NSK-08,nurse_nsk_08,FALSE,Routine UIP session.
NSK-2026-0409,Penta,2,Pentavalent-2 (10 Weeks),2026-07-29,2026-07-29,0,UIP-NSK-202607-PENTA-676,PHC-NSK-08,nurse_nsk_08,FALSE,Routine UIP session.
NSK-2026-0409,Rota,2,Rotavirus-2 (10 Weeks),2026-07-29,2026-07-29,0,UIP-NSK-202607-ROTA-160,PHC-NSK-08,nurse_nsk_08,FALSE,Routine UIP session.
NSK-2026-0409,OPV,4,OPV-3 (14 Weeks),2026-08-26,2026-08-26,0,UIP-NSK-202608-OPV-468,PHC-NSK-08,nurse_nsk_08,FALSE,Routine UIP session.
NSK-2026-0409,Penta,3,Pentavalent-3 (14 Weeks),2026-08-26,2026-08-29,3,UIP-NSK-202608-PENTA-948,PHC-NSK-08,nurse_nsk_08,FALSE,Routine UIP session.
NSK-2026-0409,Rota,3,Rotavirus-3 (14 Weeks),2026-08-26,2026-08-26,0,UIP-NSK-202608-ROTA-717,PHC-NSK-08,nurse_nsk_08,FALSE,Routine UIP session.
NSK-2026-0409,fIPV,2,fIPV-2 (14 Weeks),2026-08-26,2026-08-26,0,UIP-NSK-202608-FIPV-772,PHC-NSK-08,nurse_nsk_08,FALSE,Routine UIP session.
NSK-2026-0409,PCV,2,PCV-2 (14 Weeks),2026-08-26,2026-08-26,0,UIP-NSK-202608-PCV-171,PHC-NSK-08,nurse_nsk_08,FALSE,Routine UIP session.
NSK-2026-0410,BCG,1,BCG (At Birth),2026-03-29,2026-03-29,0,UIP-NSK-202603-BCG-493,PHC-NSK-04,nurse_nsk_04,FALSE,Administered at hospital after delivery.
NSK-2026-0410,OPV,1,OPV Zero Dose (At Birth),2026-03-29,2026-03-29,0,UIP-NSK-202603-OPV-143,PHC-NSK-04,nurse_nsk_04,FALSE,Administered at hospital after delivery.
NSK-2026-0410,HepB,1,Hepatitis B Birth Dose,2026-03-29,2026-03-29,0,UIP-NSK-202603-HEPB-637,PHC-NSK-04,nurse_nsk_04,FALSE,Administered at hospital after delivery.
NSK-2026-0410,OPV,2,OPV-1 (6 Weeks),2026-05-10,2026-05-21,11,UIP-NSK-202605-OPV-132,PHC-NSK-04,nurse_nsk_04,FALSE,Routine UIP session.
NSK-2026-0410,fIPV,1,fIPV-1 (6 Weeks),2026-05-10,2026-05-24,14,UIP-NSK-202605-FIPV-298,PHC-NSK-04,nurse_nsk_04,FALSE,Routine UIP session.
NSK-2026-0410,PCV,1,PCV-1 (6 Weeks),2026-05-10,2026-05-20,10,UIP-NSK-202605-PCV-877,PHC-NSK-04,nurse_nsk_04,FALSE,Routine UIP session.
NSK-2026-0410,OPV,3,OPV-2 (10 Weeks),2026-06-07,2026-06-18,11,UIP-NSK-202606-OPV-967,PHC-NSK-04,nurse_nsk_04,FALSE,Routine UIP session.
NSK-2026-0410,Rota,2,Rotavirus-2 (10 Weeks),2026-06-07,2026-06-18,11,UIP-NSK-202606-ROTA-185,PHC-NSK-04,nurse_nsk_04,FALSE,Routine UIP session.
NSK-2026-0410,Penta,3,Pentavalent-3 (14 Weeks),2026-07-05,2026-07-12,7,UIP-NSK-202607-PENTA-639,PHC-NSK-04,nurse_nsk_04,FALSE,Routine UIP session.
NSK-2026-0410,Rota,3,Rotavirus-3 (14 Weeks),2026-07-05,2026-07-16,11,UIP-NSK-202607-ROTA-331,PHC-NSK-04,nurse_nsk_04,FALSE,Routine UIP session.
NSK-2026-0410,PCV,2,PCV-2 (14 Weeks),2026-07-05,2026-07-24,19,UIP-NSK-202607-PCV-944,PHC-NSK-04,nurse_nsk_04,FALSE,Routine UIP session.
NSK-2026-0411,BCG,1,BCG (At Birth),2026-08-17,2026-08-17,0,UIP-NSK-202608-BCG-411,PHC-NSK-02,nurse_nsk_02,FALSE,Administered at hospital after delivery.
NSK-2026-0411,OPV,1,OPV Zero Dose (At Birth),2026-08-17,2026-08-17,0,UIP-NSK-202608-OPV-449,PHC-NSK-02,nurse_nsk_02,FALSE,Administered at hospital after delivery.
NSK-2026-0411,HepB,1,Hepatitis B Birth Dose,2026-08-17,2026-08-17,0,UIP-NSK-202608-HEPB-383,PHC-NSK-02,nurse_nsk_02,FALSE,Administered at hospital after delivery.
NSK-2026-0411,OPV,2,OPV-1 (6 Weeks),2026-09-28,2026-09-28,0,UIP-NSK-202609-OPV-407,PHC-NSK-02,nurse_nsk_02,FALSE,Routine UIP session.
NSK-2026-0411,Penta,1,Pentavalent-1 (6 Weeks),2026-09-28,2026-09-28,0,UIP-NSK-202609-PENTA-594,PHC-NSK-02,nurse_nsk_02,FALSE,Routine UIP session.
NSK-2026-0411,Rota,1,Rotavirus-1 (6 Weeks),2026-09-28,2026-09-28,0,UIP-NSK-202609-ROTA-298,PHC-NSK-08,nurse_nsk_08,FALSE,Routine UIP session.
NSK-2026-0411,fIPV,1,fIPV-1 (6 Weeks),2026-09-28,2026-10-03,5,UIP-NSK-202610-FIPV-831,PHC-NSK-09,nurse_nsk_09,FALSE,Routine UIP session.
NSK-2026-0411,PCV,1,PCV-1 (6 Weeks),2026-09-28,2026-09-28,0,UIP-NSK-202609-PCV-934,PHC-NSK-02,nurse_nsk_02,FALSE,Routine UIP session.
NSK-2026-0412,BCG,1,BCG (At Birth),2026-09-23,2026-09-23,0,UIP-NSK-202609-BCG-683,PHC-NSK-04,nurse_nsk_04,FALSE,Administered at hospital after delivery.
NSK-2026-0412,OPV,1,OPV Zero Dose (At Birth),2026-09-23,2026-09-23,0,UIP-NSK-202609-OPV-631,PHC-NSK-04,nurse_nsk_04,FALSE,Administered at hospital after delivery.
NSK-2026-0412,HepB,1,Hepatitis B Birth Dose,2026-09-23,2026-09-23,0,UIP-NSK-202609-HEPB-279,PHC-NSK-04,nurse_nsk_04,FALSE,Administered at hospital after delivery.
NSK-2026-0413,BCG,1,BCG (At Birth),2026-09-17,2026-09-17,0,UIP-NSK-202609-BCG-700,PHC-NSK-01,nurse_nsk_01,FALSE,Administered at hospital after delivery.
NSK-2026-0413,OPV,1,OPV Zero Dose (At Birth),2026-09-17,2026-09-17,0,UIP-NSK-202609-OPV-894,PHC-NSK-01,nurse_nsk_01,FALSE,Administered at hospital after delivery.
NSK-2026-0413,HepB,1,Hepatitis B Birth Dose,2026-09-17,2026-09-17,0,UIP-NSK-202609-HEPB-394,PHC-NSK-01,nurse_nsk_01,FALSE,Administered at hospital after delivery.
NSK-2026-0414,BCG,1,BCG (At Birth),2026-07-27,2026-07-27,0,UIP-NSK-202607-BCG-613,PHC-NSK-08,nurse_nsk_08,FALSE,Administered at hospital after delivery.
NSK-2026-0414,OPV,1,OPV Zero Dose (At Birth),2026-07-27,2026-07-27,0,UIP-NSK-202607-OPV-989,PHC-NSK-07,nurse_nsk_07,FALSE,Administered at hospital after delivery.
NSK-2026-0414,HepB,1,Hepatitis B Birth Dose,2026-07-27,2026-07-27,0,UIP-NSK-202607-HEPB-932,PHC-NSK-07,nurse_nsk_07,FALSE,Administered at hospital after delivery.
NSK-2026-0414,OPV,2,OPV-1 (6 Weeks),2026-09-07,2026-09-17,10,UIP-NSK-202609-OPV-263,PHC-NSK-10,nurse_nsk_10,FALSE,Routine UIP session.
NSK-2026-0414,Penta,1,Pentavalent-1 (6 Weeks),2026-09-07,2026-09-17,10,UIP-NSK-202609-PENTA-973,PHC-NSK-07,nurse_nsk_07,FALSE,Routine UIP session.
NSK-2026-0414,Rota,1,Rotavirus-1 (6 Weeks),2026-09-07,2026-09-10,3,UIP-NSK-202609-ROTA-320,PHC-NSK-07,nurse_nsk_07,FALSE,Routine UIP session.
NSK-2026-0414,fIPV,1,fIPV-1 (6 Weeks),2026-09-07,2026-09-10,3,UIP-NSK-202609-FIPV-843,PHC-NSK-07,nurse_nsk_07,FALSE,Routine UIP session.
NSK-2026-0414,PCV,1,PCV-1 (6 Weeks),2026-09-07,2026-09-10,3,UIP-NSK-202609-PCV-231,PHC-NSK-07,nurse_nsk_07,FALSE,Routine UIP session.
NSK-2026-0415,BCG,1,BCG (At Birth),2026-08-09,2026-08-09,0,UIP-NSK-202608-BCG-392,PHC-NSK-04,nurse_nsk_04,FALSE,Administered at hospital after delivery.
NSK-2026-0415,OPV,1,OPV Zero Dose (At Birth),2026-08-09,2026-08-09,0,UIP-NSK-202608-OPV-717,PHC-NSK-04,nurse_nsk_04,FALSE,Administered at hospital after delivery.
NSK-2026-0415,HepB,1,Hepatitis B Birth Dose,2026-08-09,2026-08-09,0,UIP-NSK-202608-HEPB-671,PHC-NSK-04,nurse_nsk_04,FALSE,Administered at hospital after delivery.
NSK-2026-0415,OPV,2,OPV-1 (6 Weeks),2026-09-20,2026-09-21,1,UIP-NSK-202609-OPV-733,PHC-NSK-04,nurse_nsk_04,FALSE,Routine UIP session.
NSK-2026-0415,Penta,1,Pentavalent-1 (6 Weeks),2026-09-20,2026-09-22,2,UIP-NSK-202609-PENTA-817,PHC-NSK-04,nurse_nsk_04,FALSE,Routine UIP session.
NSK-2026-0415,Rota,1,Rotavirus-1 (6 Weeks),2026-09-20,2026-09-20,0,UIP-NSK-202609-ROTA-927,PHC-NSK-04,nurse_nsk_04,FALSE,Routine UIP session.
NSK-2026-0415,fIPV,1,fIPV-1 (6 Weeks),2026-09-20,2026-09-23,3,UIP-NSK-202609-FIPV-753,PHC-NSK-04,nurse_nsk_04,FALSE,Routine UIP session.
NSK-2026-0415,PCV,1,PCV-1 (6 Weeks),2026-09-20,2026-09-20,0,UIP-NSK-202609-PCV-342,PHC-NSK-04,nurse_nsk_04,FALSE,Routine UIP session.
NSK-2026-0416,BCG,1,BCG (At Birth),2026-09-06,2026-09-06,0,UIP-NSK-202609-BCG-744,PHC-NSK-01,nurse_nsk_01,FALSE,Administered at hospital after delivery.
NSK-2026-0416,OPV,1,OPV Zero Dose (At Birth),2026-09-06,2026-09-06,0,UIP-NSK-202609-OPV-681,PHC-NSK-01,nurse_nsk_01,FALSE,Administered at hospital after delivery.
NSK-2026-0416,HepB,1,Hepatitis B Birth Dose,2026-09-06,2026-09-06,0,UIP-NSK-202609-HEPB-534,PHC-NSK-01,nurse_nsk_01,FALSE,Administered at hospital after delivery.
NSK-2026-0417,BCG,1,BCG (At Birth),2026-01-07,2026-01-07,0,UIP-NSK-202601-BCG-211,PHC-NSK-01,nurse_nsk_01,FALSE,Administered at hospital after delivery.
NSK-2026-0417,OPV,1,OPV Zero Dose (At Birth),2026-01-07,2026-01-07,0,UIP-NSK-202601-OPV-679,PHC-NSK-01,nurse_nsk_01,FALSE,Administered at hospital after delivery.
NSK-2026-0417,HepB,1,Hepatitis B Birth Dose,2026-01-07,2026-01-07,0,UIP-NSK-202601-HEPB-545,PHC-NSK-01,nurse_nsk_01,FALSE,Administered at hospital after delivery.
NSK-2026-0417,OPV,2,OPV-1 (6 Weeks),2026-02-18,2026-02-25,7,UIP-NSK-202602-OPV-812,PHC-NSK-01,nurse_nsk_01,FALSE,Routine UIP session.
NSK-2026-0417,Penta,1,Pentavalent-1 (6 Weeks),2026-02-18,2026-02-19,1,UIP-NSK-202602-PENTA-622,PHC-NSK-01,nurse_nsk_01,FALSE,Routine UIP session.
NSK-2026-0417,Rota,1,Rotavirus-1 (6 Weeks),2026-02-18,2026-02-18,0,UIP-NSK-202602-ROTA-280,PHC-NSK-01,nurse_nsk_01,FALSE,Routine UIP session.
NSK-2026-0417,fIPV,1,fIPV-1 (6 Weeks),2026-02-18,2026-02-19,1,UIP-NSK-202602-FIPV-491,PHC-NSK-01,nurse_nsk_01,FALSE,Routine UIP session.
NSK-2026-0417,PCV,1,PCV-1 (6 Weeks),2026-02-18,2026-02-18,0,UIP-NSK-202602-PCV-798,PHC-NSK-01,nurse_nsk_01,FALSE,Routine UIP session.
NSK-2026-0417,OPV,3,OPV-2 (10 Weeks),2026-03-18,2026-03-25,7,UIP-NSK-202603-OPV-286,PHC-NSK-01,nurse_nsk_01,FALSE,Routine UIP session.
NSK-2026-0417,Penta,2,Pentavalent-2 (10 Weeks),2026-03-18,2026-03-19,1,UIP-NSK-202603-PENTA-352,PHC-NSK-07,nurse_nsk_07,FALSE,Routine UIP session.
NSK-2026-0417,Rota,2,Rotavirus-2 (10 Weeks),2026-03-18,2026-03-21,3,UIP-NSK-202603-ROTA-957,PHC-NSK-01,nurse_nsk_01,FALSE,Routine UIP session.
NSK-2026-0417,OPV,4,OPV-3 (14 Weeks),2026-04-15,2026-04-22,7,UIP-NSK-202604-OPV-853,PHC-NSK-07,nurse_nsk_07,FALSE,Routine UIP session.
NSK-2026-0417,Rota,3,Rotavirus-3 (14 Weeks),2026-04-15,2026-04-18,3,UIP-NSK-202604-ROTA-192,PHC-NSK-01,nurse_nsk_01,FALSE,Routine UIP session.
NSK-2026-0417,fIPV,2,fIPV-2 (14 Weeks),2026-04-15,2026-04-17,2,UIP-NSK-202604-FIPV-192,PHC-NSK-01,nurse_nsk_01,FALSE,Routine UIP session.
NSK-2026-0417,PCV,2,PCV-2 (14 Weeks),2026-04-15,2026-04-16,1,UIP-NSK-202604-PCV-250,PHC-NSK-01,nurse_nsk_01,FALSE,Routine UIP session.
NSK-2026-0418,BCG,1,BCG (At Birth),2026-02-05,2026-02-05,0,UIP-NSK-202602-BCG-283,PHC-NSK-02,nurse_nsk_02,FALSE,Administered at hospital after delivery.
NSK-2026-0418,OPV,1,OPV Zero Dose (At Birth),2026-02-05,2026-02-05,0,UIP-NSK-202602-OPV-422,PHC-NSK-02,nurse_nsk_02,FALSE,Administered at hospital after delivery.
NSK-2026-0418,HepB,1,Hepatitis B Birth Dose,2026-02-05,2026-02-05,0,UIP-NSK-202602-HEPB-265,PHC-NSK-02,nurse_nsk_02,FALSE,Administered at hospital after delivery.
NSK-2026-0418,OPV,2,OPV-1 (6 Weeks),2026-03-19,2026-03-20,1,UIP-NSK-202603-OPV-646,PHC-NSK-02,nurse_nsk_02,FALSE,Routine UIP session.
NSK-2026-0418,Penta,1,Pentavalent-1 (6 Weeks),2026-03-19,2026-03-21,2,UIP-NSK-202603-PENTA-468,PHC-NSK-02,nurse_nsk_02,FALSE,Routine UIP session.
NSK-2026-0418,Rota,1,Rotavirus-1 (6 Weeks),2026-03-19,2026-03-19,0,UIP-NSK-202603-ROTA-664,PHC-NSK-02,nurse_nsk_02,FALSE,Routine UIP session.
NSK-2026-0418,fIPV,1,fIPV-1 (6 Weeks),2026-03-19,2026-03-19,0,UIP-NSK-202603-FIPV-662,PHC-NSK-02,nurse_nsk_02,FALSE,Routine UIP session.
NSK-2026-0418,PCV,1,PCV-1 (6 Weeks),2026-03-19,2026-03-19,0,UIP-NSK-202603-PCV-906,PHC-NSK-02,nurse_nsk_02,FALSE,Routine UIP session.
NSK-2026-0418,OPV,3,OPV-2 (10 Weeks),2026-04-16,2026-04-17,1,UIP-NSK-202604-OPV-445,PHC-NSK-02,nurse_nsk_02,FALSE,Routine UIP session.
NSK-2026-0418,Penta,2,Pentavalent-2 (10 Weeks),2026-04-16,2026-04-18,2,UIP-NSK-202604-PENTA-788,PHC-NSK-09,nurse_nsk_09,FALSE,Routine UIP session.
NSK-2026-0418,Rota,2,Rotavirus-2 (10 Weeks),2026-04-16,2026-04-18,2,UIP-NSK-202604-ROTA-882,PHC-NSK-09,nurse_nsk_09,FALSE,Routine UIP session.
NSK-2026-0418,OPV,4,OPV-3 (14 Weeks),2026-05-14,2026-05-16,2,UIP-NSK-202605-OPV-734,PHC-NSK-08,nurse_nsk_08,FALSE,Routine UIP session.
NSK-2026-0418,Penta,3,Pentavalent-3 (14 Weeks),2026-05-14,2026-05-16,2,UIP-NSK-202605-PENTA-480,PHC-NSK-02,nurse_nsk_02,FALSE,Routine UIP session.
NSK-2026-0418,Rota,3,Rotavirus-3 (14 Weeks),2026-05-14,2026-05-16,2,UIP-NSK-202605-ROTA-232,PHC-NSK-02,nurse_nsk_02,FALSE,Routine UIP session.
NSK-2026-0418,fIPV,2,fIPV-2 (14 Weeks),2026-05-14,2026-05-14,0,UIP-NSK-202605-FIPV-891,PHC-NSK-07,nurse_nsk_07,FALSE,Routine UIP session.
NSK-2026-0418,PCV,2,PCV-2 (14 Weeks),2026-05-14,2026-05-21,7,UIP-NSK-202605-PCV-100,PHC-NSK-02,nurse_nsk_02,FALSE,Routine UIP session.
NSK-2026-0419,BCG,1,BCG (At Birth),2026-03-31,2026-03-31,0,UIP-NSK-202603-BCG-177,PHC-NSK-01,nurse_nsk_01,FALSE,Administered at hospital after delivery.
NSK-2026-0419,OPV,1,OPV Zero Dose (At Birth),2026-03-31,2026-03-31,0,UIP-NSK-202603-OPV-172,PHC-NSK-01,nurse_nsk_01,FALSE,Administered at hospital after delivery.
NSK-2026-0419,HepB,1,Hepatitis B Birth Dose,2026-03-31,2026-03-31,0,UIP-NSK-202603-HEPB-952,PHC-NSK-01,nurse_nsk_01,FALSE,Administered at hospital after delivery.
NSK-2026-0419,OPV,2,OPV-1 (6 Weeks),2026-05-12,2026-05-14,2,UIP-NSK-202605-OPV-319,PHC-NSK-01,nurse_nsk_01,FALSE,Routine UIP session.
NSK-2026-0419,Penta,1,Pentavalent-1 (6 Weeks),2026-05-12,2026-05-27,15,UIP-NSK-202605-PENTA-516,PHC-NSK-01,nurse_nsk_01,FALSE,Routine UIP session.
NSK-2026-0419,Rota,1,Rotavirus-1 (6 Weeks),2026-05-12,2026-05-17,5,UIP-NSK-202605-ROTA-564,PHC-NSK-01,nurse_nsk_01,FALSE,Routine UIP session.
NSK-2026-0419,fIPV,1,fIPV-1 (6 Weeks),2026-05-12,2026-05-14,2,UIP-NSK-202605-FIPV-331,PHC-NSK-01,nurse_nsk_01,FALSE,Routine UIP session.
NSK-2026-0419,PCV,1,PCV-1 (6 Weeks),2026-05-12,2026-05-22,10,UIP-NSK-202605-PCV-475,PHC-NSK-01,nurse_nsk_01,FALSE,Routine UIP session.
NSK-2026-0419,OPV,3,OPV-2 (10 Weeks),2026-06-09,2026-06-22,13,UIP-NSK-202606-OPV-565,PHC-NSK-01,nurse_nsk_01,FALSE,Routine UIP session.
NSK-2026-0419,Penta,2,Pentavalent-2 (10 Weeks),2026-06-09,2026-06-24,15,UIP-NSK-202606-PENTA-868,PHC-NSK-01,nurse_nsk_01,FALSE,Routine UIP session.
NSK-2026-0419,Rota,2,Rotavirus-2 (10 Weeks),2026-06-09,2026-06-21,12,UIP-NSK-202606-ROTA-655,PHC-NSK-01,nurse_nsk_01,FALSE,Routine UIP session.
NSK-2026-0419,OPV,4,OPV-3 (14 Weeks),2026-07-07,2026-07-20,13,UIP-NSK-202607-OPV-881,PHC-NSK-01,nurse_nsk_01,FALSE,Routine UIP session.
NSK-2026-0419,Penta,3,Pentavalent-3 (14 Weeks),2026-07-07,2026-07-22,15,UIP-NSK-202607-PENTA-851,PHC-NSK-01,nurse_nsk_01,FALSE,Routine UIP session.
NSK-2026-0419,Rota,3,Rotavirus-3 (14 Weeks),2026-07-07,2026-07-19,12,UIP-NSK-202607-ROTA-313,PHC-NSK-01,nurse_nsk_01,FALSE,Routine UIP session.
NSK-2026-0419,fIPV,2,fIPV-2 (14 Weeks),2026-07-07,2026-07-23,16,UIP-NSK-202607-FIPV-389,PHC-NSK-01,nurse_nsk_01,FALSE,Routine UIP session.
NSK-2026-0419,PCV,2,PCV-2 (14 Weeks),2026-07-07,2026-07-17,10,UIP-NSK-202607-PCV-968,PHC-NSK-01,nurse_nsk_01,FALSE,Routine UIP session.
NSK-2026-0420,BCG,1,BCG (At Birth),2026-02-12,2026-02-12,0,UIP-NSK-202602-BCG-697,PHC-NSK-02,nurse_nsk_02,FALSE,Administered at hospital after delivery.
NSK-2026-0420,OPV,1,OPV Zero Dose (At Birth),2026-02-12,2026-02-12,0,UIP-NSK-202602-OPV-675,PHC-NSK-02,nurse_nsk_02,FALSE,Administered at hospital after delivery.
NSK-2026-0420,HepB,1,Hepatitis B Birth Dose,2026-02-12,2026-02-12,0,UIP-NSK-202602-HEPB-790,PHC-NSK-02,nurse_nsk_02,FALSE,Administered at hospital after delivery.
NSK-2026-0420,OPV,2,OPV-1 (6 Weeks),2026-03-26,2026-04-26,31,UIP-NSK-202604-OPV-450,PHC-NSK-02,nurse_nsk_02,FALSE,Routine UIP session.
NSK-2026-0420,Penta,1,Pentavalent-1 (6 Weeks),2026-03-26,2026-04-27,32,UIP-NSK-202604-PENTA-425,PHC-NSK-02,nurse_nsk_02,FALSE,Routine UIP session.
NSK-2026-0420,Penta,2,Pentavalent-2 (10 Weeks),2026-04-23,2026-06-16,54,UIP-NSK-202606-PENTA-632,PHC-NSK-02,nurse_nsk_02,FALSE,Routine UIP session.
NSK-2026-0420,Rota,2,Rotavirus-2 (10 Weeks),2026-04-23,2026-06-01,39,UIP-NSK-202606-ROTA-133,PHC-NSK-02,nurse_nsk_02,FALSE,Routine UIP session.
NSK-2026-0420,Rota,3,Rotavirus-3 (14 Weeks),2026-05-21,2026-07-02,42,UIP-NSK-202607-ROTA-370,PHC-NSK-02,nurse_nsk_02,FALSE,Routine UIP session.
NSK-2026-0421,BCG,1,BCG (At Birth),2026-03-21,2026-03-21,0,UIP-NSK-202603-BCG-182,PHC-NSK-07,nurse_nsk_07,FALSE,Administered at hospital after delivery.
NSK-2026-0421,OPV,1,OPV Zero Dose (At Birth),2026-03-21,2026-03-21,0,UIP-NSK-202603-OPV-908,PHC-NSK-07,nurse_nsk_07,FALSE,Administered at hospital after delivery.
NSK-2026-0421,HepB,1,Hepatitis B Birth Dose,2026-03-21,2026-03-21,0,UIP-NSK-202603-HEPB-230,PHC-NSK-07,nurse_nsk_07,FALSE,Administered at hospital after delivery.
NSK-2026-0421,OPV,2,OPV-1 (6 Weeks),2026-05-02,2026-05-02,0,UIP-NSK-202605-OPV-936,PHC-NSK-07,nurse_nsk_07,FALSE,Routine UIP session.
NSK-2026-0421,Penta,1,Pentavalent-1 (6 Weeks),2026-05-02,2026-05-02,0,UIP-NSK-202605-PENTA-898,PHC-NSK-07,nurse_nsk_07,FALSE,Routine UIP session.
NSK-2026-0421,Rota,1,Rotavirus-1 (6 Weeks),2026-05-02,2026-05-02,0,UIP-NSK-202605-ROTA-393,PHC-NSK-07,nurse_nsk_07,FALSE,Routine UIP session.
NSK-2026-0421,fIPV,1,fIPV-1 (6 Weeks),2026-05-02,2026-05-02,0,UIP-NSK-202605-FIPV-544,PHC-NSK-01,nurse_nsk_01,FALSE,Routine UIP session.
NSK-2026-0421,PCV,1,PCV-1 (6 Weeks),2026-05-02,2026-05-02,0,UIP-NSK-202605-PCV-683,PHC-NSK-07,nurse_nsk_07,FALSE,Routine UIP session.
NSK-2026-0421,OPV,3,OPV-2 (10 Weeks),2026-05-30,2026-06-02,3,UIP-NSK-202606-OPV-922,PHC-NSK-07,nurse_nsk_07,FALSE,Routine UIP session.
NSK-2026-0421,Penta,2,Pentavalent-2 (10 Weeks),2026-05-30,2026-05-30,0,UIP-NSK-202605-PENTA-843,PHC-NSK-07,nurse_nsk_07,FALSE,Routine UIP session.
NSK-2026-0421,Rota,2,Rotavirus-2 (10 Weeks),2026-05-30,2026-05-30,0,UIP-NSK-202605-ROTA-485,PHC-NSK-07,nurse_nsk_07,FALSE,Routine UIP session.
NSK-2026-0421,OPV,4,OPV-3 (14 Weeks),2026-06-27,2026-06-30,3,UIP-NSK-202606-OPV-803,PHC-NSK-07,nurse_nsk_07,FALSE,Routine UIP session.
NSK-2026-0421,Penta,3,Pentavalent-3 (14 Weeks),2026-06-27,2026-06-30,3,UIP-NSK-202606-PENTA-347,PHC-NSK-07,nurse_nsk_07,FALSE,Routine UIP session.
NSK-2026-0421,fIPV,2,fIPV-2 (14 Weeks),2026-06-27,2026-06-29,2,UIP-NSK-202606-FIPV-800,PHC-NSK-07,nurse_nsk_07,FALSE,Routine UIP session.
NSK-2026-0421,PCV,2,PCV-2 (14 Weeks),2026-06-27,2026-06-28,1,UIP-NSK-202606-PCV-414,PHC-NSK-07,nurse_nsk_07,FALSE,Routine UIP session.
NSK-2026-0422,BCG,1,BCG (At Birth),2026-08-10,2026-08-10,0,UIP-NSK-202608-BCG-847,PHC-NSK-05,nurse_nsk_05,FALSE,Administered at hospital after delivery.
NSK-2026-0422,OPV,1,OPV Zero Dose (At Birth),2026-08-10,2026-08-10,0,UIP-NSK-202608-OPV-752,PHC-NSK-05,nurse_nsk_05,FALSE,Administered at hospital after delivery.
NSK-2026-0422,HepB,1,Hepatitis B Birth Dose,2026-08-10,2026-08-10,0,UIP-NSK-202608-HEPB-864,PHC-NSK-05,nurse_nsk_05,FALSE,Administered at hospital after delivery.
NSK-2026-0422,OPV,2,OPV-1 (6 Weeks),2026-09-21,2026-09-24,3,UIP-NSK-202609-OPV-142,PHC-NSK-05,nurse_nsk_05,FALSE,Routine UIP session.
NSK-2026-0422,Penta,1,Pentavalent-1 (6 Weeks),2026-09-21,2026-09-21,0,UIP-NSK-202609-PENTA-922,PHC-NSK-05,nurse_nsk_05,FALSE,Routine UIP session.
NSK-2026-0422,Rota,1,Rotavirus-1 (6 Weeks),2026-09-21,2026-09-23,2,UIP-NSK-202609-ROTA-701,PHC-NSK-05,nurse_nsk_05,FALSE,Routine UIP session.
NSK-2026-0422,fIPV,1,fIPV-1 (6 Weeks),2026-09-21,2026-09-21,0,UIP-NSK-202609-FIPV-362,PHC-NSK-06,nurse_nsk_06,FALSE,Routine UIP session.
NSK-2026-0422,PCV,1,PCV-1 (6 Weeks),2026-09-21,2026-09-21,0,UIP-NSK-202609-PCV-172,PHC-NSK-05,nurse_nsk_05,FALSE,Routine UIP session.
NSK-2026-0423,BCG,1,BCG (At Birth),2026-09-12,2026-09-12,0,UIP-NSK-202609-BCG-666,PHC-NSK-04,nurse_nsk_04,FALSE,Administered at hospital after delivery.
NSK-2026-0423,OPV,1,OPV Zero Dose (At Birth),2026-09-12,2026-09-12,0,UIP-NSK-202609-OPV-243,PHC-NSK-04,nurse_nsk_04,FALSE,Administered at hospital after delivery.
NSK-2026-0424,BCG,1,BCG (At Birth),2026-05-26,2026-05-26,0,UIP-NSK-202605-BCG-227,PHC-NSK-05,nurse_nsk_05,FALSE,Administered at hospital after delivery.
NSK-2026-0424,OPV,1,OPV Zero Dose (At Birth),2026-05-26,2026-05-26,0,UIP-NSK-202605-OPV-199,PHC-NSK-05,nurse_nsk_05,FALSE,Administered at hospital after delivery.
NSK-2026-0424,HepB,1,Hepatitis B Birth Dose,2026-05-26,2026-05-26,0,UIP-NSK-202605-HEPB-812,PHC-NSK-05,nurse_nsk_05,FALSE,Administered at hospital after delivery.
NSK-2026-0424,OPV,2,OPV-1 (6 Weeks),2026-07-07,2026-07-07,0,UIP-NSK-202607-OPV-532,PHC-NSK-05,nurse_nsk_05,FALSE,Routine UIP session.
NSK-2026-0424,Penta,1,Pentavalent-1 (6 Weeks),2026-07-07,2026-07-07,0,UIP-NSK-202607-PENTA-169,PHC-NSK-02,nurse_nsk_02,FALSE,Routine UIP session.
NSK-2026-0424,Rota,1,Rotavirus-1 (6 Weeks),2026-07-07,2026-07-08,1,UIP-NSK-202607-ROTA-785,PHC-NSK-05,nurse_nsk_05,FALSE,Routine UIP session.
NSK-2026-0424,fIPV,1,fIPV-1 (6 Weeks),2026-07-07,2026-07-07,0,UIP-NSK-202607-FIPV-643,PHC-NSK-05,nurse_nsk_05,FALSE,Routine UIP session.
NSK-2026-0424,PCV,1,PCV-1 (6 Weeks),2026-07-07,2026-07-15,8,UIP-NSK-202607-PCV-262,PHC-NSK-05,nurse_nsk_05,FALSE,Routine UIP session.
NSK-2026-0424,OPV,3,OPV-2 (10 Weeks),2026-08-04,2026-08-04,0,UIP-NSK-202608-OPV-516,PHC-NSK-05,nurse_nsk_05,FALSE,Routine UIP session.
NSK-2026-0424,Penta,2,Pentavalent-2 (10 Weeks),2026-08-04,2026-08-04,0,UIP-NSK-202608-PENTA-362,PHC-NSK-05,nurse_nsk_05,FALSE,Routine UIP session.
NSK-2026-0424,Rota,2,Rotavirus-2 (10 Weeks),2026-08-04,2026-08-05,1,UIP-NSK-202608-ROTA-679,PHC-NSK-05,nurse_nsk_05,FALSE,Routine UIP session.
NSK-2026-0424,OPV,4,OPV-3 (14 Weeks),2026-09-01,2026-09-01,0,UIP-NSK-202609-OPV-196,PHC-NSK-05,nurse_nsk_05,FALSE,Routine UIP session.
NSK-2026-0424,Penta,3,Pentavalent-3 (14 Weeks),2026-09-01,2026-09-01,0,UIP-NSK-202609-PENTA-361,PHC-NSK-05,nurse_nsk_05,FALSE,Routine UIP session.
NSK-2026-0424,Rota,3,Rotavirus-3 (14 Weeks),2026-09-01,2026-09-02,1,UIP-NSK-202609-ROTA-118,PHC-NSK-05,nurse_nsk_05,FALSE,Routine UIP session.
NSK-2026-0424,fIPV,2,fIPV-2 (14 Weeks),2026-09-01,2026-09-04,3,UIP-NSK-202609-FIPV-785,PHC-NSK-05,nurse_nsk_05,FALSE,Routine UIP session.
NSK-2026-0424,PCV,2,PCV-2 (14 Weeks),2026-09-01,2026-09-01,0,UIP-NSK-202609-PCV-539,PHC-NSK-05,nurse_nsk_05,FALSE,Routine UIP session.
NSK-2026-0425,OPV,1,OPV Zero Dose (At Birth),2026-03-18,2026-03-18,0,UIP-NSK-202603-OPV-764,PHC-NSK-05,nurse_nsk_05,FALSE,Administered at hospital after delivery.
NSK-2026-0425,HepB,1,Hepatitis B Birth Dose,2026-03-18,2026-03-18,0,UIP-NSK-202603-HEPB-239,PHC-NSK-05,nurse_nsk_05,FALSE,Administered at hospital after delivery.
NSK-2026-0425,OPV,2,OPV-1 (6 Weeks),2026-04-29,2026-04-29,0,UIP-NSK-202604-OPV-168,PHC-NSK-05,nurse_nsk_05,FALSE,Routine UIP session.
NSK-2026-0425,Penta,1,Pentavalent-1 (6 Weeks),2026-04-29,2026-04-29,0,UIP-NSK-202604-PENTA-173,PHC-NSK-05,nurse_nsk_05,FALSE,Routine UIP session.
NSK-2026-0425,Rota,1,Rotavirus-1 (6 Weeks),2026-04-29,2026-04-29,0,UIP-NSK-202604-ROTA-248,PHC-NSK-05,nurse_nsk_05,FALSE,Routine UIP session.
NSK-2026-0425,fIPV,1,fIPV-1 (6 Weeks),2026-04-29,2026-05-08,9,UIP-NSK-202605-FIPV-395,PHC-NSK-05,nurse_nsk_05,FALSE,Routine UIP session.
NSK-2026-0425,PCV,1,PCV-1 (6 Weeks),2026-04-29,2026-04-29,0,UIP-NSK-202604-PCV-353,PHC-NSK-05,nurse_nsk_05,FALSE,Routine UIP session.
NSK-2026-0425,OPV,3,OPV-2 (10 Weeks),2026-05-27,2026-05-30,3,UIP-NSK-202605-OPV-717,PHC-NSK-05,nurse_nsk_05,FALSE,Routine UIP session.
NSK-2026-0425,Penta,2,Pentavalent-2 (10 Weeks),2026-05-27,2026-05-27,0,UIP-NSK-202605-PENTA-756,PHC-NSK-05,nurse_nsk_05,FALSE,Routine UIP session.
NSK-2026-0425,Rota,2,Rotavirus-2 (10 Weeks),2026-05-27,2026-05-27,0,UIP-NSK-202605-ROTA-457,PHC-NSK-05,nurse_nsk_05,FALSE,Routine UIP session.
NSK-2026-0425,OPV,4,OPV-3 (14 Weeks),2026-06-24,2026-06-27,3,UIP-NSK-202606-OPV-907,PHC-NSK-05,nurse_nsk_05,FALSE,Routine UIP session.
NSK-2026-0425,Penta,3,Pentavalent-3 (14 Weeks),2026-06-24,2026-06-24,0,UIP-NSK-202606-PENTA-613,PHC-NSK-05,nurse_nsk_05,FALSE,Routine UIP session.
NSK-2026-0425,Rota,3,Rotavirus-3 (14 Weeks),2026-06-24,2026-06-24,0,UIP-NSK-202606-ROTA-356,PHC-NSK-05,nurse_nsk_05,TRUE,Mild fever and local swelling; resolved in 48 hours.
NSK-2026-0425,fIPV,2,fIPV-2 (14 Weeks),2026-06-24,2026-06-24,0,UIP-NSK-202606-FIPV-777,PHC-NSK-05,nurse_nsk_05,FALSE,Routine UIP session.
NSK-2026-0425,PCV,2,PCV-2 (14 Weeks),2026-06-24,2026-06-25,1,UIP-NSK-202606-PCV-936,PHC-NSK-05,nurse_nsk_05,FALSE,Routine UIP session.
NSK-2026-0426,BCG,1,BCG (At Birth),2026-03-14,2026-03-14,0,UIP-NSK-202603-BCG-187,PHC-NSK-02,nurse_nsk_02,FALSE,Administered at hospital after delivery.
NSK-2026-0426,OPV,1,OPV Zero Dose (At Birth),2026-03-14,2026-03-14,0,UIP-NSK-202603-OPV-907,PHC-NSK-07,nurse_nsk_07,FALSE,Administered at hospital after delivery.
NSK-2026-0426,HepB,1,Hepatitis B Birth Dose,2026-03-14,2026-03-14,0,UIP-NSK-202603-HEPB-453,PHC-NSK-02,nurse_nsk_02,FALSE,Administered at hospital after delivery.
NSK-2026-0426,OPV,2,OPV-1 (6 Weeks),2026-04-25,2026-04-25,0,UIP-NSK-202604-OPV-872,PHC-NSK-02,nurse_nsk_02,FALSE,Routine UIP session.
NSK-2026-0426,Penta,1,Pentavalent-1 (6 Weeks),2026-04-25,2026-04-25,0,UIP-NSK-202604-PENTA-882,PHC-NSK-02,nurse_nsk_02,FALSE,Routine UIP session.
NSK-2026-0426,Rota,1,Rotavirus-1 (6 Weeks),2026-04-25,2026-04-25,0,UIP-NSK-202604-ROTA-522,PHC-NSK-02,nurse_nsk_02,FALSE,Routine UIP session.
NSK-2026-0426,fIPV,1,fIPV-1 (6 Weeks),2026-04-25,2026-04-26,1,UIP-NSK-202604-FIPV-824,PHC-NSK-02,nurse_nsk_02,FALSE,Routine UIP session.
NSK-2026-0426,PCV,1,PCV-1 (6 Weeks),2026-04-25,2026-04-25,0,UIP-NSK-202604-PCV-861,PHC-NSK-02,nurse_nsk_02,TRUE,Mild fever and local swelling; resolved in 48 hours.
NSK-2026-0426,OPV,3,OPV-2 (10 Weeks),2026-05-23,2026-05-23,0,UIP-NSK-202605-OPV-277,PHC-NSK-10,nurse_nsk_10,FALSE,Routine UIP session.
NSK-2026-0426,Penta,2,Pentavalent-2 (10 Weeks),2026-05-23,2026-05-23,0,UIP-NSK-202605-PENTA-499,PHC-NSK-02,nurse_nsk_02,FALSE,Routine UIP session.
NSK-2026-0426,Rota,2,Rotavirus-2 (10 Weeks),2026-05-23,2026-05-23,0,UIP-NSK-202605-ROTA-626,PHC-NSK-02,nurse_nsk_02,FALSE,Routine UIP session.
NSK-2026-0426,OPV,4,OPV-3 (14 Weeks),2026-06-20,2026-06-23,3,UIP-NSK-202606-OPV-820,PHC-NSK-03,nurse_nsk_03,FALSE,Routine UIP session.
NSK-2026-0426,Penta,3,Pentavalent-3 (14 Weeks),2026-06-20,2026-06-20,0,UIP-NSK-202606-PENTA-503,PHC-NSK-02,nurse_nsk_02,FALSE,Routine UIP session.
NSK-2026-0426,Rota,3,Rotavirus-3 (14 Weeks),2026-06-20,2026-06-21,1,UIP-NSK-202606-ROTA-540,PHC-NSK-02,nurse_nsk_02,FALSE,Routine UIP session.
NSK-2026-0426,fIPV,2,fIPV-2 (14 Weeks),2026-06-20,2026-06-20,0,UIP-NSK-202606-FIPV-376,PHC-NSK-02,nurse_nsk_02,FALSE,Routine UIP session.
NSK-2026-0426,PCV,2,PCV-2 (14 Weeks),2026-06-20,2026-06-23,3,UIP-NSK-202606-PCV-619,PHC-NSK-02,nurse_nsk_02,FALSE,Routine UIP session.
NSK-2026-0427,BCG,1,BCG (At Birth),2026-01-28,2026-01-28,0,UIP-NSK-202601-BCG-867,PHC-NSK-10,nurse_nsk_10,FALSE,Administered at hospital after delivery.
NSK-2026-0427,OPV,1,OPV Zero Dose (At Birth),2026-01-28,2026-01-28,0,UIP-NSK-202601-OPV-730,PHC-NSK-10,nurse_nsk_10,FALSE,Administered at hospital after delivery.
NSK-2026-0427,HepB,1,Hepatitis B Birth Dose,2026-01-28,2026-01-28,0,UIP-NSK-202601-HEPB-356,PHC-NSK-10,nurse_nsk_10,FALSE,Administered at hospital after delivery.
NSK-2026-0427,OPV,2,OPV-1 (6 Weeks),2026-03-11,2026-03-30,19,UIP-NSK-202603-OPV-819,PHC-NSK-10,nurse_nsk_10,FALSE,Routine UIP session.
NSK-2026-0427,Penta,1,Pentavalent-1 (6 Weeks),2026-03-11,2026-03-14,3,UIP-NSK-202603-PENTA-476,PHC-NSK-10,nurse_nsk_10,FALSE,Routine UIP session.
NSK-2026-0427,Rota,1,Rotavirus-1 (6 Weeks),2026-03-11,2026-03-18,7,UIP-NSK-202603-ROTA-740,PHC-NSK-02,nurse_nsk_02,FALSE,Routine UIP session.
NSK-2026-0427,fIPV,1,fIPV-1 (6 Weeks),2026-03-11,2026-03-13,2,UIP-NSK-202603-FIPV-289,PHC-NSK-10,nurse_nsk_10,TRUE,Mild fever and local swelling; resolved in 48 hours.
NSK-2026-0427,PCV,1,PCV-1 (6 Weeks),2026-03-11,2026-03-14,3,UIP-NSK-202603-PCV-267,PHC-NSK-10,nurse_nsk_10,FALSE,Routine UIP session.
NSK-2026-0427,OPV,3,OPV-2 (10 Weeks),2026-04-08,2026-04-27,19,UIP-NSK-202604-OPV-775,PHC-NSK-10,nurse_nsk_10,FALSE,Routine UIP session.
NSK-2026-0427,Penta,2,Pentavalent-2 (10 Weeks),2026-04-08,2026-04-11,3,UIP-NSK-202604-PENTA-242,PHC-NSK-10,nurse_nsk_10,FALSE,Routine UIP session.
NSK-2026-0427,Rota,2,Rotavirus-2 (10 Weeks),2026-04-08,2026-04-15,7,UIP-NSK-202604-ROTA-772,PHC-NSK-10,nurse_nsk_10,FALSE,Routine UIP session.
NSK-2026-0427,OPV,4,OPV-3 (14 Weeks),2026-05-06,2026-05-25,19,UIP-NSK-202605-OPV-721,PHC-NSK-10,nurse_nsk_10,FALSE,Routine UIP session.
NSK-2026-0427,Penta,3,Pentavalent-3 (14 Weeks),2026-05-06,2026-05-09,3,UIP-NSK-202605-PENTA-631,PHC-NSK-10,nurse_nsk_10,FALSE,Routine UIP session.
NSK-2026-0427,Rota,3,Rotavirus-3 (14 Weeks),2026-05-06,2026-05-15,9,UIP-NSK-202605-ROTA-291,PHC-NSK-10,nurse_nsk_10,FALSE,Routine UIP session.
NSK-2026-0427,fIPV,2,fIPV-2 (14 Weeks),2026-05-06,2026-05-15,9,UIP-NSK-202605-FIPV-849,PHC-NSK-01,nurse_nsk_01,FALSE,Routine UIP session.
NSK-2026-0427,PCV,2,PCV-2 (14 Weeks),2026-05-06,2026-05-21,15,UIP-NSK-202605-PCV-923,PHC-NSK-10,nurse_nsk_10,FALSE,Routine UIP session.
NSK-2026-0428,BCG,1,BCG (At Birth),2026-06-12,2026-06-12,0,UIP-NSK-202606-BCG-231,PHC-NSK-01,nurse_nsk_01,FALSE,Administered at hospital after delivery.
NSK-2026-0428,HepB,1,Hepatitis B Birth Dose,2026-06-12,2026-06-12,0,UIP-NSK-202606-HEPB-374,PHC-NSK-01,nurse_nsk_01,FALSE,Administered at hospital after delivery.
NSK-2026-0428,Penta,1,Pentavalent-1 (6 Weeks),2026-07-24,2026-07-24,0,UIP-NSK-202607-PENTA-879,PHC-NSK-01,nurse_nsk_01,FALSE,Routine UIP session.
NSK-2026-0428,Rota,1,Rotavirus-1 (6 Weeks),2026-07-24,2026-07-24,0,UIP-NSK-202607-ROTA-961,PHC-NSK-01,nurse_nsk_01,FALSE,Routine UIP session.
NSK-2026-0428,fIPV,1,fIPV-1 (6 Weeks),2026-07-24,2026-07-24,0,UIP-NSK-202607-FIPV-793,PHC-NSK-09,nurse_nsk_09,FALSE,Routine UIP session.
NSK-2026-0428,PCV,1,PCV-1 (6 Weeks),2026-07-24,2026-07-24,0,UIP-NSK-202607-PCV-980,PHC-NSK-01,nurse_nsk_01,FALSE,Routine UIP session.
NSK-2026-0428,OPV,3,OPV-2 (10 Weeks),2026-08-21,2026-08-24,3,UIP-NSK-202608-OPV-303,PHC-NSK-01,nurse_nsk_01,FALSE,Routine UIP session.
NSK-2026-0428,Penta,2,Pentavalent-2 (10 Weeks),2026-08-21,2026-08-21,0,UIP-NSK-202608-PENTA-405,PHC-NSK-01,nurse_nsk_01,FALSE,Routine UIP session.
NSK-2026-0428,Rota,2,Rotavirus-2 (10 Weeks),2026-08-21,2026-08-21,0,UIP-NSK-202608-ROTA-399,PHC-NSK-01,nurse_nsk_01,FALSE,Routine UIP session.
NSK-2026-0428,OPV,4,OPV-3 (14 Weeks),2026-09-18,2026-09-21,3,UIP-NSK-202609-OPV-805,PHC-NSK-01,nurse_nsk_01,FALSE,Routine UIP session.
NSK-2026-0428,Penta,3,Pentavalent-3 (14 Weeks),2026-09-18,2026-09-18,0,UIP-NSK-202609-PENTA-701,PHC-NSK-01,nurse_nsk_01,FALSE,Routine UIP session.
NSK-2026-0428,Rota,3,Rotavirus-3 (14 Weeks),2026-09-18,2026-09-18,0,UIP-NSK-202609-ROTA-219,PHC-NSK-01,nurse_nsk_01,FALSE,Routine UIP session.
NSK-2026-0428,fIPV,2,fIPV-2 (14 Weeks),2026-09-18,2026-09-18,0,UIP-NSK-202609-FIPV-665,PHC-NSK-01,nurse_nsk_01,FALSE,Routine UIP session.
NSK-2026-0428,PCV,2,PCV-2 (14 Weeks),2026-09-18,2026-09-18,0,UIP-NSK-202609-PCV-823,PHC-NSK-01,nurse_nsk_01,FALSE,Routine UIP session.
NSK-2026-0429,BCG,1,BCG (At Birth),2026-01-08,2026-01-08,0,UIP-NSK-202601-BCG-488,PHC-NSK-01,nurse_nsk_01,FALSE,Administered at hospital after delivery.
NSK-2026-0429,OPV,1,OPV Zero Dose (At Birth),2026-01-08,2026-01-08,0,UIP-NSK-202601-OPV-539,PHC-NSK-01,nurse_nsk_01,FALSE,Administered at hospital after delivery.
NSK-2026-0429,HepB,1,Hepatitis B Birth Dose,2026-01-08,2026-01-08,0,UIP-NSK-202601-HEPB-432,PHC-NSK-01,nurse_nsk_01,FALSE,Administered at hospital after delivery.
NSK-2026-0429,OPV,2,OPV-1 (6 Weeks),2026-02-19,2026-02-19,0,UIP-NSK-202602-OPV-831,PHC-NSK-01,nurse_nsk_01,FALSE,Routine UIP session.
NSK-2026-0429,Penta,1,Pentavalent-1 (6 Weeks),2026-02-19,2026-02-21,2,UIP-NSK-202602-PENTA-443,PHC-NSK-01,nurse_nsk_01,FALSE,Routine UIP session.
NSK-2026-0429,Rota,1,Rotavirus-1 (6 Weeks),2026-02-19,2026-02-19,0,UIP-NSK-202602-ROTA-384,PHC-NSK-01,nurse_nsk_01,FALSE,Routine UIP session.
NSK-2026-0429,fIPV,1,fIPV-1 (6 Weeks),2026-02-19,2026-02-19,0,UIP-NSK-202602-FIPV-354,PHC-NSK-01,nurse_nsk_01,FALSE,Routine UIP session.
NSK-2026-0429,PCV,1,PCV-1 (6 Weeks),2026-02-19,2026-02-21,2,UIP-NSK-202602-PCV-715,PHC-NSK-01,nurse_nsk_01,FALSE,Routine UIP session.
NSK-2026-0429,OPV,3,OPV-2 (10 Weeks),2026-03-19,2026-03-19,0,UIP-NSK-202603-OPV-303,PHC-NSK-01,nurse_nsk_01,FALSE,Routine UIP session.
NSK-2026-0429,Penta,2,Pentavalent-2 (10 Weeks),2026-03-19,2026-03-21,2,UIP-NSK-202603-PENTA-977,PHC-NSK-01,nurse_nsk_01,FALSE,Routine UIP session.
NSK-2026-0429,Rota,2,Rotavirus-2 (10 Weeks),2026-03-19,2026-03-19,0,UIP-NSK-202603-ROTA-955,PHC-NSK-01,nurse_nsk_01,FALSE,Routine UIP session.
NSK-2026-0429,OPV,4,OPV-3 (14 Weeks),2026-04-16,2026-04-18,2,UIP-NSK-202604-OPV-801,PHC-NSK-01,nurse_nsk_01,FALSE,Routine UIP session.
NSK-2026-0429,Penta,3,Pentavalent-3 (14 Weeks),2026-04-16,2026-04-18,2,UIP-NSK-202604-PENTA-857,PHC-NSK-01,nurse_nsk_01,FALSE,Routine UIP session.
NSK-2026-0429,Rota,3,Rotavirus-3 (14 Weeks),2026-04-16,2026-04-16,0,UIP-NSK-202604-ROTA-377,PHC-NSK-01,nurse_nsk_01,FALSE,Routine UIP session.
NSK-2026-0429,fIPV,2,fIPV-2 (14 Weeks),2026-04-16,2026-04-16,0,UIP-NSK-202604-FIPV-846,PHC-NSK-01,nurse_nsk_01,FALSE,Routine UIP session.
NSK-2026-0429,PCV,2,PCV-2 (14 Weeks),2026-04-16,2026-04-19,3,UIP-NSK-202604-PCV-906,PHC-NSK-01,nurse_nsk_01,FALSE,Routine UIP session.
NSK-2026-0430,BCG,1,BCG (At Birth),2026-04-08,2026-04-08,0,UIP-NSK-202604-BCG-611,PHC-NSK-01,nurse_nsk_01,FALSE,Administered at hospital after delivery.
NSK-2026-0430,OPV,1,OPV Zero Dose (At Birth),2026-04-08,2026-04-08,0,UIP-NSK-202604-OPV-211,PHC-NSK-02,nurse_nsk_02,FALSE,Administered at hospital after delivery.
NSK-2026-0430,HepB,1,Hepatitis B Birth Dose,2026-04-08,2026-04-08,0,UIP-NSK-202604-HEPB-477,PHC-NSK-02,nurse_nsk_02,FALSE,Administered at hospital after delivery.
NSK-2026-0430,OPV,2,OPV-1 (6 Weeks),2026-05-20,2026-05-31,11,UIP-NSK-202605-OPV-931,PHC-NSK-09,nurse_nsk_09,FALSE,Routine UIP session.
NSK-2026-0430,Penta,1,Pentavalent-1 (6 Weeks),2026-05-20,2026-05-21,1,UIP-NSK-202605-PENTA-837,PHC-NSK-02,nurse_nsk_02,TRUE,Mild fever and local swelling; resolved in 48 hours.
NSK-2026-0430,Rota,1,Rotavirus-1 (6 Weeks),2026-05-20,2026-05-24,4,UIP-NSK-202605-ROTA-745,PHC-NSK-02,nurse_nsk_02,FALSE,Routine UIP session.
NSK-2026-0430,PCV,1,PCV-1 (6 Weeks),2026-05-20,2026-05-27,7,UIP-NSK-202605-PCV-701,PHC-NSK-02,nurse_nsk_02,FALSE,Routine UIP session.
NSK-2026-0430,OPV,3,OPV-2 (10 Weeks),2026-06-17,2026-06-28,11,UIP-NSK-202606-OPV-724,PHC-NSK-02,nurse_nsk_02,FALSE,Routine UIP session.
NSK-2026-0430,Penta,2,Pentavalent-2 (10 Weeks),2026-06-17,2026-06-25,8,UIP-NSK-202606-PENTA-459,PHC-NSK-02,nurse_nsk_02,FALSE,Routine UIP session.
NSK-2026-0430,Rota,2,Rotavirus-2 (10 Weeks),2026-06-17,2026-06-21,4,UIP-NSK-202606-ROTA-890,PHC-NSK-02,nurse_nsk_02,FALSE,Routine UIP session.
NSK-2026-0430,OPV,4,OPV-3 (14 Weeks),2026-07-15,2026-07-31,16,UIP-NSK-202607-OPV-439,PHC-NSK-02,nurse_nsk_02,TRUE,Mild fever and local swelling; resolved in 48 hours.
NSK-2026-0430,Penta,3,Pentavalent-3 (14 Weeks),2026-07-15,2026-07-24,9,UIP-NSK-202607-PENTA-618,PHC-NSK-02,nurse_nsk_02,FALSE,Routine UIP session.
NSK-2026-0430,fIPV,2,fIPV-2 (14 Weeks),2026-07-15,2026-07-22,7,UIP-NSK-202607-FIPV-386,PHC-NSK-02,nurse_nsk_02,FALSE,Routine UIP session.
NSK-2026-0430,PCV,2,PCV-2 (14 Weeks),2026-07-15,2026-07-21,6,UIP-NSK-202607-PCV-552,PHC-NSK-02,nurse_nsk_02,FALSE,Routine UIP session.
NSK-2026-0431,BCG,1,BCG (At Birth),2026-05-10,2026-05-10,0,UIP-NSK-202605-BCG-988,PHC-NSK-06,nurse_nsk_06,FALSE,Administered at hospital after delivery.
NSK-2026-0431,OPV,1,OPV Zero Dose (At Birth),2026-05-10,2026-05-10,0,UIP-NSK-202605-OPV-684,PHC-NSK-06,nurse_nsk_06,FALSE,Administered at hospital after delivery.
NSK-2026-0431,HepB,1,Hepatitis B Birth Dose,2026-05-10,2026-05-10,0,UIP-NSK-202605-HEPB-937,PHC-NSK-06,nurse_nsk_06,FALSE,Administered at hospital after delivery.
NSK-2026-0431,Penta,1,Pentavalent-1 (6 Weeks),2026-06-21,2026-06-24,3,UIP-NSK-202606-PENTA-968,PHC-NSK-06,nurse_nsk_06,FALSE,Routine UIP session.
NSK-2026-0431,Rota,1,Rotavirus-1 (6 Weeks),2026-06-21,2026-06-22,1,UIP-NSK-202606-ROTA-849,PHC-NSK-06,nurse_nsk_06,FALSE,Routine UIP session.
NSK-2026-0431,fIPV,1,fIPV-1 (6 Weeks),2026-06-21,2026-06-27,6,UIP-NSK-202606-FIPV-106,PHC-NSK-06,nurse_nsk_06,FALSE,Routine UIP session.
NSK-2026-0431,PCV,1,PCV-1 (6 Weeks),2026-06-21,2026-07-03,12,UIP-NSK-202607-PCV-414,PHC-NSK-06,nurse_nsk_06,FALSE,Routine UIP session.
NSK-2026-0431,Penta,2,Pentavalent-2 (10 Weeks),2026-07-19,2026-07-23,4,UIP-NSK-202607-PENTA-439,PHC-NSK-06,nurse_nsk_06,FALSE,Routine UIP session.
NSK-2026-0431,Rota,2,Rotavirus-2 (10 Weeks),2026-07-19,2026-07-22,3,UIP-NSK-202607-ROTA-237,PHC-NSK-06,nurse_nsk_06,FALSE,Routine UIP session.
NSK-2026-0431,Penta,3,Pentavalent-3 (14 Weeks),2026-08-16,2026-08-28,12,UIP-NSK-202608-PENTA-827,PHC-NSK-06,nurse_nsk_06,FALSE,Routine UIP session.
NSK-2026-0431,Rota,3,Rotavirus-3 (14 Weeks),2026-08-16,2026-08-26,10,UIP-NSK-202608-ROTA-121,PHC-NSK-10,nurse_nsk_10,FALSE,Routine UIP session.
NSK-2026-0431,fIPV,2,fIPV-2 (14 Weeks),2026-08-16,2026-08-21,5,UIP-NSK-202608-FIPV-851,PHC-NSK-06,nurse_nsk_06,FALSE,Routine UIP session.
NSK-2026-0431,PCV,2,PCV-2 (14 Weeks),2026-08-16,2026-08-18,2,UIP-NSK-202608-PCV-309,PHC-NSK-06,nurse_nsk_06,FALSE,Routine UIP session.
NSK-2026-0432,BCG,1,BCG (At Birth),2026-06-03,2026-06-03,0,UIP-NSK-202606-BCG-897,PHC-NSK-07,nurse_nsk_07,FALSE,Administered at hospital after delivery.
NSK-2026-0432,OPV,1,OPV Zero Dose (At Birth),2026-06-03,2026-06-03,0,UIP-NSK-202606-OPV-163,PHC-NSK-07,nurse_nsk_07,FALSE,Administered at hospital after delivery.
NSK-2026-0432,HepB,1,Hepatitis B Birth Dose,2026-06-03,2026-06-03,0,UIP-NSK-202606-HEPB-365,PHC-NSK-07,nurse_nsk_07,FALSE,Administered at hospital after delivery.
NSK-2026-0432,OPV,2,OPV-1 (6 Weeks),2026-07-15,2026-07-15,0,UIP-NSK-202607-OPV-331,PHC-NSK-07,nurse_nsk_07,FALSE,Routine UIP session.
NSK-2026-0432,Penta,1,Pentavalent-1 (6 Weeks),2026-07-15,2026-07-15,0,UIP-NSK-202607-PENTA-169,PHC-NSK-07,nurse_nsk_07,FALSE,Routine UIP session.
NSK-2026-0432,Rota,1,Rotavirus-1 (6 Weeks),2026-07-15,2026-07-18,3,UIP-NSK-202607-ROTA-388,PHC-NSK-07,nurse_nsk_07,FALSE,Routine UIP session.
NSK-2026-0432,fIPV,1,fIPV-1 (6 Weeks),2026-07-15,2026-07-15,0,UIP-NSK-202607-FIPV-159,PHC-NSK-07,nurse_nsk_07,FALSE,Routine UIP session.
NSK-2026-0432,PCV,1,PCV-1 (6 Weeks),2026-07-15,2026-07-15,0,UIP-NSK-202607-PCV-252,PHC-NSK-07,nurse_nsk_07,FALSE,Routine UIP session.
NSK-2026-0432,OPV,3,OPV-2 (10 Weeks),2026-08-12,2026-08-12,0,UIP-NSK-202608-OPV-374,PHC-NSK-07,nurse_nsk_07,FALSE,Routine UIP session.
NSK-2026-0432,Penta,2,Pentavalent-2 (10 Weeks),2026-08-12,2026-08-12,0,UIP-NSK-202608-PENTA-619,PHC-NSK-07,nurse_nsk_07,FALSE,Routine UIP session.
NSK-2026-0432,Rota,2,Rotavirus-2 (10 Weeks),2026-08-12,2026-08-15,3,UIP-NSK-202608-ROTA-937,PHC-NSK-07,nurse_nsk_07,FALSE,Routine UIP session.
NSK-2026-0432,OPV,4,OPV-3 (14 Weeks),2026-09-09,2026-09-10,1,UIP-NSK-202609-OPV-800,PHC-NSK-07,nurse_nsk_07,FALSE,Routine UIP session.
NSK-2026-0432,Penta,3,Pentavalent-3 (14 Weeks),2026-09-09,2026-09-11,2,UIP-NSK-202609-PENTA-785,PHC-NSK-07,nurse_nsk_07,FALSE,Routine UIP session.
NSK-2026-0432,Rota,3,Rotavirus-3 (14 Weeks),2026-09-09,2026-09-12,3,UIP-NSK-202609-ROTA-825,PHC-NSK-07,nurse_nsk_07,FALSE,Routine UIP session.
NSK-2026-0432,fIPV,2,fIPV-2 (14 Weeks),2026-09-09,2026-09-10,1,UIP-NSK-202609-FIPV-204,PHC-NSK-07,nurse_nsk_07,FALSE,Routine UIP session.
NSK-2026-0432,PCV,2,PCV-2 (14 Weeks),2026-09-09,2026-09-09,0,UIP-NSK-202609-PCV-150,PHC-NSK-07,nurse_nsk_07,FALSE,Routine UIP session.
NSK-2026-0433,BCG,1,BCG (At Birth),2026-09-28,2026-09-28,0,UIP-NSK-202609-BCG-506,PHC-NSK-07,nurse_nsk_07,FALSE,Administered at hospital after delivery.
NSK-2026-0433,OPV,1,OPV Zero Dose (At Birth),2026-09-28,2026-09-28,0,UIP-NSK-202609-OPV-760,PHC-NSK-07,nurse_nsk_07,FALSE,Administered at hospital after delivery.
NSK-2026-0433,HepB,1,Hepatitis B Birth Dose,2026-09-28,2026-09-28,0,UIP-NSK-202609-HEPB-887,PHC-NSK-07,nurse_nsk_07,FALSE,Administered at hospital after delivery.
NSK-2026-0434,BCG,1,BCG (At Birth),2026-06-18,2026-06-18,0,UIP-NSK-202606-BCG-786,PHC-NSK-01,nurse_nsk_01,FALSE,Administered at hospital after delivery.
NSK-2026-0434,HepB,1,Hepatitis B Birth Dose,2026-06-18,2026-06-18,0,UIP-NSK-202606-HEPB-352,PHC-NSK-01,nurse_nsk_01,FALSE,Administered at hospital after delivery.
NSK-2026-0434,Penta,1,Pentavalent-1 (6 Weeks),2026-07-30,2026-08-19,20,UIP-NSK-202608-PENTA-254,PHC-NSK-01,nurse_nsk_01,FALSE,Routine UIP session.
NSK-2026-0434,PCV,1,PCV-1 (6 Weeks),2026-07-30,2026-09-23,55,UIP-NSK-202609-PCV-320,PHC-NSK-01,nurse_nsk_01,FALSE,Routine UIP session.
NSK-2026-0434,fIPV,2,fIPV-2 (14 Weeks),2026-09-24,2026-10-04,10,UIP-NSK-202610-FIPV-656,PHC-NSK-01,nurse_nsk_01,FALSE,Routine UIP session.
NSK-2026-0435,BCG,1,BCG (At Birth),2026-07-17,2026-07-17,0,UIP-NSK-202607-BCG-332,PHC-NSK-05,nurse_nsk_05,FALSE,Administered at hospital after delivery.
NSK-2026-0435,OPV,1,OPV Zero Dose (At Birth),2026-07-17,2026-07-17,0,UIP-NSK-202607-OPV-243,PHC-NSK-05,nurse_nsk_05,FALSE,Administered at hospital after delivery.
NSK-2026-0435,HepB,1,Hepatitis B Birth Dose,2026-07-17,2026-07-17,0,UIP-NSK-202607-HEPB-225,PHC-NSK-05,nurse_nsk_05,FALSE,Administered at hospital after delivery.
NSK-2026-0435,OPV,2,OPV-1 (6 Weeks),2026-08-28,2026-09-02,5,UIP-NSK-202609-OPV-171,PHC-NSK-05,nurse_nsk_05,FALSE,Routine UIP session.
NSK-2026-0435,Penta,1,Pentavalent-1 (6 Weeks),2026-08-28,2026-09-06,9,UIP-NSK-202609-PENTA-197,PHC-NSK-05,nurse_nsk_05,FALSE,Routine UIP session.
NSK-2026-0435,Rota,1,Rotavirus-1 (6 Weeks),2026-08-28,2026-09-03,6,UIP-NSK-202609-ROTA-568,PHC-NSK-05,nurse_nsk_05,FALSE,Routine UIP session.
NSK-2026-0435,PCV,1,PCV-1 (6 Weeks),2026-08-28,2026-09-06,9,UIP-NSK-202609-PCV-245,PHC-NSK-05,nurse_nsk_05,FALSE,Routine UIP session.
NSK-2026-0436,BCG,1,BCG (At Birth),2026-03-03,2026-03-03,0,UIP-NSK-202603-BCG-698,PHC-NSK-08,nurse_nsk_08,FALSE,Administered at hospital after delivery.
NSK-2026-0436,OPV,1,OPV Zero Dose (At Birth),2026-03-03,2026-03-03,0,UIP-NSK-202603-OPV-604,PHC-NSK-05,nurse_nsk_05,FALSE,Administered at hospital after delivery.
NSK-2026-0436,HepB,1,Hepatitis B Birth Dose,2026-03-03,2026-03-03,0,UIP-NSK-202603-HEPB-263,PHC-NSK-08,nurse_nsk_08,FALSE,Administered at hospital after delivery.
NSK-2026-0436,OPV,2,OPV-1 (6 Weeks),2026-04-14,2026-04-14,0,UIP-NSK-202604-OPV-666,PHC-NSK-08,nurse_nsk_08,FALSE,Routine UIP session.
NSK-2026-0436,Penta,1,Pentavalent-1 (6 Weeks),2026-04-14,2026-04-14,0,UIP-NSK-202604-PENTA-520,PHC-NSK-08,nurse_nsk_08,FALSE,Routine UIP session.
NSK-2026-0436,Rota,1,Rotavirus-1 (6 Weeks),2026-04-14,2026-04-14,0,UIP-NSK-202604-ROTA-960,PHC-NSK-08,nurse_nsk_08,FALSE,Routine UIP session.
NSK-2026-0436,fIPV,1,fIPV-1 (6 Weeks),2026-04-14,2026-04-14,0,UIP-NSK-202604-FIPV-921,PHC-NSK-08,nurse_nsk_08,FALSE,Routine UIP session.
NSK-2026-0436,PCV,1,PCV-1 (6 Weeks),2026-04-14,2026-04-14,0,UIP-NSK-202604-PCV-732,PHC-NSK-08,nurse_nsk_08,FALSE,Routine UIP session.
NSK-2026-0436,OPV,3,OPV-2 (10 Weeks),2026-05-12,2026-05-12,0,UIP-NSK-202605-OPV-213,PHC-NSK-08,nurse_nsk_08,FALSE,Routine UIP session.
NSK-2026-0436,Penta,2,Pentavalent-2 (10 Weeks),2026-05-12,2026-05-12,0,UIP-NSK-202605-PENTA-215,PHC-NSK-08,nurse_nsk_08,FALSE,Routine UIP session.
NSK-2026-0436,Rota,2,Rotavirus-2 (10 Weeks),2026-05-12,2026-05-15,3,UIP-NSK-202605-ROTA-618,PHC-NSK-08,nurse_nsk_08,FALSE,Routine UIP session.
NSK-2026-0436,OPV,4,OPV-3 (14 Weeks),2026-06-09,2026-06-09,0,UIP-NSK-202606-OPV-957,PHC-NSK-08,nurse_nsk_08,FALSE,Routine UIP session.
NSK-2026-0436,Penta,3,Pentavalent-3 (14 Weeks),2026-06-09,2026-06-09,0,UIP-NSK-202606-PENTA-684,PHC-NSK-08,nurse_nsk_08,FALSE,Routine UIP session.
NSK-2026-0436,Rota,3,Rotavirus-3 (14 Weeks),2026-06-09,2026-06-12,3,UIP-NSK-202606-ROTA-383,PHC-NSK-07,nurse_nsk_07,FALSE,Routine UIP session.
NSK-2026-0436,fIPV,2,fIPV-2 (14 Weeks),2026-06-09,2026-06-09,0,UIP-NSK-202606-FIPV-691,PHC-NSK-08,nurse_nsk_08,FALSE,Routine UIP session.
NSK-2026-0436,PCV,2,PCV-2 (14 Weeks),2026-06-09,2026-06-09,0,UIP-NSK-202606-PCV-887,PHC-NSK-08,nurse_nsk_08,FALSE,Routine UIP session.
NSK-2026-0437,BCG,1,BCG (At Birth),2026-01-05,2026-01-05,0,UIP-NSK-202601-BCG-227,PHC-NSK-08,nurse_nsk_08,FALSE,Administered at hospital after delivery.
NSK-2026-0437,OPV,1,OPV Zero Dose (At Birth),2026-01-05,2026-01-05,0,UIP-NSK-202601-OPV-566,PHC-NSK-03,nurse_nsk_03,FALSE,Administered at hospital after delivery.
NSK-2026-0437,HepB,1,Hepatitis B Birth Dose,2026-01-05,2026-01-05,0,UIP-NSK-202601-HEPB-769,PHC-NSK-03,nurse_nsk_03,FALSE,Administered at hospital after delivery.
NSK-2026-0437,OPV,2,OPV-1 (6 Weeks),2026-02-16,2026-02-24,8,UIP-NSK-202602-OPV-862,PHC-NSK-03,nurse_nsk_03,FALSE,Routine UIP session.
NSK-2026-0437,Penta,1,Pentavalent-1 (6 Weeks),2026-02-16,2026-02-22,6,UIP-NSK-202602-PENTA-236,PHC-NSK-03,nurse_nsk_03,FALSE,Routine UIP session.
NSK-2026-0437,Rota,1,Rotavirus-1 (6 Weeks),2026-02-16,2026-03-06,18,UIP-NSK-202603-ROTA-280,PHC-NSK-03,nurse_nsk_03,FALSE,Routine UIP session.
NSK-2026-0437,fIPV,1,fIPV-1 (6 Weeks),2026-02-16,2026-03-06,18,UIP-NSK-202603-FIPV-491,PHC-NSK-03,nurse_nsk_03,FALSE,Routine UIP session.
NSK-2026-0437,PCV,1,PCV-1 (6 Weeks),2026-02-16,2026-03-07,19,UIP-NSK-202603-PCV-759,PHC-NSK-03,nurse_nsk_03,FALSE,Routine UIP session.
NSK-2026-0437,OPV,3,OPV-2 (10 Weeks),2026-03-16,2026-03-27,11,UIP-NSK-202603-OPV-455,PHC-NSK-03,nurse_nsk_03,FALSE,Routine UIP session.
NSK-2026-0437,Penta,2,Pentavalent-2 (10 Weeks),2026-03-16,2026-04-04,19,UIP-NSK-202604-PENTA-350,PHC-NSK-03,nurse_nsk_03,FALSE,Routine UIP session.
NSK-2026-0437,Rota,2,Rotavirus-2 (10 Weeks),2026-03-16,2026-04-03,18,UIP-NSK-202604-ROTA-591,PHC-NSK-03,nurse_nsk_03,FALSE,Routine UIP session.
NSK-2026-0437,OPV,4,OPV-3 (14 Weeks),2026-04-13,2026-04-24,11,UIP-NSK-202604-OPV-113,PHC-NSK-03,nurse_nsk_03,FALSE,Routine UIP session.
NSK-2026-0437,Penta,3,Pentavalent-3 (14 Weeks),2026-04-13,2026-05-02,19,UIP-NSK-202605-PENTA-328,PHC-NSK-03,nurse_nsk_03,FALSE,Routine UIP session.
NSK-2026-0437,fIPV,2,fIPV-2 (14 Weeks),2026-04-13,2026-04-30,17,UIP-NSK-202604-FIPV-267,PHC-NSK-03,nurse_nsk_03,FALSE,Routine UIP session.
NSK-2026-0437,PCV,2,PCV-2 (14 Weeks),2026-04-13,2026-04-21,8,UIP-NSK-202604-PCV-712,PHC-NSK-03,nurse_nsk_03,FALSE,Routine UIP session.
NSK-2026-0438,BCG,1,BCG (At Birth),2026-03-10,2026-03-10,0,UIP-NSK-202603-BCG-126,PHC-NSK-05,nurse_nsk_05,FALSE,Administered at hospital after delivery.
NSK-2026-0438,OPV,1,OPV Zero Dose (At Birth),2026-03-10,2026-03-10,0,UIP-NSK-202603-OPV-277,PHC-NSK-05,nurse_nsk_05,FALSE,Administered at hospital after delivery.
NSK-2026-0438,HepB,1,Hepatitis B Birth Dose,2026-03-10,2026-03-10,0,UIP-NSK-202603-HEPB-847,PHC-NSK-05,nurse_nsk_05,FALSE,Administered at hospital after delivery.
NSK-2026-0438,Penta,1,Pentavalent-1 (6 Weeks),2026-04-21,2026-04-24,3,UIP-NSK-202604-PENTA-533,PHC-NSK-05,nurse_nsk_05,FALSE,Routine UIP session.
NSK-2026-0438,fIPV,1,fIPV-1 (6 Weeks),2026-04-21,2026-04-21,0,UIP-NSK-202604-FIPV-971,PHC-NSK-08,nurse_nsk_08,FALSE,Routine UIP session.
NSK-2026-0438,PCV,1,PCV-1 (6 Weeks),2026-04-21,2026-04-21,0,UIP-NSK-202604-PCV-782,PHC-NSK-05,nurse_nsk_05,FALSE,Routine UIP session.
NSK-2026-0438,OPV,3,OPV-2 (10 Weeks),2026-05-19,2026-05-19,0,UIP-NSK-202605-OPV-342,PHC-NSK-05,nurse_nsk_05,FALSE,Routine UIP session.
NSK-2026-0438,Penta,2,Pentavalent-2 (10 Weeks),2026-05-19,2026-05-22,3,UIP-NSK-202605-PENTA-486,PHC-NSK-05,nurse_nsk_05,FALSE,Routine UIP session.
NSK-2026-0438,OPV,4,OPV-3 (14 Weeks),2026-06-16,2026-06-16,0,UIP-NSK-202606-OPV-268,PHC-NSK-01,nurse_nsk_01,FALSE,Routine UIP session.
NSK-2026-0438,Penta,3,Pentavalent-3 (14 Weeks),2026-06-16,2026-06-19,3,UIP-NSK-202606-PENTA-168,PHC-NSK-05,nurse_nsk_05,FALSE,Routine UIP session.
NSK-2026-0438,Rota,3,Rotavirus-3 (14 Weeks),2026-06-16,2026-06-16,0,UIP-NSK-202606-ROTA-769,PHC-NSK-05,nurse_nsk_05,FALSE,Routine UIP session.
NSK-2026-0438,fIPV,2,fIPV-2 (14 Weeks),2026-06-16,2026-06-17,1,UIP-NSK-202606-FIPV-846,PHC-NSK-05,nurse_nsk_05,FALSE,Routine UIP session.
NSK-2026-0438,PCV,2,PCV-2 (14 Weeks),2026-06-16,2026-06-16,0,UIP-NSK-202606-PCV-156,PHC-NSK-01,nurse_nsk_01,FALSE,Routine UIP session.
NSK-2026-0439,BCG,1,BCG (At Birth),2026-02-17,2026-02-17,0,UIP-NSK-202602-BCG-977,PHC-NSK-02,nurse_nsk_02,FALSE,Administered at hospital after delivery.
NSK-2026-0439,OPV,1,OPV Zero Dose (At Birth),2026-02-17,2026-02-17,0,UIP-NSK-202602-OPV-808,PHC-NSK-02,nurse_nsk_02,FALSE,Administered at hospital after delivery.
NSK-2026-0439,HepB,1,Hepatitis B Birth Dose,2026-02-17,2026-02-17,0,UIP-NSK-202602-HEPB-207,PHC-NSK-02,nurse_nsk_02,FALSE,Administered at hospital after delivery.
NSK-2026-0439,OPV,2,OPV-1 (6 Weeks),2026-03-31,2026-03-31,0,UIP-NSK-202603-OPV-910,PHC-NSK-02,nurse_nsk_02,FALSE,Routine UIP session.
NSK-2026-0439,Penta,1,Pentavalent-1 (6 Weeks),2026-03-31,2026-03-31,0,UIP-NSK-202603-PENTA-444,PHC-NSK-02,nurse_nsk_02,FALSE,Routine UIP session.
NSK-2026-0439,Rota,1,Rotavirus-1 (6 Weeks),2026-03-31,2026-03-31,0,UIP-NSK-202603-ROTA-168,PHC-NSK-02,nurse_nsk_02,FALSE,Routine UIP session.
NSK-2026-0439,fIPV,1,fIPV-1 (6 Weeks),2026-03-31,2026-04-01,1,UIP-NSK-202604-FIPV-820,PHC-NSK-02,nurse_nsk_02,FALSE,Routine UIP session.
NSK-2026-0439,PCV,1,PCV-1 (6 Weeks),2026-03-31,2026-03-31,0,UIP-NSK-202603-PCV-102,PHC-NSK-02,nurse_nsk_02,FALSE,Routine UIP session.
NSK-2026-0439,OPV,3,OPV-2 (10 Weeks),2026-04-28,2026-04-28,0,UIP-NSK-202604-OPV-932,PHC-NSK-02,nurse_nsk_02,FALSE,Routine UIP session.
NSK-2026-0439,Penta,2,Pentavalent-2 (10 Weeks),2026-04-28,2026-04-28,0,UIP-NSK-202604-PENTA-801,PHC-NSK-02,nurse_nsk_02,FALSE,Routine UIP session.
NSK-2026-0439,Rota,2,Rotavirus-2 (10 Weeks),2026-04-28,2026-04-28,0,UIP-NSK-202604-ROTA-974,PHC-NSK-02,nurse_nsk_02,FALSE,Routine UIP session.
NSK-2026-0439,OPV,4,OPV-3 (14 Weeks),2026-05-26,2026-05-26,0,UIP-NSK-202605-OPV-727,PHC-NSK-02,nurse_nsk_02,FALSE,Routine UIP session.
NSK-2026-0439,Penta,3,Pentavalent-3 (14 Weeks),2026-05-26,2026-05-26,0,UIP-NSK-202605-PENTA-177,PHC-NSK-02,nurse_nsk_02,FALSE,Routine UIP session.
NSK-2026-0439,Rota,3,Rotavirus-3 (14 Weeks),2026-05-26,2026-05-27,1,UIP-NSK-202605-ROTA-179,PHC-NSK-02,nurse_nsk_02,FALSE,Routine UIP session.
NSK-2026-0439,fIPV,2,fIPV-2 (14 Weeks),2026-05-26,2026-05-27,1,UIP-NSK-202605-FIPV-902,PHC-NSK-02,nurse_nsk_02,FALSE,Routine UIP session.
NSK-2026-0439,PCV,2,PCV-2 (14 Weeks),2026-05-26,2026-05-26,0,UIP-NSK-202605-PCV-275,PHC-NSK-02,nurse_nsk_02,FALSE,Routine UIP session.
NSK-2026-0440,BCG,1,BCG (At Birth),2026-03-23,2026-03-23,0,UIP-NSK-202603-BCG-978,PHC-NSK-04,nurse_nsk_04,FALSE,Administered at hospital after delivery.
NSK-2026-0440,OPV,1,OPV Zero Dose (At Birth),2026-03-23,2026-03-23,0,UIP-NSK-202603-OPV-539,PHC-NSK-04,nurse_nsk_04,FALSE,Administered at hospital after delivery.
NSK-2026-0440,HepB,1,Hepatitis B Birth Dose,2026-03-23,2026-03-23,0,UIP-NSK-202603-HEPB-107,PHC-NSK-04,nurse_nsk_04,FALSE,Administered at hospital after delivery.
NSK-2026-0440,OPV,2,OPV-1 (6 Weeks),2026-05-04,2026-05-04,0,UIP-NSK-202605-OPV-223,PHC-NSK-04,nurse_nsk_04,FALSE,Routine UIP session.
NSK-2026-0440,Penta,1,Pentavalent-1 (6 Weeks),2026-05-04,2026-05-04,0,UIP-NSK-202605-PENTA-868,PHC-NSK-04,nurse_nsk_04,FALSE,Routine UIP session.
NSK-2026-0440,Rota,1,Rotavirus-1 (6 Weeks),2026-05-04,2026-05-04,0,UIP-NSK-202605-ROTA-762,PHC-NSK-04,nurse_nsk_04,FALSE,Routine UIP session.
NSK-2026-0440,fIPV,1,fIPV-1 (6 Weeks),2026-05-04,2026-05-07,3,UIP-NSK-202605-FIPV-374,PHC-NSK-04,nurse_nsk_04,FALSE,Routine UIP session.
NSK-2026-0440,PCV,1,PCV-1 (6 Weeks),2026-05-04,2026-05-04,0,UIP-NSK-202605-PCV-680,PHC-NSK-04,nurse_nsk_04,FALSE,Routine UIP session.
NSK-2026-0440,OPV,3,OPV-2 (10 Weeks),2026-06-01,2026-06-01,0,UIP-NSK-202606-OPV-115,PHC-NSK-04,nurse_nsk_04,FALSE,Routine UIP session.
NSK-2026-0440,Penta,2,Pentavalent-2 (10 Weeks),2026-06-01,2026-06-04,3,UIP-NSK-202606-PENTA-822,PHC-NSK-04,nurse_nsk_04,FALSE,Routine UIP session.
NSK-2026-0440,Rota,2,Rotavirus-2 (10 Weeks),2026-06-01,2026-06-01,0,UIP-NSK-202606-ROTA-254,PHC-NSK-04,nurse_nsk_04,FALSE,Routine UIP session.
NSK-2026-0440,OPV,4,OPV-3 (14 Weeks),2026-06-29,2026-06-29,0,UIP-NSK-202606-OPV-806,PHC-NSK-04,nurse_nsk_04,FALSE,Routine UIP session.
NSK-2026-0440,Penta,3,Pentavalent-3 (14 Weeks),2026-06-29,2026-07-02,3,UIP-NSK-202607-PENTA-141,PHC-NSK-04,nurse_nsk_04,FALSE,Routine UIP session.
NSK-2026-0440,Rota,3,Rotavirus-3 (14 Weeks),2026-06-29,2026-06-29,0,UIP-NSK-202606-ROTA-517,PHC-NSK-04,nurse_nsk_04,FALSE,Routine UIP session.
NSK-2026-0440,fIPV,2,fIPV-2 (14 Weeks),2026-06-29,2026-06-29,0,UIP-NSK-202606-FIPV-780,PHC-NSK-04,nurse_nsk_04,FALSE,Routine UIP session.
NSK-2026-0440,PCV,2,PCV-2 (14 Weeks),2026-06-29,2026-06-29,0,UIP-NSK-202606-PCV-447,PHC-NSK-04,nurse_nsk_04,FALSE,Routine UIP session.
NSK-2026-0441,BCG,1,BCG (At Birth),2026-02-03,2026-02-03,0,UIP-NSK-202602-BCG-428,PHC-NSK-04,nurse_nsk_04,FALSE,Administered at hospital after delivery.
NSK-2026-0441,OPV,1,OPV Zero Dose (At Birth),2026-02-03,2026-02-03,0,UIP-NSK-202602-OPV-381,PHC-NSK-05,nurse_nsk_05,FALSE,Administered at hospital after delivery.
NSK-2026-0441,HepB,1,Hepatitis B Birth Dose,2026-02-03,2026-02-03,0,UIP-NSK-202602-HEPB-821,PHC-NSK-04,nurse_nsk_04,FALSE,Administered at hospital after delivery.
NSK-2026-0441,OPV,2,OPV-1 (6 Weeks),2026-03-17,2026-03-17,0,UIP-NSK-202603-OPV-665,PHC-NSK-04,nurse_nsk_04,FALSE,Routine UIP session.
NSK-2026-0441,Penta,1,Pentavalent-1 (6 Weeks),2026-03-17,2026-03-17,0,UIP-NSK-202603-PENTA-191,PHC-NSK-04,nurse_nsk_04,FALSE,Routine UIP session.
NSK-2026-0441,Rota,1,Rotavirus-1 (6 Weeks),2026-03-17,2026-03-17,0,UIP-NSK-202603-ROTA-714,PHC-NSK-04,nurse_nsk_04,FALSE,Routine UIP session.
NSK-2026-0441,fIPV,1,fIPV-1 (6 Weeks),2026-03-17,2026-03-17,0,UIP-NSK-202603-FIPV-324,PHC-NSK-04,nurse_nsk_04,FALSE,Routine UIP session.
NSK-2026-0441,PCV,1,PCV-1 (6 Weeks),2026-03-17,2026-03-17,0,UIP-NSK-202603-PCV-624,PHC-NSK-04,nurse_nsk_04,FALSE,Routine UIP session.
NSK-2026-0441,OPV,3,OPV-2 (10 Weeks),2026-04-14,2026-04-14,0,UIP-NSK-202604-OPV-816,PHC-NSK-04,nurse_nsk_04,FALSE,Routine UIP session.
NSK-2026-0441,Penta,2,Pentavalent-2 (10 Weeks),2026-04-14,2026-04-14,0,UIP-NSK-202604-PENTA-326,PHC-NSK-04,nurse_nsk_04,FALSE,Routine UIP session.
NSK-2026-0441,Rota,2,Rotavirus-2 (10 Weeks),2026-04-14,2026-04-14,0,UIP-NSK-202604-ROTA-491,PHC-NSK-04,nurse_nsk_04,FALSE,Routine UIP session.
NSK-2026-0441,OPV,4,OPV-3 (14 Weeks),2026-05-12,2026-05-12,0,UIP-NSK-202605-OPV-981,PHC-NSK-04,nurse_nsk_04,FALSE,Routine UIP session.
NSK-2026-0441,Penta,3,Pentavalent-3 (14 Weeks),2026-05-12,2026-05-12,0,UIP-NSK-202605-PENTA-754,PHC-NSK-04,nurse_nsk_04,FALSE,Routine UIP session.
NSK-2026-0441,Rota,3,Rotavirus-3 (14 Weeks),2026-05-12,2026-05-12,0,UIP-NSK-202605-ROTA-236,PHC-NSK-04,nurse_nsk_04,FALSE,Routine UIP session.
NSK-2026-0441,fIPV,2,fIPV-2 (14 Weeks),2026-05-12,2026-05-12,0,UIP-NSK-202605-FIPV-475,PHC-NSK-04,nurse_nsk_04,FALSE,Routine UIP session.
NSK-2026-0441,PCV,2,PCV-2 (14 Weeks),2026-05-12,2026-05-12,0,UIP-NSK-202605-PCV-523,PHC-NSK-04,nurse_nsk_04,FALSE,Routine UIP session.
NSK-2026-0442,BCG,1,BCG (At Birth),2026-04-22,2026-04-22,0,UIP-NSK-202604-BCG-153,PHC-NSK-06,nurse_nsk_06,FALSE,Administered at hospital after delivery.
NSK-2026-0442,OPV,1,OPV Zero Dose (At Birth),2026-04-22,2026-04-22,0,UIP-NSK-202604-OPV-858,PHC-NSK-06,nurse_nsk_06,FALSE,Administered at hospital after delivery.
NSK-2026-0442,HepB,1,Hepatitis B Birth Dose,2026-04-22,2026-05-09,17,UIP-NSK-202605-HEPB-220,PHC-NSK-03,nurse_nsk_03,FALSE,Routine UIP session.
NSK-2026-0442,OPV,2,OPV-1 (6 Weeks),2026-06-03,2026-06-20,17,UIP-NSK-202606-OPV-780,PHC-NSK-06,nurse_nsk_06,FALSE,Routine UIP session.
NSK-2026-0442,Penta,1,Pentavalent-1 (6 Weeks),2026-06-03,2026-06-17,14,UIP-NSK-202606-PENTA-749,PHC-NSK-06,nurse_nsk_06,FALSE,Routine UIP session.
NSK-2026-0442,Rota,1,Rotavirus-1 (6 Weeks),2026-06-03,2026-06-16,13,UIP-NSK-202606-ROTA-308,PHC-NSK-06,nurse_nsk_06,FALSE,Routine UIP session.
NSK-2026-0442,fIPV,1,fIPV-1 (6 Weeks),2026-06-03,2026-06-14,11,UIP-NSK-202606-FIPV-190,PHC-NSK-06,nurse_nsk_06,FALSE,Routine UIP session.
NSK-2026-0442,PCV,1,PCV-1 (6 Weeks),2026-06-03,2026-06-12,9,UIP-NSK-202606-PCV-198,PHC-NSK-06,nurse_nsk_06,FALSE,Routine UIP session.
NSK-2026-0442,OPV,3,OPV-2 (10 Weeks),2026-07-01,2026-07-18,17,UIP-NSK-202607-OPV-135,PHC-NSK-06,nurse_nsk_06,FALSE,Routine UIP session.
NSK-2026-0442,Penta,2,Pentavalent-2 (10 Weeks),2026-07-01,2026-07-15,14,UIP-NSK-202607-PENTA-879,PHC-NSK-06,nurse_nsk_06,FALSE,Routine UIP session.
NSK-2026-0442,Rota,2,Rotavirus-2 (10 Weeks),2026-07-01,2026-07-16,15,UIP-NSK-202607-ROTA-887,PHC-NSK-04,nurse_nsk_04,FALSE,Routine UIP session.
NSK-2026-0442,OPV,4,OPV-3 (14 Weeks),2026-07-29,2026-08-15,17,UIP-NSK-202608-OPV-439,PHC-NSK-06,nurse_nsk_06,FALSE,Routine UIP session.
NSK-2026-0442,Penta,3,Pentavalent-3 (14 Weeks),2026-07-29,2026-08-12,14,UIP-NSK-202608-PENTA-491,PHC-NSK-06,nurse_nsk_06,FALSE,Routine UIP session.
NSK-2026-0442,Rota,3,Rotavirus-3 (14 Weeks),2026-07-29,2026-08-13,15,UIP-NSK-202608-ROTA-198,PHC-NSK-06,nurse_nsk_06,FALSE,Routine UIP session.
NSK-2026-0442,PCV,2,PCV-2 (14 Weeks),2026-07-29,2026-08-03,5,UIP-NSK-202608-PCV-451,PHC-NSK-06,nurse_nsk_06,FALSE,Routine UIP session.
NSK-2026-0443,BCG,1,BCG (At Birth),2026-02-17,2026-02-17,0,UIP-NSK-202602-BCG-690,PHC-NSK-02,nurse_nsk_02,FALSE,Administered at hospital after delivery.
NSK-2026-0443,OPV,1,OPV Zero Dose (At Birth),2026-02-17,2026-02-17,0,UIP-NSK-202602-OPV-103,PHC-NSK-02,nurse_nsk_02,FALSE,Administered at hospital after delivery.
NSK-2026-0443,HepB,1,Hepatitis B Birth Dose,2026-02-17,2026-02-17,0,UIP-NSK-202602-HEPB-132,PHC-NSK-02,nurse_nsk_02,FALSE,Administered at hospital after delivery.
NSK-2026-0443,OPV,2,OPV-1 (6 Weeks),2026-03-31,2026-04-02,2,UIP-NSK-202604-OPV-525,PHC-NSK-02,nurse_nsk_02,FALSE,Routine UIP session.
NSK-2026-0443,Penta,1,Pentavalent-1 (6 Weeks),2026-03-31,2026-04-01,1,UIP-NSK-202604-PENTA-203,PHC-NSK-02,nurse_nsk_02,FALSE,Routine UIP session.
NSK-2026-0443,Rota,1,Rotavirus-1 (6 Weeks),2026-03-31,2026-04-08,8,UIP-NSK-202604-ROTA-185,PHC-NSK-02,nurse_nsk_02,FALSE,Routine UIP session.
NSK-2026-0443,fIPV,1,fIPV-1 (6 Weeks),2026-03-31,2026-03-31,0,UIP-NSK-202603-FIPV-384,PHC-NSK-03,nurse_nsk_03,FALSE,Routine UIP session.
NSK-2026-0443,PCV,1,PCV-1 (6 Weeks),2026-03-31,2026-04-03,3,UIP-NSK-202604-PCV-820,PHC-NSK-02,nurse_nsk_02,FALSE,Routine UIP session.
NSK-2026-0443,OPV,3,OPV-2 (10 Weeks),2026-04-28,2026-04-30,2,UIP-NSK-202604-OPV-477,PHC-NSK-02,nurse_nsk_02,FALSE,Routine UIP session.
NSK-2026-0443,Penta,2,Pentavalent-2 (10 Weeks),2026-04-28,2026-04-29,1,UIP-NSK-202604-PENTA-595,PHC-NSK-02,nurse_nsk_02,FALSE,Routine UIP session.
NSK-2026-0443,Rota,2,Rotavirus-2 (10 Weeks),2026-04-28,2026-05-06,8,UIP-NSK-202605-ROTA-916,PHC-NSK-02,nurse_nsk_02,FALSE,Routine UIP session.
NSK-2026-0443,OPV,4,OPV-3 (14 Weeks),2026-05-26,2026-05-28,2,UIP-NSK-202605-OPV-876,PHC-NSK-02,nurse_nsk_02,FALSE,Routine UIP session.
NSK-2026-0443,Penta,3,Pentavalent-3 (14 Weeks),2026-05-26,2026-05-27,1,UIP-NSK-202605-PENTA-486,PHC-NSK-02,nurse_nsk_02,FALSE,Routine UIP session.
NSK-2026-0443,Rota,3,Rotavirus-3 (14 Weeks),2026-05-26,2026-06-03,8,UIP-NSK-202606-ROTA-629,PHC-NSK-02,nurse_nsk_02,FALSE,Routine UIP session.
NSK-2026-0443,fIPV,2,fIPV-2 (14 Weeks),2026-05-26,2026-05-26,0,UIP-NSK-202605-FIPV-598,PHC-NSK-02,nurse_nsk_02,FALSE,Routine UIP session.
NSK-2026-0443,PCV,2,PCV-2 (14 Weeks),2026-05-26,2026-05-26,0,UIP-NSK-202605-PCV-909,PHC-NSK-02,nurse_nsk_02,FALSE,Routine UIP session.
NSK-2026-0444,BCG,1,BCG (At Birth),2026-02-28,2026-02-28,0,UIP-NSK-202602-BCG-993,PHC-NSK-05,nurse_nsk_05,FALSE,Administered at hospital after delivery.
NSK-2026-0444,OPV,1,OPV Zero Dose (At Birth),2026-02-28,2026-02-28,0,UIP-NSK-202602-OPV-168,PHC-NSK-05,nurse_nsk_05,FALSE,Administered at hospital after delivery.
NSK-2026-0444,HepB,1,Hepatitis B Birth Dose,2026-02-28,2026-02-28,0,UIP-NSK-202602-HEPB-364,PHC-NSK-05,nurse_nsk_05,FALSE,Administered at hospital after delivery.
NSK-2026-0444,OPV,2,OPV-1 (6 Weeks),2026-04-11,2026-04-11,0,UIP-NSK-202604-OPV-400,PHC-NSK-05,nurse_nsk_05,FALSE,Routine UIP session.
NSK-2026-0444,Penta,1,Pentavalent-1 (6 Weeks),2026-04-11,2026-04-11,0,UIP-NSK-202604-PENTA-690,PHC-NSK-05,nurse_nsk_05,FALSE,Routine UIP session.
NSK-2026-0444,Rota,1,Rotavirus-1 (6 Weeks),2026-04-11,2026-04-11,0,UIP-NSK-202604-ROTA-829,PHC-NSK-05,nurse_nsk_05,FALSE,Routine UIP session.
NSK-2026-0444,fIPV,1,fIPV-1 (6 Weeks),2026-04-11,2026-04-13,2,UIP-NSK-202604-FIPV-115,PHC-NSK-05,nurse_nsk_05,FALSE,Routine UIP session.
NSK-2026-0444,PCV,1,PCV-1 (6 Weeks),2026-04-11,2026-04-12,1,UIP-NSK-202604-PCV-626,PHC-NSK-05,nurse_nsk_05,FALSE,Routine UIP session.
NSK-2026-0444,OPV,3,OPV-2 (10 Weeks),2026-05-09,2026-05-09,0,UIP-NSK-202605-OPV-945,PHC-NSK-05,nurse_nsk_05,FALSE,Routine UIP session.
NSK-2026-0444,Penta,2,Pentavalent-2 (10 Weeks),2026-05-09,2026-05-10,1,UIP-NSK-202605-PENTA-327,PHC-NSK-05,nurse_nsk_05,FALSE,Routine UIP session.
NSK-2026-0444,Rota,2,Rotavirus-2 (10 Weeks),2026-05-09,2026-05-11,2,UIP-NSK-202605-ROTA-426,PHC-NSK-05,nurse_nsk_05,FALSE,Routine UIP session.
NSK-2026-0444,OPV,4,OPV-3 (14 Weeks),2026-06-06,2026-06-06,0,UIP-NSK-202606-OPV-273,PHC-NSK-05,nurse_nsk_05,FALSE,Routine UIP session.
NSK-2026-0444,Penta,3,Pentavalent-3 (14 Weeks),2026-06-06,2026-06-07,1,UIP-NSK-202606-PENTA-924,PHC-NSK-05,nurse_nsk_05,FALSE,Routine UIP session.
NSK-2026-0444,Rota,3,Rotavirus-3 (14 Weeks),2026-06-06,2026-06-08,2,UIP-NSK-202606-ROTA-254,PHC-NSK-05,nurse_nsk_05,FALSE,Routine UIP session.
NSK-2026-0444,fIPV,2,fIPV-2 (14 Weeks),2026-06-06,2026-06-06,0,UIP-NSK-202606-FIPV-316,PHC-NSK-02,nurse_nsk_02,FALSE,Routine UIP session.
NSK-2026-0444,PCV,2,PCV-2 (14 Weeks),2026-06-06,2026-06-07,1,UIP-NSK-202606-PCV-474,PHC-NSK-05,nurse_nsk_05,FALSE,Routine UIP session.
NSK-2026-0445,BCG,1,BCG (At Birth),2026-03-10,2026-03-10,0,UIP-NSK-202603-BCG-667,PHC-NSK-04,nurse_nsk_04,FALSE,Administered at hospital after delivery.
NSK-2026-0445,OPV,1,OPV Zero Dose (At Birth),2026-03-10,2026-03-10,0,UIP-NSK-202603-OPV-306,PHC-NSK-04,nurse_nsk_04,FALSE,Administered at hospital after delivery.
NSK-2026-0445,HepB,1,Hepatitis B Birth Dose,2026-03-10,2026-03-10,0,UIP-NSK-202603-HEPB-843,PHC-NSK-04,nurse_nsk_04,FALSE,Administered at hospital after delivery.
NSK-2026-0445,OPV,2,OPV-1 (6 Weeks),2026-04-21,2026-04-21,0,UIP-NSK-202604-OPV-366,PHC-NSK-04,nurse_nsk_04,FALSE,Routine UIP session.
NSK-2026-0445,Penta,1,Pentavalent-1 (6 Weeks),2026-04-21,2026-04-23,2,UIP-NSK-202604-PENTA-424,PHC-NSK-04,nurse_nsk_04,FALSE,Routine UIP session.
NSK-2026-0445,Rota,1,Rotavirus-1 (6 Weeks),2026-04-21,2026-04-21,0,UIP-NSK-202604-ROTA-135,PHC-NSK-04,nurse_nsk_04,FALSE,Routine UIP session.
NSK-2026-0445,fIPV,1,fIPV-1 (6 Weeks),2026-04-21,2026-04-21,0,UIP-NSK-202604-FIPV-374,PHC-NSK-04,nurse_nsk_04,FALSE,Routine UIP session.
NSK-2026-0445,PCV,1,PCV-1 (6 Weeks),2026-04-21,2026-04-21,0,UIP-NSK-202604-PCV-748,PHC-NSK-04,nurse_nsk_04,FALSE,Routine UIP session.
NSK-2026-0445,OPV,3,OPV-2 (10 Weeks),2026-05-19,2026-05-19,0,UIP-NSK-202605-OPV-192,PHC-NSK-04,nurse_nsk_04,FALSE,Routine UIP session.
NSK-2026-0445,Penta,2,Pentavalent-2 (10 Weeks),2026-05-19,2026-05-21,2,UIP-NSK-202605-PENTA-638,PHC-NSK-04,nurse_nsk_04,FALSE,Routine UIP session.
NSK-2026-0445,Rota,2,Rotavirus-2 (10 Weeks),2026-05-19,2026-05-19,0,UIP-NSK-202605-ROTA-527,PHC-NSK-04,nurse_nsk_04,FALSE,Routine UIP session.
NSK-2026-0445,OPV,4,OPV-3 (14 Weeks),2026-06-16,2026-06-16,0,UIP-NSK-202606-OPV-438,PHC-NSK-04,nurse_nsk_04,FALSE,Routine UIP session.
NSK-2026-0445,Penta,3,Pentavalent-3 (14 Weeks),2026-06-16,2026-06-18,2,UIP-NSK-202606-PENTA-591,PHC-NSK-04,nurse_nsk_04,FALSE,Routine UIP session.
NSK-2026-0445,Rota,3,Rotavirus-3 (14 Weeks),2026-06-16,2026-06-22,6,UIP-NSK-202606-ROTA-833,PHC-NSK-04,nurse_nsk_04,FALSE,Routine UIP session.
NSK-2026-0445,fIPV,2,fIPV-2 (14 Weeks),2026-06-16,2026-06-19,3,UIP-NSK-202606-FIPV-203,PHC-NSK-04,nurse_nsk_04,FALSE,Routine UIP session.
NSK-2026-0445,PCV,2,PCV-2 (14 Weeks),2026-06-16,2026-06-17,1,UIP-NSK-202606-PCV-991,PHC-NSK-04,nurse_nsk_04,FALSE,Routine UIP session.
NSK-2026-0446,BCG,1,BCG (At Birth),2026-08-19,2026-08-19,0,UIP-NSK-202608-BCG-201,PHC-NSK-02,nurse_nsk_02,FALSE,Administered at hospital after delivery.
NSK-2026-0446,OPV,1,OPV Zero Dose (At Birth),2026-08-19,2026-08-19,0,UIP-NSK-202608-OPV-365,PHC-NSK-02,nurse_nsk_02,FALSE,Administered at hospital after delivery.
NSK-2026-0446,HepB,1,Hepatitis B Birth Dose,2026-08-19,2026-08-19,0,UIP-NSK-202608-HEPB-781,PHC-NSK-02,nurse_nsk_02,FALSE,Administered at hospital after delivery.
NSK-2026-0446,Rota,1,Rotavirus-1 (6 Weeks),2026-09-30,2026-10-04,4,UIP-NSK-202610-ROTA-330,PHC-NSK-01,nurse_nsk_01,FALSE,Routine UIP session.
NSK-2026-0446,PCV,1,PCV-1 (6 Weeks),2026-09-30,2026-10-04,4,UIP-NSK-202610-PCV-341,PHC-NSK-02,nurse_nsk_02,FALSE,Routine UIP session.
NSK-2026-0447,BCG,1,BCG (At Birth),2026-02-19,2026-02-19,0,UIP-NSK-202602-BCG-878,PHC-NSK-04,nurse_nsk_04,FALSE,Administered at hospital after delivery.
NSK-2026-0447,OPV,1,OPV Zero Dose (At Birth),2026-02-19,2026-02-19,0,UIP-NSK-202602-OPV-507,PHC-NSK-10,nurse_nsk_10,FALSE,Administered at hospital after delivery.
NSK-2026-0447,HepB,1,Hepatitis B Birth Dose,2026-02-19,2026-02-19,0,UIP-NSK-202602-HEPB-131,PHC-NSK-04,nurse_nsk_04,FALSE,Administered at hospital after delivery.
NSK-2026-0447,OPV,2,OPV-1 (6 Weeks),2026-04-02,2026-04-08,6,UIP-NSK-202604-OPV-948,PHC-NSK-04,nurse_nsk_04,FALSE,Routine UIP session.
NSK-2026-0447,Penta,1,Pentavalent-1 (6 Weeks),2026-04-02,2026-04-17,15,UIP-NSK-202604-PENTA-114,PHC-NSK-04,nurse_nsk_04,FALSE,Routine UIP session.
NSK-2026-0447,Rota,1,Rotavirus-1 (6 Weeks),2026-04-02,2026-04-11,9,UIP-NSK-202604-ROTA-948,PHC-NSK-04,nurse_nsk_04,FALSE,Routine UIP session.
NSK-2026-0447,fIPV,1,fIPV-1 (6 Weeks),2026-04-02,2026-04-21,19,UIP-NSK-202604-FIPV-786,PHC-NSK-04,nurse_nsk_04,FALSE,Routine UIP session.
NSK-2026-0447,PCV,1,PCV-1 (6 Weeks),2026-04-02,2026-04-15,13,UIP-NSK-202604-PCV-496,PHC-NSK-04,nurse_nsk_04,FALSE,Routine UIP session.
NSK-2026-0447,OPV,3,OPV-2 (10 Weeks),2026-04-30,2026-05-06,6,UIP-NSK-202605-OPV-322,PHC-NSK-04,nurse_nsk_04,FALSE,Routine UIP session.
NSK-2026-0447,Rota,2,Rotavirus-2 (10 Weeks),2026-04-30,2026-05-14,14,UIP-NSK-202605-ROTA-943,PHC-NSK-04,nurse_nsk_04,FALSE,Routine UIP session.
NSK-2026-0447,OPV,4,OPV-3 (14 Weeks),2026-05-28,2026-06-04,7,UIP-NSK-202606-OPV-252,PHC-NSK-04,nurse_nsk_04,FALSE,Routine UIP session.
NSK-2026-0447,Penta,3,Pentavalent-3 (14 Weeks),2026-05-28,2026-06-02,5,UIP-NSK-202606-PENTA-104,PHC-NSK-04,nurse_nsk_04,FALSE,Routine UIP session.
NSK-2026-0447,Rota,3,Rotavirus-3 (14 Weeks),2026-05-28,2026-06-11,14,UIP-NSK-202606-ROTA-624,PHC-NSK-04,nurse_nsk_04,FALSE,Routine UIP session.
NSK-2026-0447,fIPV,2,fIPV-2 (14 Weeks),2026-05-28,2026-05-30,2,UIP-NSK-202605-FIPV-260,PHC-NSK-04,nurse_nsk_04,FALSE,Routine UIP session.
NSK-2026-0447,PCV,2,PCV-2 (14 Weeks),2026-05-28,2026-06-05,8,UIP-NSK-202606-PCV-612,PHC-NSK-04,nurse_nsk_04,FALSE,Routine UIP session.
NSK-2026-0448,BCG,1,BCG (At Birth),2026-07-07,2026-07-07,0,UIP-NSK-202607-BCG-370,PHC-NSK-10,nurse_nsk_10,FALSE,Administered at hospital after delivery.
NSK-2026-0448,OPV,1,OPV Zero Dose (At Birth),2026-07-07,2026-07-07,0,UIP-NSK-202607-OPV-177,PHC-NSK-10,nurse_nsk_10,FALSE,Administered at hospital after delivery.
NSK-2026-0448,HepB,1,Hepatitis B Birth Dose,2026-07-07,2026-07-07,0,UIP-NSK-202607-HEPB-518,PHC-NSK-03,nurse_nsk_03,FALSE,Administered at hospital after delivery.
NSK-2026-0448,Penta,1,Pentavalent-1 (6 Weeks),2026-08-18,2026-10-03,46,UIP-NSK-202610-PENTA-789,PHC-NSK-10,nurse_nsk_10,FALSE,Routine UIP session.
NSK-2026-0448,fIPV,1,fIPV-1 (6 Weeks),2026-08-18,2026-09-12,25,UIP-NSK-202609-FIPV-613,PHC-NSK-10,nurse_nsk_10,FALSE,Routine UIP session.
NSK-2026-0449,HepB,1,Hepatitis B Birth Dose,2026-08-20,2026-08-20,0,UIP-NSK-202608-HEPB-185,PHC-NSK-02,nurse_nsk_02,FALSE,Administered at hospital after delivery.
NSK-2026-0450,BCG,1,BCG (At Birth),2026-08-05,2026-08-05,0,UIP-NSK-202608-BCG-789,PHC-NSK-07,nurse_nsk_07,FALSE,Administered at hospital after delivery.
NSK-2026-0450,OPV,1,OPV Zero Dose (At Birth),2026-08-05,2026-08-05,0,UIP-NSK-202608-OPV-950,PHC-NSK-07,nurse_nsk_07,FALSE,Administered at hospital after delivery.
NSK-2026-0450,HepB,1,Hepatitis B Birth Dose,2026-08-05,2026-08-05,0,UIP-NSK-202608-HEPB-590,PHC-NSK-07,nurse_nsk_07,FALSE,Administered at hospital after delivery.
NSK-2026-0450,OPV,2,OPV-1 (6 Weeks),2026-09-16,2026-09-16,0,UIP-NSK-202609-OPV-577,PHC-NSK-07,nurse_nsk_07,FALSE,Routine UIP session.
NSK-2026-0450,Penta,1,Pentavalent-1 (6 Weeks),2026-09-16,2026-09-16,0,UIP-NSK-202609-PENTA-674,PHC-NSK-07,nurse_nsk_07,FALSE,Routine UIP session.
NSK-2026-0450,Rota,1,Rotavirus-1 (6 Weeks),2026-09-16,2026-09-17,1,UIP-NSK-202609-ROTA-977,PHC-NSK-07,nurse_nsk_07,FALSE,Routine UIP session.
NSK-2026-0450,fIPV,1,fIPV-1 (6 Weeks),2026-09-16,2026-09-18,2,UIP-NSK-202609-FIPV-975,PHC-NSK-07,nurse_nsk_07,FALSE,Routine UIP session.
NSK-2026-0450,PCV,1,PCV-1 (6 Weeks),2026-09-16,2026-09-18,2,UIP-NSK-202609-PCV-457,PHC-NSK-07,nurse_nsk_07,FALSE,Routine UIP session.
NSK-2026-0451,BCG,1,BCG (At Birth),2026-03-13,2026-03-13,0,UIP-NSK-202603-BCG-395,PHC-NSK-05,nurse_nsk_05,FALSE,Administered at hospital after delivery.
NSK-2026-0451,OPV,1,OPV Zero Dose (At Birth),2026-03-13,2026-03-13,0,UIP-NSK-202603-OPV-882,PHC-NSK-05,nurse_nsk_05,FALSE,Administered at hospital after delivery.
NSK-2026-0451,HepB,1,Hepatitis B Birth Dose,2026-03-13,2026-03-13,0,UIP-NSK-202603-HEPB-228,PHC-NSK-05,nurse_nsk_05,FALSE,Administered at hospital after delivery.
NSK-2026-0451,OPV,2,OPV-1 (6 Weeks),2026-04-24,2026-04-24,0,UIP-NSK-202604-OPV-208,PHC-NSK-05,nurse_nsk_05,FALSE,Routine UIP session.
NSK-2026-0451,Penta,1,Pentavalent-1 (6 Weeks),2026-04-24,2026-04-26,2,UIP-NSK-202604-PENTA-648,PHC-NSK-05,nurse_nsk_05,FALSE,Routine UIP session.
NSK-2026-0451,Rota,1,Rotavirus-1 (6 Weeks),2026-04-24,2026-04-27,3,UIP-NSK-202604-ROTA-859,PHC-NSK-05,nurse_nsk_05,FALSE,Routine UIP session.
NSK-2026-0451,fIPV,1,fIPV-1 (6 Weeks),2026-04-24,2026-04-24,0,UIP-NSK-202604-FIPV-207,PHC-NSK-05,nurse_nsk_05,FALSE,Routine UIP session.
NSK-2026-0451,PCV,1,PCV-1 (6 Weeks),2026-04-24,2026-04-24,0,UIP-NSK-202604-PCV-807,PHC-NSK-05,nurse_nsk_05,FALSE,Routine UIP session.
NSK-2026-0451,Penta,2,Pentavalent-2 (10 Weeks),2026-05-22,2026-05-24,2,UIP-NSK-202605-PENTA-353,PHC-NSK-05,nurse_nsk_05,FALSE,Routine UIP session.
NSK-2026-0451,Rota,2,Rotavirus-2 (10 Weeks),2026-05-22,2026-05-25,3,UIP-NSK-202605-ROTA-685,PHC-NSK-05,nurse_nsk_05,FALSE,Routine UIP session.
NSK-2026-0451,OPV,4,OPV-3 (14 Weeks),2026-06-19,2026-06-19,0,UIP-NSK-202606-OPV-916,PHC-NSK-05,nurse_nsk_05,FALSE,Routine UIP session.
NSK-2026-0451,Penta,3,Pentavalent-3 (14 Weeks),2026-06-19,2026-06-22,3,UIP-NSK-202606-PENTA-418,PHC-NSK-05,nurse_nsk_05,FALSE,Routine UIP session.
NSK-2026-0451,Rota,3,Rotavirus-3 (14 Weeks),2026-06-19,2026-06-22,3,UIP-NSK-202606-ROTA-501,PHC-NSK-05,nurse_nsk_05,FALSE,Routine UIP session.
NSK-2026-0451,fIPV,2,fIPV-2 (14 Weeks),2026-06-19,2026-06-19,0,UIP-NSK-202606-FIPV-607,PHC-NSK-05,nurse_nsk_05,FALSE,Routine UIP session.
NSK-2026-0451,PCV,2,PCV-2 (14 Weeks),2026-06-19,2026-06-19,0,UIP-NSK-202606-PCV-264,PHC-NSK-05,nurse_nsk_05,FALSE,Routine UIP session.
NSK-2026-0452,BCG,1,BCG (At Birth),2026-01-12,2026-01-12,0,UIP-NSK-202601-BCG-378,PHC-NSK-07,nurse_nsk_07,FALSE,Administered at hospital after delivery.
NSK-2026-0452,OPV,1,OPV Zero Dose (At Birth),2026-01-12,2026-01-12,0,UIP-NSK-202601-OPV-916,PHC-NSK-07,nurse_nsk_07,FALSE,Administered at hospital after delivery.
NSK-2026-0452,HepB,1,Hepatitis B Birth Dose,2026-01-12,2026-01-12,0,UIP-NSK-202601-HEPB-987,PHC-NSK-07,nurse_nsk_07,FALSE,Administered at hospital after delivery.
NSK-2026-0452,OPV,2,OPV-1 (6 Weeks),2026-02-23,2026-02-23,0,UIP-NSK-202602-OPV-429,PHC-NSK-07,nurse_nsk_07,FALSE,Routine UIP session.
NSK-2026-0452,Penta,1,Pentavalent-1 (6 Weeks),2026-02-23,2026-02-23,0,UIP-NSK-202602-PENTA-891,PHC-NSK-07,nurse_nsk_07,FALSE,Routine UIP session.
NSK-2026-0452,Rota,1,Rotavirus-1 (6 Weeks),2026-02-23,2026-02-23,0,UIP-NSK-202602-ROTA-395,PHC-NSK-07,nurse_nsk_07,FALSE,Routine UIP session.
NSK-2026-0452,fIPV,1,fIPV-1 (6 Weeks),2026-02-23,2026-02-23,0,UIP-NSK-202602-FIPV-909,PHC-NSK-01,nurse_nsk_01,FALSE,Routine UIP session.
NSK-2026-0452,PCV,1,PCV-1 (6 Weeks),2026-02-23,2026-02-23,0,UIP-NSK-202602-PCV-349,PHC-NSK-07,nurse_nsk_07,FALSE,Routine UIP session.
NSK-2026-0452,OPV,3,OPV-2 (10 Weeks),2026-03-23,2026-03-26,3,UIP-NSK-202603-OPV-479,PHC-NSK-07,nurse_nsk_07,FALSE,Routine UIP session.
NSK-2026-0452,Penta,2,Pentavalent-2 (10 Weeks),2026-03-23,2026-03-23,0,UIP-NSK-202603-PENTA-466,PHC-NSK-07,nurse_nsk_07,FALSE,Routine UIP session.
NSK-2026-0452,Rota,2,Rotavirus-2 (10 Weeks),2026-03-23,2026-03-23,0,UIP-NSK-202603-ROTA-313,PHC-NSK-07,nurse_nsk_07,FALSE,Routine UIP session.
NSK-2026-0452,OPV,4,OPV-3 (14 Weeks),2026-04-20,2026-04-23,3,UIP-NSK-202604-OPV-907,PHC-NSK-08,nurse_nsk_08,FALSE,Routine UIP session.
NSK-2026-0452,Penta,3,Pentavalent-3 (14 Weeks),2026-04-20,2026-04-20,0,UIP-NSK-202604-PENTA-375,PHC-NSK-07,nurse_nsk_07,FALSE,Routine UIP session.
NSK-2026-0452,Rota,3,Rotavirus-3 (14 Weeks),2026-04-20,2026-04-20,0,UIP-NSK-202604-ROTA-108,PHC-NSK-07,nurse_nsk_07,TRUE,Mild fever and local swelling; resolved in 48 hours.
NSK-2026-0452,fIPV,2,fIPV-2 (14 Weeks),2026-04-20,2026-04-21,1,UIP-NSK-202604-FIPV-774,PHC-NSK-07,nurse_nsk_07,TRUE,Mild fever and local swelling; resolved in 48 hours.
NSK-2026-0452,PCV,2,PCV-2 (14 Weeks),2026-04-20,2026-04-20,0,UIP-NSK-202604-PCV-261,PHC-NSK-07,nurse_nsk_07,FALSE,Routine UIP session.
NSK-2026-0453,BCG,1,BCG (At Birth),2026-08-03,2026-08-03,0,UIP-NSK-202608-BCG-387,PHC-NSK-03,nurse_nsk_03,FALSE,Administered at hospital after delivery.
NSK-2026-0453,OPV,1,OPV Zero Dose (At Birth),2026-08-03,2026-08-03,0,UIP-NSK-202608-OPV-418,PHC-NSK-03,nurse_nsk_03,FALSE,Administered at hospital after delivery.
NSK-2026-0453,HepB,1,Hepatitis B Birth Dose,2026-08-03,2026-08-04,1,UIP-NSK-202608-HEPB-931,PHC-NSK-03,nurse_nsk_03,FALSE,Routine UIP session.
NSK-2026-0453,OPV,2,OPV-1 (6 Weeks),2026-09-14,2026-09-14,0,UIP-NSK-202609-OPV-624,PHC-NSK-03,nurse_nsk_03,FALSE,Routine UIP session.
NSK-2026-0453,Penta,1,Pentavalent-1 (6 Weeks),2026-09-14,2026-09-14,0,UIP-NSK-202609-PENTA-205,PHC-NSK-03,nurse_nsk_03,FALSE,Routine UIP session.
NSK-2026-0453,Rota,1,Rotavirus-1 (6 Weeks),2026-09-14,2026-09-14,0,UIP-NSK-202609-ROTA-950,PHC-NSK-03,nurse_nsk_03,FALSE,Routine UIP session.
NSK-2026-0453,fIPV,1,fIPV-1 (6 Weeks),2026-09-14,2026-09-14,0,UIP-NSK-202609-FIPV-109,PHC-NSK-03,nurse_nsk_03,FALSE,Routine UIP session.
NSK-2026-0453,PCV,1,PCV-1 (6 Weeks),2026-09-14,2026-09-14,0,UIP-NSK-202609-PCV-374,PHC-NSK-03,nurse_nsk_03,FALSE,Routine UIP session.
NSK-2026-0454,BCG,1,BCG (At Birth),2026-01-08,2026-01-08,0,UIP-NSK-202601-BCG-546,PHC-NSK-04,nurse_nsk_04,FALSE,Administered at hospital after delivery.
NSK-2026-0454,OPV,1,OPV Zero Dose (At Birth),2026-01-08,2026-01-08,0,UIP-NSK-202601-OPV-355,PHC-NSK-04,nurse_nsk_04,FALSE,Administered at hospital after delivery.
NSK-2026-0454,HepB,1,Hepatitis B Birth Dose,2026-01-08,2026-01-08,0,UIP-NSK-202601-HEPB-128,PHC-NSK-04,nurse_nsk_04,FALSE,Administered at hospital after delivery.
NSK-2026-0454,OPV,2,OPV-1 (6 Weeks),2026-02-19,2026-02-22,3,UIP-NSK-202602-OPV-548,PHC-NSK-04,nurse_nsk_04,FALSE,Routine UIP session.
NSK-2026-0454,Penta,1,Pentavalent-1 (6 Weeks),2026-02-19,2026-02-19,0,UIP-NSK-202602-PENTA-388,PHC-NSK-04,nurse_nsk_04,FALSE,Routine UIP session.
NSK-2026-0454,Rota,1,Rotavirus-1 (6 Weeks),2026-02-19,2026-02-19,0,UIP-NSK-202602-ROTA-665,PHC-NSK-04,nurse_nsk_04,FALSE,Routine UIP session.
NSK-2026-0454,fIPV,1,fIPV-1 (6 Weeks),2026-02-19,2026-02-20,1,UIP-NSK-202602-FIPV-530,PHC-NSK-06,nurse_nsk_06,FALSE,Routine UIP session.
NSK-2026-0454,PCV,1,PCV-1 (6 Weeks),2026-02-19,2026-02-19,0,UIP-NSK-202602-PCV-114,PHC-NSK-04,nurse_nsk_04,FALSE,Routine UIP session.
NSK-2026-0454,OPV,3,OPV-2 (10 Weeks),2026-03-19,2026-03-22,3,UIP-NSK-202603-OPV-714,PHC-NSK-07,nurse_nsk_07,FALSE,Routine UIP session.
NSK-2026-0454,Penta,2,Pentavalent-2 (10 Weeks),2026-03-19,2026-03-19,0,UIP-NSK-202603-PENTA-149,PHC-NSK-04,nurse_nsk_04,FALSE,Routine UIP session.
NSK-2026-0454,Rota,2,Rotavirus-2 (10 Weeks),2026-03-19,2026-03-19,0,UIP-NSK-202603-ROTA-764,PHC-NSK-04,nurse_nsk_04,FALSE,Routine UIP session.
NSK-2026-0454,OPV,4,OPV-3 (14 Weeks),2026-04-16,2026-04-19,3,UIP-NSK-202604-OPV-235,PHC-NSK-04,nurse_nsk_04,FALSE,Routine UIP session.
NSK-2026-0454,Penta,3,Pentavalent-3 (14 Weeks),2026-04-16,2026-04-18,2,UIP-NSK-202604-PENTA-864,PHC-NSK-04,nurse_nsk_04,FALSE,Routine UIP session.
NSK-2026-0454,Rota,3,Rotavirus-3 (14 Weeks),2026-04-16,2026-04-19,3,UIP-NSK-202604-ROTA-594,PHC-NSK-04,nurse_nsk_04,FALSE,Routine UIP session.
NSK-2026-0454,fIPV,2,fIPV-2 (14 Weeks),2026-04-16,2026-04-16,0,UIP-NSK-202604-FIPV-407,PHC-NSK-04,nurse_nsk_04,FALSE,Routine UIP session.
NSK-2026-0454,PCV,2,PCV-2 (14 Weeks),2026-04-16,2026-04-16,0,UIP-NSK-202604-PCV-374,PHC-NSK-04,nurse_nsk_04,FALSE,Routine UIP session.
NSK-2026-0455,BCG,1,BCG (At Birth),2026-02-22,2026-02-22,0,UIP-NSK-202602-BCG-378,PHC-NSK-09,nurse_nsk_09,FALSE,Administered at hospital after delivery.
NSK-2026-0455,OPV,1,OPV Zero Dose (At Birth),2026-02-22,2026-02-22,0,UIP-NSK-202602-OPV-526,PHC-NSK-09,nurse_nsk_09,FALSE,Administered at hospital after delivery.
NSK-2026-0455,HepB,1,Hepatitis B Birth Dose,2026-02-22,2026-02-22,0,UIP-NSK-202602-HEPB-571,PHC-NSK-09,nurse_nsk_09,FALSE,Administered at hospital after delivery.
NSK-2026-0455,OPV,2,OPV-1 (6 Weeks),2026-04-05,2026-04-05,0,UIP-NSK-202604-OPV-187,PHC-NSK-09,nurse_nsk_09,FALSE,Routine UIP session.
NSK-2026-0455,Penta,1,Pentavalent-1 (6 Weeks),2026-04-05,2026-04-05,0,UIP-NSK-202604-PENTA-476,PHC-NSK-09,nurse_nsk_09,FALSE,Routine UIP session.
NSK-2026-0455,Rota,1,Rotavirus-1 (6 Weeks),2026-04-05,2026-04-05,0,UIP-NSK-202604-ROTA-835,PHC-NSK-03,nurse_nsk_03,FALSE,Routine UIP session.
NSK-2026-0455,fIPV,1,fIPV-1 (6 Weeks),2026-04-05,2026-04-05,0,UIP-NSK-202604-FIPV-899,PHC-NSK-09,nurse_nsk_09,FALSE,Routine UIP session.
NSK-2026-0455,PCV,1,PCV-1 (6 Weeks),2026-04-05,2026-04-08,3,UIP-NSK-202604-PCV-107,PHC-NSK-09,nurse_nsk_09,FALSE,Routine UIP session.
NSK-2026-0455,OPV,3,OPV-2 (10 Weeks),2026-05-03,2026-05-05,2,UIP-NSK-202605-OPV-474,PHC-NSK-09,nurse_nsk_09,FALSE,Routine UIP session.
NSK-2026-0455,Penta,2,Pentavalent-2 (10 Weeks),2026-05-03,2026-05-03,0,UIP-NSK-202605-PENTA-541,PHC-NSK-09,nurse_nsk_09,FALSE,Routine UIP session.
NSK-2026-0455,Rota,2,Rotavirus-2 (10 Weeks),2026-05-03,2026-05-08,5,UIP-NSK-202605-ROTA-304,PHC-NSK-09,nurse_nsk_09,FALSE,Routine UIP session.
NSK-2026-0455,OPV,4,OPV-3 (14 Weeks),2026-05-31,2026-06-02,2,UIP-NSK-202606-OPV-172,PHC-NSK-09,nurse_nsk_09,FALSE,Routine UIP session.
NSK-2026-0455,Penta,3,Pentavalent-3 (14 Weeks),2026-05-31,2026-05-31,0,UIP-NSK-202605-PENTA-151,PHC-NSK-09,nurse_nsk_09,FALSE,Routine UIP session.
NSK-2026-0455,Rota,3,Rotavirus-3 (14 Weeks),2026-05-31,2026-06-05,5,UIP-NSK-202606-ROTA-658,PHC-NSK-09,nurse_nsk_09,FALSE,Routine UIP session.
NSK-2026-0455,fIPV,2,fIPV-2 (14 Weeks),2026-05-31,2026-05-31,0,UIP-NSK-202605-FIPV-572,PHC-NSK-09,nurse_nsk_09,FALSE,Routine UIP session.
NSK-2026-0455,PCV,2,PCV-2 (14 Weeks),2026-05-31,2026-06-03,3,UIP-NSK-202606-PCV-530,PHC-NSK-09,nurse_nsk_09,FALSE,Routine UIP session.
NSK-2026-0456,BCG,1,BCG (At Birth),2026-05-08,2026-05-08,0,UIP-NSK-202605-BCG-512,PHC-NSK-07,nurse_nsk_07,FALSE,Administered at hospital after delivery.
NSK-2026-0456,OPV,1,OPV Zero Dose (At Birth),2026-05-08,2026-05-08,0,UIP-NSK-202605-OPV-106,PHC-NSK-07,nurse_nsk_07,FALSE,Administered at hospital after delivery.
NSK-2026-0456,HepB,1,Hepatitis B Birth Dose,2026-05-08,2026-05-08,0,UIP-NSK-202605-HEPB-193,PHC-NSK-07,nurse_nsk_07,FALSE,Administered at hospital after delivery.
NSK-2026-0456,OPV,2,OPV-1 (6 Weeks),2026-06-19,2026-06-22,3,UIP-NSK-202606-OPV-796,PHC-NSK-07,nurse_nsk_07,FALSE,Routine UIP session.
NSK-2026-0456,Penta,1,Pentavalent-1 (6 Weeks),2026-06-19,2026-06-19,0,UIP-NSK-202606-PENTA-232,PHC-NSK-07,nurse_nsk_07,FALSE,Routine UIP session.
NSK-2026-0456,Rota,1,Rotavirus-1 (6 Weeks),2026-06-19,2026-06-19,0,UIP-NSK-202606-ROTA-816,PHC-NSK-07,nurse_nsk_07,FALSE,Routine UIP session.
NSK-2026-0456,fIPV,1,fIPV-1 (6 Weeks),2026-06-19,2026-06-19,0,UIP-NSK-202606-FIPV-755,PHC-NSK-07,nurse_nsk_07,FALSE,Routine UIP session.
NSK-2026-0456,PCV,1,PCV-1 (6 Weeks),2026-06-19,2026-06-20,1,UIP-NSK-202606-PCV-305,PHC-NSK-07,nurse_nsk_07,FALSE,Routine UIP session.
NSK-2026-0456,OPV,3,OPV-2 (10 Weeks),2026-07-17,2026-07-20,3,UIP-NSK-202607-OPV-504,PHC-NSK-07,nurse_nsk_07,FALSE,Routine UIP session.
NSK-2026-0456,Penta,2,Pentavalent-2 (10 Weeks),2026-07-17,2026-07-19,2,UIP-NSK-202607-PENTA-462,PHC-NSK-07,nurse_nsk_07,FALSE,Routine UIP session.
NSK-2026-0456,Rota,2,Rotavirus-2 (10 Weeks),2026-07-17,2026-07-17,0,UIP-NSK-202607-ROTA-817,PHC-NSK-07,nurse_nsk_07,FALSE,Routine UIP session.
NSK-2026-0456,OPV,4,OPV-3 (14 Weeks),2026-08-14,2026-08-17,3,UIP-NSK-202608-OPV-779,PHC-NSK-07,nurse_nsk_07,FALSE,Routine UIP session.
NSK-2026-0456,Penta,3,Pentavalent-3 (14 Weeks),2026-08-14,2026-08-16,2,UIP-NSK-202608-PENTA-133,PHC-NSK-07,nurse_nsk_07,FALSE,Routine UIP session.
NSK-2026-0456,Rota,3,Rotavirus-3 (14 Weeks),2026-08-14,2026-08-14,0,UIP-NSK-202608-ROTA-152,PHC-NSK-07,nurse_nsk_07,FALSE,Routine UIP session.
NSK-2026-0456,fIPV,2,fIPV-2 (14 Weeks),2026-08-14,2026-08-14,0,UIP-NSK-202608-FIPV-783,PHC-NSK-07,nurse_nsk_07,FALSE,Routine UIP session.
NSK-2026-0456,PCV,2,PCV-2 (14 Weeks),2026-08-14,2026-08-14,0,UIP-NSK-202608-PCV-272,PHC-NSK-08,nurse_nsk_08,FALSE,Routine UIP session.
NSK-2026-0457,BCG,1,BCG (At Birth),2026-03-09,2026-03-09,0,UIP-NSK-202603-BCG-977,PHC-NSK-10,nurse_nsk_10,FALSE,Administered at hospital after delivery.
NSK-2026-0457,OPV,1,OPV Zero Dose (At Birth),2026-03-09,2026-03-28,19,UIP-NSK-202603-OPV-331,PHC-NSK-10,nurse_nsk_10,FALSE,Routine UIP session.
NSK-2026-0457,HepB,1,Hepatitis B Birth Dose,2026-03-09,2026-03-09,0,UIP-NSK-202603-HEPB-902,PHC-NSK-10,nurse_nsk_10,FALSE,Administered at hospital after delivery.
NSK-2026-0457,OPV,2,OPV-1 (6 Weeks),2026-04-20,2026-05-02,12,UIP-NSK-202605-OPV-206,PHC-NSK-10,nurse_nsk_10,FALSE,Routine UIP session.
NSK-2026-0457,Penta,1,Pentavalent-1 (6 Weeks),2026-04-20,2026-04-25,5,UIP-NSK-202604-PENTA-783,PHC-NSK-10,nurse_nsk_10,FALSE,Routine UIP session.
NSK-2026-0457,Rota,1,Rotavirus-1 (6 Weeks),2026-04-20,2026-04-24,4,UIP-NSK-202604-ROTA-608,PHC-NSK-10,nurse_nsk_10,FALSE,Routine UIP session.
NSK-2026-0457,fIPV,1,fIPV-1 (6 Weeks),2026-04-20,2026-05-03,13,UIP-NSK-202605-FIPV-897,PHC-NSK-10,nurse_nsk_10,FALSE,Routine UIP session.
NSK-2026-0457,PCV,1,PCV-1 (6 Weeks),2026-04-20,2026-04-24,4,UIP-NSK-202604-PCV-165,PHC-NSK-10,nurse_nsk_10,FALSE,Routine UIP session.
NSK-2026-0457,OPV,3,OPV-2 (10 Weeks),2026-05-18,2026-05-30,12,UIP-NSK-202605-OPV-944,PHC-NSK-10,nurse_nsk_10,FALSE,Routine UIP session.
NSK-2026-0457,Penta,2,Pentavalent-2 (10 Weeks),2026-05-18,2026-05-30,12,UIP-NSK-202605-PENTA-245,PHC-NSK-10,nurse_nsk_10,FALSE,Routine UIP session.
NSK-2026-0457,Rota,2,Rotavirus-2 (10 Weeks),2026-05-18,2026-05-25,7,UIP-NSK-202605-ROTA-909,PHC-NSK-10,nurse_nsk_10,FALSE,Routine UIP session.
NSK-2026-0457,OPV,4,OPV-3 (14 Weeks),2026-06-15,2026-06-29,14,UIP-NSK-202606-OPV-225,PHC-NSK-10,nurse_nsk_10,FALSE,Routine UIP session.
NSK-2026-0457,Penta,3,Pentavalent-3 (14 Weeks),2026-06-15,2026-06-27,12,UIP-NSK-202606-PENTA-978,PHC-NSK-05,nurse_nsk_05,FALSE,Routine UIP session.
NSK-2026-0457,Rota,3,Rotavirus-3 (14 Weeks),2026-06-15,2026-07-03,18,UIP-NSK-202607-ROTA-616,PHC-NSK-10,nurse_nsk_10,FALSE,Routine UIP session.
NSK-2026-0457,PCV,2,PCV-2 (14 Weeks),2026-06-15,2026-06-22,7,UIP-NSK-202606-PCV-817,PHC-NSK-10,nurse_nsk_10,FALSE,Routine UIP session.
NSK-2026-0458,BCG,1,BCG (At Birth),2026-05-31,2026-05-31,0,UIP-NSK-202605-BCG-535,PHC-NSK-03,nurse_nsk_03,FALSE,Administered at hospital after delivery.
NSK-2026-0458,OPV,1,OPV Zero Dose (At Birth),2026-05-31,2026-05-31,0,UIP-NSK-202605-OPV-340,PHC-NSK-03,nurse_nsk_03,FALSE,Administered at hospital after delivery.
NSK-2026-0458,OPV,2,OPV-1 (6 Weeks),2026-07-12,2026-07-20,8,UIP-NSK-202607-OPV-721,PHC-NSK-04,nurse_nsk_04,FALSE,Routine UIP session.
NSK-2026-0458,Penta,1,Pentavalent-1 (6 Weeks),2026-07-12,2026-07-16,4,UIP-NSK-202607-PENTA-594,PHC-NSK-01,nurse_nsk_01,FALSE,Routine UIP session.
NSK-2026-0458,Rota,1,Rotavirus-1 (6 Weeks),2026-07-12,2026-07-24,12,UIP-NSK-202607-ROTA-392,PHC-NSK-07,nurse_nsk_07,FALSE,Routine UIP session.
NSK-2026-0458,fIPV,1,fIPV-1 (6 Weeks),2026-07-12,2026-07-17,5,UIP-NSK-202607-FIPV-954,PHC-NSK-03,nurse_nsk_03,FALSE,Routine UIP session.
NSK-2026-0458,PCV,1,PCV-1 (6 Weeks),2026-07-12,2026-07-25,13,UIP-NSK-202607-PCV-100,PHC-NSK-03,nurse_nsk_03,FALSE,Routine UIP session.
NSK-2026-0458,OPV,3,OPV-2 (10 Weeks),2026-08-09,2026-08-17,8,UIP-NSK-202608-OPV-316,PHC-NSK-03,nurse_nsk_03,FALSE,Routine UIP session.
NSK-2026-0458,Penta,2,Pentavalent-2 (10 Weeks),2026-08-09,2026-08-13,4,UIP-NSK-202608-PENTA-157,PHC-NSK-03,nurse_nsk_03,FALSE,Routine UIP session.
NSK-2026-0458,Rota,2,Rotavirus-2 (10 Weeks),2026-08-09,2026-08-21,12,UIP-NSK-202608-ROTA-341,PHC-NSK-03,nurse_nsk_03,FALSE,Routine UIP session.
NSK-2026-0458,OPV,4,OPV-3 (14 Weeks),2026-09-06,2026-09-14,8,UIP-NSK-202609-OPV-861,PHC-NSK-03,nurse_nsk_03,FALSE,Routine UIP session.
NSK-2026-0458,Penta,3,Pentavalent-3 (14 Weeks),2026-09-06,2026-09-12,6,UIP-NSK-202609-PENTA-465,PHC-NSK-03,nurse_nsk_03,FALSE,Routine UIP session.
NSK-2026-0458,Rota,3,Rotavirus-3 (14 Weeks),2026-09-06,2026-09-18,12,UIP-NSK-202609-ROTA-158,PHC-NSK-03,nurse_nsk_03,FALSE,Routine UIP session.
NSK-2026-0458,fIPV,2,fIPV-2 (14 Weeks),2026-09-06,2026-09-12,6,UIP-NSK-202609-FIPV-863,PHC-NSK-03,nurse_nsk_03,FALSE,Routine UIP session.
NSK-2026-0458,PCV,2,PCV-2 (14 Weeks),2026-09-06,2026-09-08,2,UIP-NSK-202609-PCV-704,PHC-NSK-03,nurse_nsk_03,FALSE,Routine UIP session.
NSK-2026-0459,BCG,1,BCG (At Birth),2026-04-17,2026-04-17,0,UIP-NSK-202604-BCG-161,PHC-NSK-03,nurse_nsk_03,FALSE,Administered at hospital after delivery.
NSK-2026-0459,OPV,1,OPV Zero Dose (At Birth),2026-04-17,2026-04-17,0,UIP-NSK-202604-OPV-415,PHC-NSK-03,nurse_nsk_03,FALSE,Administered at hospital after delivery.
NSK-2026-0459,HepB,1,Hepatitis B Birth Dose,2026-04-17,2026-04-17,0,UIP-NSK-202604-HEPB-770,PHC-NSK-03,nurse_nsk_03,FALSE,Administered at hospital after delivery.
NSK-2026-0459,OPV,2,OPV-1 (6 Weeks),2026-05-29,2026-05-31,2,UIP-NSK-202605-OPV-733,PHC-NSK-03,nurse_nsk_03,FALSE,Routine UIP session.
NSK-2026-0459,Penta,1,Pentavalent-1 (6 Weeks),2026-05-29,2026-06-01,3,UIP-NSK-202606-PENTA-151,PHC-NSK-03,nurse_nsk_03,FALSE,Routine UIP session.
NSK-2026-0459,Rota,1,Rotavirus-1 (6 Weeks),2026-05-29,2026-05-29,0,UIP-NSK-202605-ROTA-926,PHC-NSK-03,nurse_nsk_03,FALSE,Routine UIP session.
NSK-2026-0459,fIPV,1,fIPV-1 (6 Weeks),2026-05-29,2026-05-29,0,UIP-NSK-202605-FIPV-793,PHC-NSK-03,nurse_nsk_03,FALSE,Routine UIP session.
NSK-2026-0459,PCV,1,PCV-1 (6 Weeks),2026-05-29,2026-05-29,0,UIP-NSK-202605-PCV-793,PHC-NSK-05,nurse_nsk_05,FALSE,Routine UIP session.
NSK-2026-0459,OPV,3,OPV-2 (10 Weeks),2026-06-26,2026-06-28,2,UIP-NSK-202606-OPV-513,PHC-NSK-03,nurse_nsk_03,FALSE,Routine UIP session.
NSK-2026-0459,Penta,2,Pentavalent-2 (10 Weeks),2026-06-26,2026-06-29,3,UIP-NSK-202606-PENTA-792,PHC-NSK-03,nurse_nsk_03,FALSE,Routine UIP session.
NSK-2026-0459,Rota,2,Rotavirus-2 (10 Weeks),2026-06-26,2026-06-26,0,UIP-NSK-202606-ROTA-243,PHC-NSK-03,nurse_nsk_03,FALSE,Routine UIP session.
NSK-2026-0459,OPV,4,OPV-3 (14 Weeks),2026-07-24,2026-07-26,2,UIP-NSK-202607-OPV-573,PHC-NSK-03,nurse_nsk_03,FALSE,Routine UIP session.
NSK-2026-0459,Penta,3,Pentavalent-3 (14 Weeks),2026-07-24,2026-07-27,3,UIP-NSK-202607-PENTA-118,PHC-NSK-03,nurse_nsk_03,FALSE,Routine UIP session.
NSK-2026-0459,Rota,3,Rotavirus-3 (14 Weeks),2026-07-24,2026-07-24,0,UIP-NSK-202607-ROTA-748,PHC-NSK-03,nurse_nsk_03,FALSE,Routine UIP session.
NSK-2026-0459,fIPV,2,fIPV-2 (14 Weeks),2026-07-24,2026-07-24,0,UIP-NSK-202607-FIPV-770,PHC-NSK-03,nurse_nsk_03,FALSE,Routine UIP session.
NSK-2026-0459,PCV,2,PCV-2 (14 Weeks),2026-07-24,2026-07-24,0,UIP-NSK-202607-PCV-864,PHC-NSK-03,nurse_nsk_03,FALSE,Routine UIP session.
NSK-2026-0460,BCG,1,BCG (At Birth),2026-07-01,2026-07-01,0,UIP-NSK-202607-BCG-720,PHC-NSK-04,nurse_nsk_04,FALSE,Administered at hospital after delivery.
NSK-2026-0460,OPV,1,OPV Zero Dose (At Birth),2026-07-01,2026-07-01,0,UIP-NSK-202607-OPV-749,PHC-NSK-04,nurse_nsk_04,FALSE,Administered at hospital after delivery.
NSK-2026-0460,HepB,1,Hepatitis B Birth Dose,2026-07-01,2026-07-01,0,UIP-NSK-202607-HEPB-832,PHC-NSK-04,nurse_nsk_04,FALSE,Administered at hospital after delivery.
NSK-2026-0460,OPV,2,OPV-1 (6 Weeks),2026-08-12,2026-08-12,0,UIP-NSK-202608-OPV-351,PHC-NSK-04,nurse_nsk_04,FALSE,Routine UIP session.
NSK-2026-0460,Penta,1,Pentavalent-1 (6 Weeks),2026-08-12,2026-08-12,0,UIP-NSK-202608-PENTA-409,PHC-NSK-04,nurse_nsk_04,FALSE,Routine UIP session.
NSK-2026-0460,Rota,1,Rotavirus-1 (6 Weeks),2026-08-12,2026-08-15,3,UIP-NSK-202608-ROTA-342,PHC-NSK-04,nurse_nsk_04,TRUE,Mild fever and local swelling; resolved in 48 hours.
NSK-2026-0460,fIPV,1,fIPV-1 (6 Weeks),2026-08-12,2026-08-13,1,UIP-NSK-202608-FIPV-605,PHC-NSK-04,nurse_nsk_04,FALSE,Routine UIP session.
NSK-2026-0460,PCV,1,PCV-1 (6 Weeks),2026-08-12,2026-08-12,0,UIP-NSK-202608-PCV-425,PHC-NSK-04,nurse_nsk_04,FALSE,Routine UIP session.
NSK-2026-0460,OPV,3,OPV-2 (10 Weeks),2026-09-09,2026-09-09,0,UIP-NSK-202609-OPV-526,PHC-NSK-04,nurse_nsk_04,FALSE,Routine UIP session.
NSK-2026-0460,Penta,2,Pentavalent-2 (10 Weeks),2026-09-09,2026-09-09,0,UIP-NSK-202609-PENTA-797,PHC-NSK-04,nurse_nsk_04,FALSE,Routine UIP session.
NSK-2026-0460,Rota,2,Rotavirus-2 (10 Weeks),2026-09-09,2026-09-12,3,UIP-NSK-202609-ROTA-517,PHC-NSK-04,nurse_nsk_04,FALSE,Routine UIP session.
NSK-2026-0461,BCG,1,BCG (At Birth),2026-07-09,2026-07-09,0,UIP-NSK-202607-BCG-890,PHC-NSK-03,nurse_nsk_03,FALSE,Administered at hospital after delivery.
NSK-2026-0461,OPV,1,OPV Zero Dose (At Birth),2026-07-09,2026-07-09,0,UIP-NSK-202607-OPV-605,PHC-NSK-03,nurse_nsk_03,FALSE,Administered at hospital after delivery.
NSK-2026-0461,HepB,1,Hepatitis B Birth Dose,2026-07-09,2026-07-09,0,UIP-NSK-202607-HEPB-681,PHC-NSK-03,nurse_nsk_03,FALSE,Administered at hospital after delivery.
NSK-2026-0461,OPV,2,OPV-1 (6 Weeks),2026-08-20,2026-08-20,0,UIP-NSK-202608-OPV-303,PHC-NSK-03,nurse_nsk_03,FALSE,Routine UIP session.
NSK-2026-0461,Penta,1,Pentavalent-1 (6 Weeks),2026-08-20,2026-08-20,0,UIP-NSK-202608-PENTA-501,PHC-NSK-03,nurse_nsk_03,FALSE,Routine UIP session.
NSK-2026-0461,Rota,1,Rotavirus-1 (6 Weeks),2026-08-20,2026-08-20,0,UIP-NSK-202608-ROTA-423,PHC-NSK-03,nurse_nsk_03,FALSE,Routine UIP session.
NSK-2026-0461,fIPV,1,fIPV-1 (6 Weeks),2026-08-20,2026-08-20,0,UIP-NSK-202608-FIPV-390,PHC-NSK-03,nurse_nsk_03,FALSE,Routine UIP session.
NSK-2026-0461,PCV,1,PCV-1 (6 Weeks),2026-08-20,2026-08-20,0,UIP-NSK-202608-PCV-465,PHC-NSK-03,nurse_nsk_03,FALSE,Routine UIP session.
NSK-2026-0461,OPV,3,OPV-2 (10 Weeks),2026-09-17,2026-09-17,0,UIP-NSK-202609-OPV-466,PHC-NSK-03,nurse_nsk_03,FALSE,Routine UIP session.
NSK-2026-0461,Penta,2,Pentavalent-2 (10 Weeks),2026-09-17,2026-09-17,0,UIP-NSK-202609-PENTA-888,PHC-NSK-03,nurse_nsk_03,FALSE,Routine UIP session.
NSK-2026-0461,Rota,2,Rotavirus-2 (10 Weeks),2026-09-17,2026-09-17,0,UIP-NSK-202609-ROTA-894,PHC-NSK-03,nurse_nsk_03,FALSE,Routine UIP session.
NSK-2026-0462,BCG,1,BCG (At Birth),2026-09-18,2026-09-18,0,UIP-NSK-202609-BCG-599,PHC-NSK-10,nurse_nsk_10,FALSE,Administered at hospital after delivery.
NSK-2026-0462,OPV,1,OPV Zero Dose (At Birth),2026-09-18,2026-09-18,0,UIP-NSK-202609-OPV-456,PHC-NSK-10,nurse_nsk_10,FALSE,Administered at hospital after delivery.
NSK-2026-0462,HepB,1,Hepatitis B Birth Dose,2026-09-18,2026-09-24,6,UIP-NSK-202609-HEPB-934,PHC-NSK-06,nurse_nsk_06,FALSE,Routine UIP session.
NSK-2026-0463,BCG,1,BCG (At Birth),2026-06-03,2026-06-03,0,UIP-NSK-202606-BCG-688,PHC-NSK-02,nurse_nsk_02,FALSE,Administered at hospital after delivery.
NSK-2026-0463,HepB,1,Hepatitis B Birth Dose,2026-06-03,2026-06-03,0,UIP-NSK-202606-HEPB-237,PHC-NSK-02,nurse_nsk_02,FALSE,Administered at hospital after delivery.
NSK-2026-0463,OPV,2,OPV-1 (6 Weeks),2026-07-15,2026-07-17,2,UIP-NSK-202607-OPV-492,PHC-NSK-02,nurse_nsk_02,FALSE,Routine UIP session.
NSK-2026-0463,Penta,1,Pentavalent-1 (6 Weeks),2026-07-15,2026-07-15,0,UIP-NSK-202607-PENTA-311,PHC-NSK-02,nurse_nsk_02,FALSE,Routine UIP session.
NSK-2026-0463,Rota,1,Rotavirus-1 (6 Weeks),2026-07-15,2026-07-15,0,UIP-NSK-202607-ROTA-760,PHC-NSK-02,nurse_nsk_02,FALSE,Routine UIP session.
NSK-2026-0463,fIPV,1,fIPV-1 (6 Weeks),2026-07-15,2026-07-15,0,UIP-NSK-202607-FIPV-504,PHC-NSK-02,nurse_nsk_02,FALSE,Routine UIP session.
NSK-2026-0463,PCV,1,PCV-1 (6 Weeks),2026-07-15,2026-07-15,0,UIP-NSK-202607-PCV-285,PHC-NSK-02,nurse_nsk_02,FALSE,Routine UIP session.
NSK-2026-0463,OPV,3,OPV-2 (10 Weeks),2026-08-12,2026-08-14,2,UIP-NSK-202608-OPV-549,PHC-NSK-02,nurse_nsk_02,FALSE,Routine UIP session.
NSK-2026-0463,Penta,2,Pentavalent-2 (10 Weeks),2026-08-12,2026-08-12,0,UIP-NSK-202608-PENTA-374,PHC-NSK-02,nurse_nsk_02,FALSE,Routine UIP session.
NSK-2026-0463,Rota,2,Rotavirus-2 (10 Weeks),2026-08-12,2026-08-15,3,UIP-NSK-202608-ROTA-792,PHC-NSK-02,nurse_nsk_02,FALSE,Routine UIP session.
NSK-2026-0463,OPV,4,OPV-3 (14 Weeks),2026-09-09,2026-09-11,2,UIP-NSK-202609-OPV-161,PHC-NSK-02,nurse_nsk_02,FALSE,Routine UIP session.
NSK-2026-0463,Penta,3,Pentavalent-3 (14 Weeks),2026-09-09,2026-09-10,1,UIP-NSK-202609-PENTA-254,PHC-NSK-02,nurse_nsk_02,FALSE,Routine UIP session.
NSK-2026-0463,Rota,3,Rotavirus-3 (14 Weeks),2026-09-09,2026-09-12,3,UIP-NSK-202609-ROTA-908,PHC-NSK-02,nurse_nsk_02,FALSE,Routine UIP session.
NSK-2026-0463,fIPV,2,fIPV-2 (14 Weeks),2026-09-09,2026-09-09,0,UIP-NSK-202609-FIPV-480,PHC-NSK-02,nurse_nsk_02,FALSE,Routine UIP session.
NSK-2026-0463,PCV,2,PCV-2 (14 Weeks),2026-09-09,2026-09-09,0,UIP-NSK-202609-PCV-671,PHC-NSK-02,nurse_nsk_02,FALSE,Routine UIP session.
NSK-2026-0464,BCG,1,BCG (At Birth),2026-01-18,2026-01-18,0,UIP-NSK-202601-BCG-120,PHC-NSK-01,nurse_nsk_01,FALSE,Administered at hospital after delivery.
NSK-2026-0464,OPV,1,OPV Zero Dose (At Birth),2026-01-18,2026-01-18,0,UIP-NSK-202601-OPV-131,PHC-NSK-01,nurse_nsk_01,FALSE,Administered at hospital after delivery.
NSK-2026-0464,HepB,1,Hepatitis B Birth Dose,2026-01-18,2026-01-18,0,UIP-NSK-202601-HEPB-921,PHC-NSK-03,nurse_nsk_03,FALSE,Administered at hospital after delivery.
NSK-2026-0464,OPV,2,OPV-1 (6 Weeks),2026-03-01,2026-03-01,0,UIP-NSK-202603-OPV-396,PHC-NSK-06,nurse_nsk_06,FALSE,Routine UIP session.
NSK-2026-0464,Penta,1,Pentavalent-1 (6 Weeks),2026-03-01,2026-03-01,0,UIP-NSK-202603-PENTA-592,PHC-NSK-01,nurse_nsk_01,FALSE,Routine UIP session.
NSK-2026-0464,fIPV,1,fIPV-1 (6 Weeks),2026-03-01,2026-03-01,0,UIP-NSK-202603-FIPV-877,PHC-NSK-01,nurse_nsk_01,FALSE,Routine UIP session.
NSK-2026-0464,PCV,1,PCV-1 (6 Weeks),2026-03-01,2026-03-01,0,UIP-NSK-202603-PCV-714,PHC-NSK-01,nurse_nsk_01,FALSE,Routine UIP session.
NSK-2026-0464,OPV,3,OPV-2 (10 Weeks),2026-03-29,2026-04-01,3,UIP-NSK-202604-OPV-215,PHC-NSK-01,nurse_nsk_01,FALSE,Routine UIP session.
NSK-2026-0464,Penta,2,Pentavalent-2 (10 Weeks),2026-03-29,2026-03-29,0,UIP-NSK-202603-PENTA-173,PHC-NSK-01,nurse_nsk_01,TRUE,Mild fever and local swelling; resolved in 48 hours.
NSK-2026-0464,Rota,2,Rotavirus-2 (10 Weeks),2026-03-29,2026-03-29,0,UIP-NSK-202603-ROTA-959,PHC-NSK-01,nurse_nsk_01,FALSE,Routine UIP session.
NSK-2026-0464,OPV,4,OPV-3 (14 Weeks),2026-04-26,2026-04-29,3,UIP-NSK-202604-OPV-658,PHC-NSK-01,nurse_nsk_01,FALSE,Routine UIP session.
NSK-2026-0464,Penta,3,Pentavalent-3 (14 Weeks),2026-04-26,2026-04-28,2,UIP-NSK-202604-PENTA-487,PHC-NSK-01,nurse_nsk_01,FALSE,Routine UIP session.
NSK-2026-0464,Rota,3,Rotavirus-3 (14 Weeks),2026-04-26,2026-04-28,2,UIP-NSK-202604-ROTA-515,PHC-NSK-01,nurse_nsk_01,FALSE,Routine UIP session.
NSK-2026-0464,fIPV,2,fIPV-2 (14 Weeks),2026-04-26,2026-04-26,0,UIP-NSK-202604-FIPV-527,PHC-NSK-01,nurse_nsk_01,FALSE,Routine UIP session.
NSK-2026-0464,PCV,2,PCV-2 (14 Weeks),2026-04-26,2026-04-29,3,UIP-NSK-202604-PCV-939,PHC-NSK-01,nurse_nsk_01,FALSE,Routine UIP session.
NSK-2026-0465,BCG,1,BCG (At Birth),2026-01-09,2026-01-09,0,UIP-NSK-202601-BCG-610,PHC-NSK-08,nurse_nsk_08,FALSE,Administered at hospital after delivery.
NSK-2026-0465,OPV,1,OPV Zero Dose (At Birth),2026-01-09,2026-01-09,0,UIP-NSK-202601-OPV-885,PHC-NSK-08,nurse_nsk_08,FALSE,Administered at hospital after delivery.
NSK-2026-0465,HepB,1,Hepatitis B Birth Dose,2026-01-09,2026-01-09,0,UIP-NSK-202601-HEPB-131,PHC-NSK-08,nurse_nsk_08,FALSE,Administered at hospital after delivery.
NSK-2026-0465,OPV,2,OPV-1 (6 Weeks),2026-02-20,2026-02-20,0,UIP-NSK-202602-OPV-327,PHC-NSK-08,nurse_nsk_08,FALSE,Routine UIP session.
NSK-2026-0465,Penta,1,Pentavalent-1 (6 Weeks),2026-02-20,2026-02-20,0,UIP-NSK-202602-PENTA-575,PHC-NSK-08,nurse_nsk_08,FALSE,Routine UIP session.
NSK-2026-0465,Rota,1,Rotavirus-1 (6 Weeks),2026-02-20,2026-02-20,0,UIP-NSK-202602-ROTA-710,PHC-NSK-08,nurse_nsk_08,FALSE,Routine UIP session.
NSK-2026-0465,fIPV,1,fIPV-1 (6 Weeks),2026-02-20,2026-02-22,2,UIP-NSK-202602-FIPV-751,PHC-NSK-08,nurse_nsk_08,FALSE,Routine UIP session.
NSK-2026-0465,PCV,1,PCV-1 (6 Weeks),2026-02-20,2026-02-21,1,UIP-NSK-202602-PCV-722,PHC-NSK-08,nurse_nsk_08,FALSE,Routine UIP session.
NSK-2026-0465,OPV,3,OPV-2 (10 Weeks),2026-03-20,2026-03-22,2,UIP-NSK-202603-OPV-738,PHC-NSK-08,nurse_nsk_08,FALSE,Routine UIP session.
NSK-2026-0465,Penta,2,Pentavalent-2 (10 Weeks),2026-03-20,2026-03-20,0,UIP-NSK-202603-PENTA-278,PHC-NSK-08,nurse_nsk_08,FALSE,Routine UIP session.
NSK-2026-0465,Rota,2,Rotavirus-2 (10 Weeks),2026-03-20,2026-03-20,0,UIP-NSK-202603-ROTA-339,PHC-NSK-08,nurse_nsk_08,FALSE,Routine UIP session.
NSK-2026-0465,OPV,4,OPV-3 (14 Weeks),2026-04-17,2026-04-19,2,UIP-NSK-202604-OPV-771,PHC-NSK-08,nurse_nsk_08,FALSE,Routine UIP session.
NSK-2026-0465,Penta,3,Pentavalent-3 (14 Weeks),2026-04-17,2026-04-17,0,UIP-NSK-202604-PENTA-439,PHC-NSK-08,nurse_nsk_08,FALSE,Routine UIP session.
NSK-2026-0465,Rota,3,Rotavirus-3 (14 Weeks),2026-04-17,2026-04-17,0,UIP-NSK-202604-ROTA-603,PHC-NSK-08,nurse_nsk_08,FALSE,Routine UIP session.
NSK-2026-0465,fIPV,2,fIPV-2 (14 Weeks),2026-04-17,2026-04-17,0,UIP-NSK-202604-FIPV-925,PHC-NSK-05,nurse_nsk_05,FALSE,Routine UIP session.
NSK-2026-0465,PCV,2,PCV-2 (14 Weeks),2026-04-17,2026-04-17,0,UIP-NSK-202604-PCV-598,PHC-NSK-08,nurse_nsk_08,FALSE,Routine UIP session.
NSK-2026-0466,BCG,1,BCG (At Birth),2026-01-28,2026-01-28,0,UIP-NSK-202601-BCG-486,PHC-NSK-03,nurse_nsk_03,FALSE,Administered at hospital after delivery.
NSK-2026-0466,OPV,1,OPV Zero Dose (At Birth),2026-01-28,2026-01-28,0,UIP-NSK-202601-OPV-885,PHC-NSK-03,nurse_nsk_03,FALSE,Administered at hospital after delivery.
NSK-2026-0466,HepB,1,Hepatitis B Birth Dose,2026-01-28,2026-01-28,0,UIP-NSK-202601-HEPB-571,PHC-NSK-03,nurse_nsk_03,FALSE,Administered at hospital after delivery.
NSK-2026-0466,OPV,2,OPV-1 (6 Weeks),2026-03-11,2026-03-21,10,UIP-NSK-202603-OPV-293,PHC-NSK-03,nurse_nsk_03,FALSE,Routine UIP session.
NSK-2026-0466,Penta,1,Pentavalent-1 (6 Weeks),2026-03-11,2026-03-18,7,UIP-NSK-202603-PENTA-949,PHC-NSK-05,nurse_nsk_05,FALSE,Routine UIP session.
NSK-2026-0466,Rota,1,Rotavirus-1 (6 Weeks),2026-03-11,2026-03-28,17,UIP-NSK-202603-ROTA-281,PHC-NSK-03,nurse_nsk_03,FALSE,Routine UIP session.
NSK-2026-0466,fIPV,1,fIPV-1 (6 Weeks),2026-03-11,2026-03-27,16,UIP-NSK-202603-FIPV-126,PHC-NSK-03,nurse_nsk_03,FALSE,Routine UIP session.
NSK-2026-0466,PCV,1,PCV-1 (6 Weeks),2026-03-11,2026-03-19,8,UIP-NSK-202603-PCV-271,PHC-NSK-03,nurse_nsk_03,FALSE,Routine UIP session.
NSK-2026-0466,OPV,3,OPV-2 (10 Weeks),2026-04-08,2026-04-18,10,UIP-NSK-202604-OPV-456,PHC-NSK-03,nurse_nsk_03,FALSE,Routine UIP session.
NSK-2026-0466,Rota,2,Rotavirus-2 (10 Weeks),2026-04-08,2026-04-25,17,UIP-NSK-202604-ROTA-525,PHC-NSK-03,nurse_nsk_03,FALSE,Routine UIP session.
NSK-2026-0466,OPV,4,OPV-3 (14 Weeks),2026-05-06,2026-05-16,10,UIP-NSK-202605-OPV-254,PHC-NSK-03,nurse_nsk_03,FALSE,Routine UIP session.
NSK-2026-0466,Penta,3,Pentavalent-3 (14 Weeks),2026-05-06,2026-05-16,10,UIP-NSK-202605-PENTA-164,PHC-NSK-03,nurse_nsk_03,FALSE,Routine UIP session.
NSK-2026-0466,fIPV,2,fIPV-2 (14 Weeks),2026-05-06,2026-05-12,6,UIP-NSK-202605-FIPV-181,PHC-NSK-06,nurse_nsk_06,FALSE,Routine UIP session.
NSK-2026-0466,PCV,2,PCV-2 (14 Weeks),2026-05-06,2026-05-17,11,UIP-NSK-202605-PCV-424,PHC-NSK-03,nurse_nsk_03,FALSE,Routine UIP session.
NSK-2026-0467,BCG,1,BCG (At Birth),2026-02-10,2026-02-10,0,UIP-NSK-202602-BCG-596,PHC-NSK-01,nurse_nsk_01,FALSE,Administered at hospital after delivery.
NSK-2026-0467,OPV,1,OPV Zero Dose (At Birth),2026-02-10,2026-02-10,0,UIP-NSK-202602-OPV-550,PHC-NSK-01,nurse_nsk_01,FALSE,Administered at hospital after delivery.
NSK-2026-0467,HepB,1,Hepatitis B Birth Dose,2026-02-10,2026-02-10,0,UIP-NSK-202602-HEPB-322,PHC-NSK-01,nurse_nsk_01,FALSE,Administered at hospital after delivery.
NSK-2026-0467,OPV,2,OPV-1 (6 Weeks),2026-03-24,2026-03-26,2,UIP-NSK-202603-OPV-806,PHC-NSK-01,nurse_nsk_01,TRUE,Mild fever and local swelling; resolved in 48 hours.
NSK-2026-0467,Penta,1,Pentavalent-1 (6 Weeks),2026-03-24,2026-03-24,0,UIP-NSK-202603-PENTA-222,PHC-NSK-01,nurse_nsk_01,FALSE,Routine UIP session.
NSK-2026-0467,Rota,1,Rotavirus-1 (6 Weeks),2026-03-24,2026-03-26,2,UIP-NSK-202603-ROTA-636,PHC-NSK-01,nurse_nsk_01,FALSE,Routine UIP session.
NSK-2026-0467,fIPV,1,fIPV-1 (6 Weeks),2026-03-24,2026-03-24,0,UIP-NSK-202603-FIPV-695,PHC-NSK-01,nurse_nsk_01,FALSE,Routine UIP session.
NSK-2026-0467,PCV,1,PCV-1 (6 Weeks),2026-03-24,2026-03-27,3,UIP-NSK-202603-PCV-902,PHC-NSK-01,nurse_nsk_01,FALSE,Routine UIP session.
NSK-2026-0467,OPV,3,OPV-2 (10 Weeks),2026-04-21,2026-04-24,3,UIP-NSK-202604-OPV-200,PHC-NSK-01,nurse_nsk_01,FALSE,Routine UIP session.
NSK-2026-0467,Penta,2,Pentavalent-2 (10 Weeks),2026-04-21,2026-04-21,0,UIP-NSK-202604-PENTA-653,PHC-NSK-01,nurse_nsk_01,FALSE,Routine UIP session.
NSK-2026-0467,Rota,2,Rotavirus-2 (10 Weeks),2026-04-21,2026-04-23,2,UIP-NSK-202604-ROTA-590,PHC-NSK-01,nurse_nsk_01,FALSE,Routine UIP session.
NSK-2026-0467,OPV,4,OPV-3 (14 Weeks),2026-05-19,2026-05-22,3,UIP-NSK-202605-OPV-601,PHC-NSK-01,nurse_nsk_01,FALSE,Routine UIP session.
NSK-2026-0467,Penta,3,Pentavalent-3 (14 Weeks),2026-05-19,2026-05-19,0,UIP-NSK-202605-PENTA-965,PHC-NSK-01,nurse_nsk_01,FALSE,Routine UIP session.
NSK-2026-0467,Rota,3,Rotavirus-3 (14 Weeks),2026-05-19,2026-05-21,2,UIP-NSK-202605-ROTA-293,PHC-NSK-01,nurse_nsk_01,FALSE,Routine UIP session.
NSK-2026-0467,fIPV,2,fIPV-2 (14 Weeks),2026-05-19,2026-05-20,1,UIP-NSK-202605-FIPV-935,PHC-NSK-01,nurse_nsk_01,FALSE,Routine UIP session.
NSK-2026-0467,PCV,2,PCV-2 (14 Weeks),2026-05-19,2026-05-19,0,UIP-NSK-202605-PCV-887,PHC-NSK-01,nurse_nsk_01,FALSE,Routine UIP session.
NSK-2026-0468,BCG,1,BCG (At Birth),2026-05-04,2026-05-04,0,UIP-NSK-202605-BCG-375,PHC-NSK-01,nurse_nsk_01,FALSE,Administered at hospital after delivery.
NSK-2026-0468,HepB,1,Hepatitis B Birth Dose,2026-05-04,2026-05-04,0,UIP-NSK-202605-HEPB-770,PHC-NSK-01,nurse_nsk_01,FALSE,Administered at hospital after delivery.
NSK-2026-0468,Penta,1,Pentavalent-1 (6 Weeks),2026-06-15,2026-06-15,0,UIP-NSK-202606-PENTA-690,PHC-NSK-01,nurse_nsk_01,FALSE,Routine UIP session.
NSK-2026-0468,Rota,1,Rotavirus-1 (6 Weeks),2026-06-15,2026-06-15,0,UIP-NSK-202606-ROTA-949,PHC-NSK-01,nurse_nsk_01,FALSE,Routine UIP session.
NSK-2026-0468,fIPV,1,fIPV-1 (6 Weeks),2026-06-15,2026-06-16,1,UIP-NSK-202606-FIPV-612,PHC-NSK-01,nurse_nsk_01,FALSE,Routine UIP session.
NSK-2026-0468,PCV,1,PCV-1 (6 Weeks),2026-06-15,2026-06-15,0,UIP-NSK-202606-PCV-607,PHC-NSK-01,nurse_nsk_01,FALSE,Routine UIP session.
NSK-2026-0468,OPV,3,OPV-2 (10 Weeks),2026-07-13,2026-07-13,0,UIP-NSK-202607-OPV-818,PHC-NSK-01,nurse_nsk_01,FALSE,Routine UIP session.
NSK-2026-0468,Penta,2,Pentavalent-2 (10 Weeks),2026-07-13,2026-07-15,2,UIP-NSK-202607-PENTA-227,PHC-NSK-01,nurse_nsk_01,FALSE,Routine UIP session.
NSK-2026-0468,Rota,2,Rotavirus-2 (10 Weeks),2026-07-13,2026-07-13,0,UIP-NSK-202607-ROTA-405,PHC-NSK-01,nurse_nsk_01,FALSE,Routine UIP session.
NSK-2026-0468,OPV,4,OPV-3 (14 Weeks),2026-08-10,2026-08-10,0,UIP-NSK-202608-OPV-613,PHC-NSK-08,nurse_nsk_08,FALSE,Routine UIP session.
NSK-2026-0468,Penta,3,Pentavalent-3 (14 Weeks),2026-08-10,2026-08-12,2,UIP-NSK-202608-PENTA-490,PHC-NSK-01,nurse_nsk_01,FALSE,Routine UIP session.
NSK-2026-0468,Rota,3,Rotavirus-3 (14 Weeks),2026-08-10,2026-08-11,1,UIP-NSK-202608-ROTA-660,PHC-NSK-01,nurse_nsk_01,FALSE,Routine UIP session.
NSK-2026-0468,fIPV,2,fIPV-2 (14 Weeks),2026-08-10,2026-08-10,0,UIP-NSK-202608-FIPV-231,PHC-NSK-01,nurse_nsk_01,FALSE,Routine UIP session.
NSK-2026-0468,PCV,2,PCV-2 (14 Weeks),2026-08-10,2026-08-12,2,UIP-NSK-202608-PCV-348,PHC-NSK-01,nurse_nsk_01,FALSE,Routine UIP session.
NSK-2026-0469,BCG,1,BCG (At Birth),2026-01-29,2026-01-29,0,UIP-NSK-202601-BCG-107,PHC-NSK-04,nurse_nsk_04,FALSE,Administered at hospital after delivery.
NSK-2026-0469,OPV,1,OPV Zero Dose (At Birth),2026-01-29,2026-01-29,0,UIP-NSK-202601-OPV-365,PHC-NSK-04,nurse_nsk_04,FALSE,Administered at hospital after delivery.
NSK-2026-0469,HepB,1,Hepatitis B Birth Dose,2026-01-29,2026-01-29,0,UIP-NSK-202601-HEPB-205,PHC-NSK-04,nurse_nsk_04,FALSE,Administered at hospital after delivery.
NSK-2026-0469,OPV,2,OPV-1 (6 Weeks),2026-03-12,2026-03-12,0,UIP-NSK-202603-OPV-382,PHC-NSK-04,nurse_nsk_04,FALSE,Routine UIP session.
NSK-2026-0469,Penta,1,Pentavalent-1 (6 Weeks),2026-03-12,2026-03-12,0,UIP-NSK-202603-PENTA-560,PHC-NSK-04,nurse_nsk_04,FALSE,Routine UIP session.
NSK-2026-0469,Rota,1,Rotavirus-1 (6 Weeks),2026-03-12,2026-03-14,2,UIP-NSK-202603-ROTA-592,PHC-NSK-04,nurse_nsk_04,FALSE,Routine UIP session.
NSK-2026-0469,fIPV,1,fIPV-1 (6 Weeks),2026-03-12,2026-03-14,2,UIP-NSK-202603-FIPV-208,PHC-NSK-04,nurse_nsk_04,FALSE,Routine UIP session.
NSK-2026-0469,PCV,1,PCV-1 (6 Weeks),2026-03-12,2026-03-12,0,UIP-NSK-202603-PCV-908,PHC-NSK-04,nurse_nsk_04,FALSE,Routine UIP session.
NSK-2026-0469,OPV,3,OPV-2 (10 Weeks),2026-04-09,2026-04-09,0,UIP-NSK-202604-OPV-282,PHC-NSK-04,nurse_nsk_04,FALSE,Routine UIP session.
NSK-2026-0469,Penta,2,Pentavalent-2 (10 Weeks),2026-04-09,2026-04-12,3,UIP-NSK-202604-PENTA-319,PHC-NSK-04,nurse_nsk_04,FALSE,Routine UIP session.
NSK-2026-0469,Rota,2,Rotavirus-2 (10 Weeks),2026-04-09,2026-04-11,2,UIP-NSK-202604-ROTA-711,PHC-NSK-04,nurse_nsk_04,FALSE,Routine UIP session.
NSK-2026-0469,OPV,4,OPV-3 (14 Weeks),2026-05-07,2026-05-07,0,UIP-NSK-202605-OPV-105,PHC-NSK-04,nurse_nsk_04,FALSE,Routine UIP session.
NSK-2026-0469,Penta,3,Pentavalent-3 (14 Weeks),2026-05-07,2026-05-10,3,UIP-NSK-202605-PENTA-514,PHC-NSK-04,nurse_nsk_04,FALSE,Routine UIP session.
NSK-2026-0469,Rota,3,Rotavirus-3 (14 Weeks),2026-05-07,2026-05-11,4,UIP-NSK-202605-ROTA-619,PHC-NSK-04,nurse_nsk_04,FALSE,Routine UIP session.
NSK-2026-0469,fIPV,2,fIPV-2 (14 Weeks),2026-05-07,2026-05-07,0,UIP-NSK-202605-FIPV-849,PHC-NSK-04,nurse_nsk_04,FALSE,Routine UIP session.
NSK-2026-0469,PCV,2,PCV-2 (14 Weeks),2026-05-07,2026-05-07,0,UIP-NSK-202605-PCV-887,PHC-NSK-04,nurse_nsk_04,FALSE,Routine UIP session.
NSK-2026-0470,BCG,1,BCG (At Birth),2026-07-12,2026-07-12,0,UIP-NSK-202607-BCG-373,PHC-NSK-04,nurse_nsk_04,FALSE,Administered at hospital after delivery.
NSK-2026-0470,OPV,1,OPV Zero Dose (At Birth),2026-07-12,2026-07-12,0,UIP-NSK-202607-OPV-443,PHC-NSK-04,nurse_nsk_04,FALSE,Administered at hospital after delivery.
NSK-2026-0470,HepB,1,Hepatitis B Birth Dose,2026-07-12,2026-07-12,0,UIP-NSK-202607-HEPB-822,PHC-NSK-04,nurse_nsk_04,FALSE,Administered at hospital after delivery.
NSK-2026-0470,OPV,2,OPV-1 (6 Weeks),2026-08-23,2026-08-23,0,UIP-NSK-202608-OPV-782,PHC-NSK-04,nurse_nsk_04,FALSE,Routine UIP session.
NSK-2026-0470,Penta,1,Pentavalent-1 (6 Weeks),2026-08-23,2026-08-23,0,UIP-NSK-202608-PENTA-349,PHC-NSK-04,nurse_nsk_04,FALSE,Routine UIP session.
NSK-2026-0470,Rota,1,Rotavirus-1 (6 Weeks),2026-08-23,2026-08-23,0,UIP-NSK-202608-ROTA-398,PHC-NSK-04,nurse_nsk_04,FALSE,Routine UIP session.
NSK-2026-0470,fIPV,1,fIPV-1 (6 Weeks),2026-08-23,2026-08-23,0,UIP-NSK-202608-FIPV-134,PHC-NSK-04,nurse_nsk_04,FALSE,Routine UIP session.
NSK-2026-0470,PCV,1,PCV-1 (6 Weeks),2026-08-23,2026-08-23,0,UIP-NSK-202608-PCV-586,PHC-NSK-04,nurse_nsk_04,FALSE,Routine UIP session.
NSK-2026-0470,OPV,3,OPV-2 (10 Weeks),2026-09-20,2026-09-20,0,UIP-NSK-202609-OPV-991,PHC-NSK-04,nurse_nsk_04,FALSE,Routine UIP session.
NSK-2026-0470,Penta,2,Pentavalent-2 (10 Weeks),2026-09-20,2026-09-23,3,UIP-NSK-202609-PENTA-224,PHC-NSK-04,nurse_nsk_04,FALSE,Routine UIP session.
NSK-2026-0470,Rota,2,Rotavirus-2 (10 Weeks),2026-09-20,2026-09-20,0,UIP-NSK-202609-ROTA-878,PHC-NSK-04,nurse_nsk_04,FALSE,Routine UIP session.
NSK-2026-0471,BCG,1,BCG (At Birth),2026-07-31,2026-07-31,0,UIP-NSK-202607-BCG-851,PHC-NSK-04,nurse_nsk_04,FALSE,Administered at hospital after delivery.
NSK-2026-0471,OPV,1,OPV Zero Dose (At Birth),2026-07-31,2026-07-31,0,UIP-NSK-202607-OPV-913,PHC-NSK-01,nurse_nsk_01,FALSE,Administered at hospital after delivery.
NSK-2026-0471,HepB,1,Hepatitis B Birth Dose,2026-07-31,2026-07-31,0,UIP-NSK-202607-HEPB-703,PHC-NSK-01,nurse_nsk_01,FALSE,Administered at hospital after delivery.
NSK-2026-0471,fIPV,1,fIPV-1 (6 Weeks),2026-09-11,2026-10-05,24,UIP-NSK-202610-FIPV-449,PHC-NSK-01,nurse_nsk_01,FALSE,Routine UIP session.
NSK-2026-0472,BCG,1,BCG (At Birth),2026-09-09,2026-09-09,0,UIP-NSK-202609-BCG-893,PHC-NSK-10,nurse_nsk_10,FALSE,Administered at hospital after delivery.
NSK-2026-0472,OPV,1,OPV Zero Dose (At Birth),2026-09-09,2026-09-09,0,UIP-NSK-202609-OPV-197,PHC-NSK-02,nurse_nsk_02,FALSE,Administered at hospital after delivery.
NSK-2026-0472,HepB,1,Hepatitis B Birth Dose,2026-09-09,2026-09-09,0,UIP-NSK-202609-HEPB-142,PHC-NSK-02,nurse_nsk_02,FALSE,Administered at hospital after delivery.
NSK-2026-0473,BCG,1,BCG (At Birth),2026-02-14,2026-02-14,0,UIP-NSK-202602-BCG-513,PHC-NSK-07,nurse_nsk_07,FALSE,Administered at hospital after delivery.
NSK-2026-0473,OPV,1,OPV Zero Dose (At Birth),2026-02-14,2026-02-14,0,UIP-NSK-202602-OPV-498,PHC-NSK-07,nurse_nsk_07,FALSE,Administered at hospital after delivery.
NSK-2026-0473,HepB,1,Hepatitis B Birth Dose,2026-02-14,2026-02-14,0,UIP-NSK-202602-HEPB-830,PHC-NSK-07,nurse_nsk_07,FALSE,Administered at hospital after delivery.
NSK-2026-0473,OPV,2,OPV-1 (6 Weeks),2026-03-28,2026-03-31,3,UIP-NSK-202603-OPV-354,PHC-NSK-07,nurse_nsk_07,FALSE,Routine UIP session.
NSK-2026-0473,Penta,1,Pentavalent-1 (6 Weeks),2026-03-28,2026-03-31,3,UIP-NSK-202603-PENTA-834,PHC-NSK-07,nurse_nsk_07,FALSE,Routine UIP session.
NSK-2026-0473,Rota,1,Rotavirus-1 (6 Weeks),2026-03-28,2026-03-28,0,UIP-NSK-202603-ROTA-319,PHC-NSK-07,nurse_nsk_07,FALSE,Routine UIP session.
NSK-2026-0473,fIPV,1,fIPV-1 (6 Weeks),2026-03-28,2026-03-30,2,UIP-NSK-202603-FIPV-176,PHC-NSK-07,nurse_nsk_07,FALSE,Routine UIP session.
NSK-2026-0473,PCV,1,PCV-1 (6 Weeks),2026-03-28,2026-03-28,0,UIP-NSK-202603-PCV-104,PHC-NSK-07,nurse_nsk_07,FALSE,Routine UIP session.
NSK-2026-0473,OPV,3,OPV-2 (10 Weeks),2026-04-25,2026-04-28,3,UIP-NSK-202604-OPV-859,PHC-NSK-07,nurse_nsk_07,FALSE,Routine UIP session.
NSK-2026-0473,Penta,2,Pentavalent-2 (10 Weeks),2026-04-25,2026-04-28,3,UIP-NSK-202604-PENTA-663,PHC-NSK-07,nurse_nsk_07,FALSE,Routine UIP session.
NSK-2026-0473,Rota,2,Rotavirus-2 (10 Weeks),2026-04-25,2026-04-25,0,UIP-NSK-202604-ROTA-318,PHC-NSK-07,nurse_nsk_07,FALSE,Routine UIP session.
NSK-2026-0473,OPV,4,OPV-3 (14 Weeks),2026-05-23,2026-05-26,3,UIP-NSK-202605-OPV-332,PHC-NSK-07,nurse_nsk_07,FALSE,Routine UIP session.
NSK-2026-0473,Penta,3,Pentavalent-3 (14 Weeks),2026-05-23,2026-05-26,3,UIP-NSK-202605-PENTA-133,PHC-NSK-07,nurse_nsk_07,FALSE,Routine UIP session.
NSK-2026-0473,Rota,3,Rotavirus-3 (14 Weeks),2026-05-23,2026-06-01,9,UIP-NSK-202606-ROTA-251,PHC-NSK-01,nurse_nsk_01,FALSE,Routine UIP session.
NSK-2026-0473,fIPV,2,fIPV-2 (14 Weeks),2026-05-23,2026-05-23,0,UIP-NSK-202605-FIPV-314,PHC-NSK-07,nurse_nsk_07,FALSE,Routine UIP session.
NSK-2026-0473,PCV,2,PCV-2 (14 Weeks),2026-05-23,2026-05-23,0,UIP-NSK-202605-PCV-516,PHC-NSK-07,nurse_nsk_07,FALSE,Routine UIP session.
NSK-2026-0474,BCG,1,BCG (At Birth),2026-09-28,2026-09-28,0,UIP-NSK-202609-BCG-625,PHC-NSK-06,nurse_nsk_06,FALSE,Administered at hospital after delivery.
NSK-2026-0474,OPV,1,OPV Zero Dose (At Birth),2026-09-28,2026-09-28,0,UIP-NSK-202609-OPV-671,PHC-NSK-06,nurse_nsk_06,FALSE,Administered at hospital after delivery.
NSK-2026-0474,HepB,1,Hepatitis B Birth Dose,2026-09-28,2026-09-28,0,UIP-NSK-202609-HEPB-383,PHC-NSK-06,nurse_nsk_06,FALSE,Administered at hospital after delivery.
NSK-2026-0475,BCG,1,BCG (At Birth),2026-01-21,2026-01-21,0,UIP-NSK-202601-BCG-459,PHC-NSK-06,nurse_nsk_06,FALSE,Administered at hospital after delivery.
NSK-2026-0475,OPV,1,OPV Zero Dose (At Birth),2026-01-21,2026-01-21,0,UIP-NSK-202601-OPV-969,PHC-NSK-07,nurse_nsk_07,FALSE,Administered at hospital after delivery.
NSK-2026-0475,HepB,1,Hepatitis B Birth Dose,2026-01-21,2026-01-21,0,UIP-NSK-202601-HEPB-441,PHC-NSK-06,nurse_nsk_06,FALSE,Administered at hospital after delivery.
NSK-2026-0475,OPV,2,OPV-1 (6 Weeks),2026-03-04,2026-03-04,0,UIP-NSK-202603-OPV-554,PHC-NSK-06,nurse_nsk_06,FALSE,Routine UIP session.
NSK-2026-0475,Penta,1,Pentavalent-1 (6 Weeks),2026-03-04,2026-03-04,0,UIP-NSK-202603-PENTA-411,PHC-NSK-06,nurse_nsk_06,FALSE,Routine UIP session.
NSK-2026-0475,Rota,1,Rotavirus-1 (6 Weeks),2026-03-04,2026-03-04,0,UIP-NSK-202603-ROTA-327,PHC-NSK-06,nurse_nsk_06,FALSE,Routine UIP session.
NSK-2026-0475,fIPV,1,fIPV-1 (6 Weeks),2026-03-04,2026-03-04,0,UIP-NSK-202603-FIPV-117,PHC-NSK-06,nurse_nsk_06,FALSE,Routine UIP session.
NSK-2026-0475,PCV,1,PCV-1 (6 Weeks),2026-03-04,2026-03-04,0,UIP-NSK-202603-PCV-709,PHC-NSK-06,nurse_nsk_06,FALSE,Routine UIP session.
NSK-2026-0475,OPV,3,OPV-2 (10 Weeks),2026-04-01,2026-04-01,0,UIP-NSK-202604-OPV-986,PHC-NSK-06,nurse_nsk_06,FALSE,Routine UIP session.
NSK-2026-0475,Penta,2,Pentavalent-2 (10 Weeks),2026-04-01,2026-04-01,0,UIP-NSK-202604-PENTA-485,PHC-NSK-06,nurse_nsk_06,FALSE,Routine UIP session.
NSK-2026-0475,Rota,2,Rotavirus-2 (10 Weeks),2026-04-01,2026-04-04,3,UIP-NSK-202604-ROTA-658,PHC-NSK-06,nurse_nsk_06,FALSE,Routine UIP session.
NSK-2026-0475,OPV,4,OPV-3 (14 Weeks),2026-04-29,2026-04-30,1,UIP-NSK-202604-OPV-958,PHC-NSK-06,nurse_nsk_06,FALSE,Routine UIP session.
NSK-2026-0475,Penta,3,Pentavalent-3 (14 Weeks),2026-04-29,2026-04-29,0,UIP-NSK-202604-PENTA-515,PHC-NSK-06,nurse_nsk_06,FALSE,Routine UIP session.
NSK-2026-0475,Rota,3,Rotavirus-3 (14 Weeks),2026-04-29,2026-05-02,3,UIP-NSK-202605-ROTA-704,PHC-NSK-06,nurse_nsk_06,FALSE,Routine UIP session.
NSK-2026-0475,fIPV,2,fIPV-2 (14 Weeks),2026-04-29,2026-04-29,0,UIP-NSK-202604-FIPV-146,PHC-NSK-06,nurse_nsk_06,FALSE,Routine UIP session.
NSK-2026-0475,PCV,2,PCV-2 (14 Weeks),2026-04-29,2026-04-29,0,UIP-NSK-202604-PCV-644,PHC-NSK-06,nurse_nsk_06,FALSE,Routine UIP session.
NSK-2026-0476,BCG,1,BCG (At Birth),2026-05-18,2026-05-18,0,UIP-NSK-202605-BCG-875,PHC-NSK-09,nurse_nsk_09,FALSE,Administered at hospital after delivery.
NSK-2026-0476,OPV,1,OPV Zero Dose (At Birth),2026-05-18,2026-05-18,0,UIP-NSK-202605-OPV-898,PHC-NSK-09,nurse_nsk_09,FALSE,Administered at hospital after delivery.
NSK-2026-0476,HepB,1,Hepatitis B Birth Dose,2026-05-18,2026-05-18,0,UIP-NSK-202605-HEPB-205,PHC-NSK-09,nurse_nsk_09,FALSE,Administered at hospital after delivery.
NSK-2026-0476,OPV,2,OPV-1 (6 Weeks),2026-06-29,2026-06-29,0,UIP-NSK-202606-OPV-155,PHC-NSK-09,nurse_nsk_09,FALSE,Routine UIP session.
NSK-2026-0476,Penta,1,Pentavalent-1 (6 Weeks),2026-06-29,2026-06-29,0,UIP-NSK-202606-PENTA-766,PHC-NSK-09,nurse_nsk_09,FALSE,Routine UIP session.
NSK-2026-0476,Rota,1,Rotavirus-1 (6 Weeks),2026-06-29,2026-06-29,0,UIP-NSK-202606-ROTA-153,PHC-NSK-09,nurse_nsk_09,FALSE,Routine UIP session.
NSK-2026-0476,fIPV,1,fIPV-1 (6 Weeks),2026-06-29,2026-06-29,0,UIP-NSK-202606-FIPV-923,PHC-NSK-09,nurse_nsk_09,FALSE,Routine UIP session.
NSK-2026-0476,PCV,1,PCV-1 (6 Weeks),2026-06-29,2026-06-29,0,UIP-NSK-202606-PCV-337,PHC-NSK-09,nurse_nsk_09,FALSE,Routine UIP session.
NSK-2026-0476,OPV,3,OPV-2 (10 Weeks),2026-07-27,2026-07-27,0,UIP-NSK-202607-OPV-445,PHC-NSK-09,nurse_nsk_09,FALSE,Routine UIP session.
NSK-2026-0476,Penta,2,Pentavalent-2 (10 Weeks),2026-07-27,2026-07-27,0,UIP-NSK-202607-PENTA-598,PHC-NSK-09,nurse_nsk_09,FALSE,Routine UIP session.
NSK-2026-0476,Rota,2,Rotavirus-2 (10 Weeks),2026-07-27,2026-07-27,0,UIP-NSK-202607-ROTA-323,PHC-NSK-09,nurse_nsk_09,FALSE,Routine UIP session.
NSK-2026-0476,OPV,4,OPV-3 (14 Weeks),2026-08-24,2026-08-24,0,UIP-NSK-202608-OPV-189,PHC-NSK-09,nurse_nsk_09,FALSE,Routine UIP session.
NSK-2026-0476,Penta,3,Pentavalent-3 (14 Weeks),2026-08-24,2026-08-24,0,UIP-NSK-202608-PENTA-892,PHC-NSK-09,nurse_nsk_09,FALSE,Routine UIP session.
NSK-2026-0476,Rota,3,Rotavirus-3 (14 Weeks),2026-08-24,2026-08-25,1,UIP-NSK-202608-ROTA-732,PHC-NSK-09,nurse_nsk_09,FALSE,Routine UIP session.
NSK-2026-0476,fIPV,2,fIPV-2 (14 Weeks),2026-08-24,2026-08-24,0,UIP-NSK-202608-FIPV-641,PHC-NSK-09,nurse_nsk_09,FALSE,Routine UIP session.
NSK-2026-0476,PCV,2,PCV-2 (14 Weeks),2026-08-24,2026-08-27,3,UIP-NSK-202608-PCV-410,PHC-NSK-09,nurse_nsk_09,FALSE,Routine UIP session.
NSK-2026-0477,BCG,1,BCG (At Birth),2026-07-12,2026-08-14,33,UIP-NSK-202608-BCG-379,PHC-NSK-06,nurse_nsk_06,FALSE,Routine UIP session.
NSK-2026-0477,HepB,1,Hepatitis B Birth Dose,2026-07-12,2026-07-12,0,UIP-NSK-202607-HEPB-141,PHC-NSK-06,nurse_nsk_06,FALSE,Administered at hospital after delivery.
NSK-2026-0477,fIPV,1,fIPV-1 (6 Weeks),2026-08-23,2026-09-23,31,UIP-NSK-202609-FIPV-468,PHC-NSK-06,nurse_nsk_06,FALSE,Routine UIP session.
NSK-2026-0477,PCV,1,PCV-1 (6 Weeks),2026-08-23,2026-09-18,26,UIP-NSK-202609-PCV-981,PHC-NSK-06,nurse_nsk_06,FALSE,Routine UIP session.
NSK-2026-0478,BCG,1,BCG (At Birth),2026-05-03,2026-05-03,0,UIP-NSK-202605-BCG-478,PHC-NSK-05,nurse_nsk_05,FALSE,Administered at hospital after delivery.
NSK-2026-0478,OPV,1,OPV Zero Dose (At Birth),2026-05-03,2026-05-03,0,UIP-NSK-202605-OPV-694,PHC-NSK-05,nurse_nsk_05,FALSE,Administered at hospital after delivery.
NSK-2026-0478,HepB,1,Hepatitis B Birth Dose,2026-05-03,2026-05-03,0,UIP-NSK-202605-HEPB-969,PHC-NSK-05,nurse_nsk_05,FALSE,Administered at hospital after delivery.
NSK-2026-0478,OPV,2,OPV-1 (6 Weeks),2026-06-14,2026-06-14,0,UIP-NSK-202606-OPV-379,PHC-NSK-05,nurse_nsk_05,FALSE,Routine UIP session.
NSK-2026-0478,Penta,1,Pentavalent-1 (6 Weeks),2026-06-14,2026-06-14,0,UIP-NSK-202606-PENTA-959,PHC-NSK-10,nurse_nsk_10,FALSE,Routine UIP session.
NSK-2026-0478,fIPV,1,fIPV-1 (6 Weeks),2026-06-14,2026-06-14,0,UIP-NSK-202606-FIPV-595,PHC-NSK-05,nurse_nsk_05,FALSE,Routine UIP session.
NSK-2026-0478,PCV,1,PCV-1 (6 Weeks),2026-06-14,2026-06-14,0,UIP-NSK-202606-PCV-111,PHC-NSK-05,nurse_nsk_05,FALSE,Routine UIP session.
NSK-2026-0478,OPV,3,OPV-2 (10 Weeks),2026-07-12,2026-07-13,1,UIP-NSK-202607-OPV-153,PHC-NSK-05,nurse_nsk_05,FALSE,Routine UIP session.
NSK-2026-0478,Penta,2,Pentavalent-2 (10 Weeks),2026-07-12,2026-07-12,0,UIP-NSK-202607-PENTA-373,PHC-NSK-05,nurse_nsk_05,FALSE,Routine UIP session.
NSK-2026-0478,Rota,2,Rotavirus-2 (10 Weeks),2026-07-12,2026-07-12,0,UIP-NSK-202607-ROTA-482,PHC-NSK-05,nurse_nsk_05,FALSE,Routine UIP session.
NSK-2026-0478,OPV,4,OPV-3 (14 Weeks),2026-08-09,2026-08-12,3,UIP-NSK-202608-OPV-281,PHC-NSK-05,nurse_nsk_05,FALSE,Routine UIP session.
NSK-2026-0478,Penta,3,Pentavalent-3 (14 Weeks),2026-08-09,2026-08-09,0,UIP-NSK-202608-PENTA-190,PHC-NSK-05,nurse_nsk_05,FALSE,Routine UIP session.
NSK-2026-0478,Rota,3,Rotavirus-3 (14 Weeks),2026-08-09,2026-08-09,0,UIP-NSK-202608-ROTA-915,PHC-NSK-05,nurse_nsk_05,FALSE,Routine UIP session.
NSK-2026-0478,fIPV,2,fIPV-2 (14 Weeks),2026-08-09,2026-08-09,0,UIP-NSK-202608-FIPV-584,PHC-NSK-05,nurse_nsk_05,FALSE,Routine UIP session.
NSK-2026-0478,PCV,2,PCV-2 (14 Weeks),2026-08-09,2026-08-09,0,UIP-NSK-202608-PCV-813,PHC-NSK-05,nurse_nsk_05,FALSE,Routine UIP session.
NSK-2026-0479,BCG,1,BCG (At Birth),2026-06-28,2026-06-28,0,UIP-NSK-202606-BCG-660,PHC-NSK-09,nurse_nsk_09,FALSE,Administered at hospital after delivery.
NSK-2026-0479,OPV,1,OPV Zero Dose (At Birth),2026-06-28,2026-06-28,0,UIP-NSK-202606-OPV-567,PHC-NSK-09,nurse_nsk_09,FALSE,Administered at hospital after delivery.
NSK-2026-0479,HepB,1,Hepatitis B Birth Dose,2026-06-28,2026-06-28,0,UIP-NSK-202606-HEPB-361,PHC-NSK-05,nurse_nsk_05,FALSE,Administered at hospital after delivery.
NSK-2026-0479,OPV,2,OPV-1 (6 Weeks),2026-08-09,2026-09-09,31,UIP-NSK-202609-OPV-315,PHC-NSK-09,nurse_nsk_09,FALSE,Routine UIP session.
NSK-2026-0479,Penta,1,Pentavalent-1 (6 Weeks),2026-08-09,2026-09-13,35,UIP-NSK-202609-PENTA-543,PHC-NSK-09,nurse_nsk_09,FALSE,Routine UIP session.
NSK-2026-0479,Rota,1,Rotavirus-1 (6 Weeks),2026-08-09,2026-10-04,56,UIP-NSK-202610-ROTA-877,PHC-NSK-09,nurse_nsk_09,FALSE,Routine UIP session.
NSK-2026-0480,BCG,1,BCG (At Birth),2026-06-21,2026-06-26,5,UIP-NSK-202606-BCG-635,PHC-NSK-06,nurse_nsk_06,FALSE,Routine UIP session.
NSK-2026-0480,OPV,1,OPV Zero Dose (At Birth),2026-06-21,2026-06-21,0,UIP-NSK-202606-OPV-210,PHC-NSK-06,nurse_nsk_06,FALSE,Administered at hospital after delivery.
NSK-2026-0480,HepB,1,Hepatitis B Birth Dose,2026-06-21,2026-06-21,0,UIP-NSK-202606-HEPB-603,PHC-NSK-06,nurse_nsk_06,FALSE,Administered at hospital after delivery.
NSK-2026-0480,Penta,1,Pentavalent-1 (6 Weeks),2026-08-02,2026-08-06,4,UIP-NSK-202608-PENTA-821,PHC-NSK-06,nurse_nsk_06,TRUE,Mild fever and local swelling; resolved in 48 hours.
NSK-2026-0480,Rota,1,Rotavirus-1 (6 Weeks),2026-08-02,2026-08-07,5,UIP-NSK-202608-ROTA-509,PHC-NSK-06,nurse_nsk_06,FALSE,Routine UIP session.
NSK-2026-0480,fIPV,1,fIPV-1 (6 Weeks),2026-08-02,2026-08-11,9,UIP-NSK-202608-FIPV-885,PHC-NSK-06,nurse_nsk_06,FALSE,Routine UIP session.
NSK-2026-0480,PCV,1,PCV-1 (6 Weeks),2026-08-02,2026-08-10,8,UIP-NSK-202608-PCV-997,PHC-NSK-06,nurse_nsk_06,FALSE,Routine UIP session.
NSK-2026-0480,OPV,3,OPV-2 (10 Weeks),2026-08-30,2026-09-11,12,UIP-NSK-202609-OPV-111,PHC-NSK-06,nurse_nsk_06,FALSE,Routine UIP session.
NSK-2026-0480,Penta,2,Pentavalent-2 (10 Weeks),2026-08-30,2026-09-09,10,UIP-NSK-202609-PENTA-839,PHC-NSK-07,nurse_nsk_07,FALSE,Routine UIP session.
NSK-2026-0480,Rota,2,Rotavirus-2 (10 Weeks),2026-08-30,2026-09-08,9,UIP-NSK-202609-ROTA-468,PHC-NSK-06,nurse_nsk_06,FALSE,Routine UIP session.
NSK-2026-0481,BCG,1,BCG (At Birth),2026-07-27,2026-08-09,13,UIP-NSK-202608-BCG-151,PHC-NSK-02,nurse_nsk_02,FALSE,Routine UIP session.
NSK-2026-0481,OPV,1,OPV Zero Dose (At Birth),2026-07-27,2026-07-27,0,UIP-NSK-202607-OPV-432,PHC-NSK-02,nurse_nsk_02,FALSE,Administered at hospital after delivery.
NSK-2026-0481,HepB,1,Hepatitis B Birth Dose,2026-07-27,2026-07-27,0,UIP-NSK-202607-HEPB-319,PHC-NSK-09,nurse_nsk_09,FALSE,Administered at hospital after delivery.
NSK-2026-0482,BCG,1,BCG (At Birth),2026-02-13,2026-02-13,0,UIP-NSK-202602-BCG-311,PHC-NSK-09,nurse_nsk_09,FALSE,Administered at hospital after delivery.
NSK-2026-0482,OPV,1,OPV Zero Dose (At Birth),2026-02-13,2026-02-19,6,UIP-NSK-202602-OPV-240,PHC-NSK-09,nurse_nsk_09,FALSE,Routine UIP session.
NSK-2026-0482,HepB,1,Hepatitis B Birth Dose,2026-02-13,2026-02-13,0,UIP-NSK-202602-HEPB-203,PHC-NSK-09,nurse_nsk_09,FALSE,Administered at hospital after delivery.
NSK-2026-0482,OPV,2,OPV-1 (6 Weeks),2026-03-27,2026-03-29,2,UIP-NSK-202603-OPV-759,PHC-NSK-09,nurse_nsk_09,FALSE,Routine UIP session.
NSK-2026-0482,Rota,1,Rotavirus-1 (6 Weeks),2026-03-27,2026-04-01,5,UIP-NSK-202604-ROTA-330,PHC-NSK-09,nurse_nsk_09,FALSE,Routine UIP session.
NSK-2026-0482,fIPV,1,fIPV-1 (6 Weeks),2026-03-27,2026-04-05,9,UIP-NSK-202604-FIPV-462,PHC-NSK-09,nurse_nsk_09,FALSE,Routine UIP session.
NSK-2026-0482,PCV,1,PCV-1 (6 Weeks),2026-03-27,2026-04-01,5,UIP-NSK-202604-PCV-944,PHC-NSK-09,nurse_nsk_09,FALSE,Routine UIP session.
NSK-2026-0482,OPV,3,OPV-2 (10 Weeks),2026-04-24,2026-05-08,14,UIP-NSK-202605-OPV-202,PHC-NSK-09,nurse_nsk_09,FALSE,Routine UIP session.
NSK-2026-0482,Penta,2,Pentavalent-2 (10 Weeks),2026-04-24,2026-05-06,12,UIP-NSK-202605-PENTA-572,PHC-NSK-09,nurse_nsk_09,FALSE,Routine UIP session.
NSK-2026-0482,Rota,2,Rotavirus-2 (10 Weeks),2026-04-24,2026-04-29,5,UIP-NSK-202604-ROTA-817,PHC-NSK-09,nurse_nsk_09,FALSE,Routine UIP session.
NSK-2026-0482,OPV,4,OPV-3 (14 Weeks),2026-05-22,2026-06-05,14,UIP-NSK-202606-OPV-332,PHC-NSK-04,nurse_nsk_04,FALSE,Routine UIP session.
NSK-2026-0482,Penta,3,Pentavalent-3 (14 Weeks),2026-05-22,2026-06-03,12,UIP-NSK-202606-PENTA-180,PHC-NSK-09,nurse_nsk_09,FALSE,Routine UIP session.
NSK-2026-0482,Rota,3,Rotavirus-3 (14 Weeks),2026-05-22,2026-05-27,5,UIP-NSK-202605-ROTA-508,PHC-NSK-09,nurse_nsk_09,FALSE,Routine UIP session.
NSK-2026-0482,fIPV,2,fIPV-2 (14 Weeks),2026-05-22,2026-05-30,8,UIP-NSK-202605-FIPV-232,PHC-NSK-09,nurse_nsk_09,FALSE,Routine UIP session.
NSK-2026-0482,PCV,2,PCV-2 (14 Weeks),2026-05-22,2026-05-23,1,UIP-NSK-202605-PCV-989,PHC-NSK-09,nurse_nsk_09,FALSE,Routine UIP session.
NSK-2026-0483,BCG,1,BCG (At Birth),2026-06-25,2026-06-25,0,UIP-NSK-202606-BCG-462,PHC-NSK-03,nurse_nsk_03,FALSE,Administered at hospital after delivery.
NSK-2026-0483,OPV,1,OPV Zero Dose (At Birth),2026-06-25,2026-06-25,0,UIP-NSK-202606-OPV-811,PHC-NSK-03,nurse_nsk_03,FALSE,Administered at hospital after delivery.
NSK-2026-0483,HepB,1,Hepatitis B Birth Dose,2026-06-25,2026-06-25,0,UIP-NSK-202606-HEPB-604,PHC-NSK-03,nurse_nsk_03,FALSE,Administered at hospital after delivery.
NSK-2026-0483,OPV,2,OPV-1 (6 Weeks),2026-08-06,2026-08-06,0,UIP-NSK-202608-OPV-255,PHC-NSK-03,nurse_nsk_03,FALSE,Routine UIP session.
NSK-2026-0483,Penta,1,Pentavalent-1 (6 Weeks),2026-08-06,2026-08-06,0,UIP-NSK-202608-PENTA-952,PHC-NSK-03,nurse_nsk_03,FALSE,Routine UIP session.
NSK-2026-0483,Rota,1,Rotavirus-1 (6 Weeks),2026-08-06,2026-08-06,0,UIP-NSK-202608-ROTA-502,PHC-NSK-03,nurse_nsk_03,FALSE,Routine UIP session.
NSK-2026-0483,fIPV,1,fIPV-1 (6 Weeks),2026-08-06,2026-08-06,0,UIP-NSK-202608-FIPV-268,PHC-NSK-03,nurse_nsk_03,FALSE,Routine UIP session.
NSK-2026-0483,PCV,1,PCV-1 (6 Weeks),2026-08-06,2026-08-07,1,UIP-NSK-202608-PCV-644,PHC-NSK-03,nurse_nsk_03,FALSE,Routine UIP session.
NSK-2026-0483,OPV,3,OPV-2 (10 Weeks),2026-09-03,2026-09-06,3,UIP-NSK-202609-OPV-966,PHC-NSK-03,nurse_nsk_03,FALSE,Routine UIP session.
NSK-2026-0483,Penta,2,Pentavalent-2 (10 Weeks),2026-09-03,2026-09-03,0,UIP-NSK-202609-PENTA-370,PHC-NSK-03,nurse_nsk_03,FALSE,Routine UIP session.
NSK-2026-0483,Rota,2,Rotavirus-2 (10 Weeks),2026-09-03,2026-09-03,0,UIP-NSK-202609-ROTA-378,PHC-NSK-03,nurse_nsk_03,FALSE,Routine UIP session.
NSK-2026-0483,OPV,4,OPV-3 (14 Weeks),2026-10-01,2026-10-04,3,UIP-NSK-202610-OPV-945,PHC-NSK-03,nurse_nsk_03,FALSE,Routine UIP session.
NSK-2026-0483,Penta,3,Pentavalent-3 (14 Weeks),2026-10-01,2026-10-01,0,UIP-NSK-202610-PENTA-601,PHC-NSK-03,nurse_nsk_03,FALSE,Routine UIP session.
NSK-2026-0483,Rota,3,Rotavirus-3 (14 Weeks),2026-10-01,2026-10-01,0,UIP-NSK-202610-ROTA-725,PHC-NSK-03,nurse_nsk_03,FALSE,Routine UIP session.
NSK-2026-0483,fIPV,2,fIPV-2 (14 Weeks),2026-10-01,2026-10-01,0,UIP-NSK-202610-FIPV-637,PHC-NSK-08,nurse_nsk_08,FALSE,Routine UIP session.
NSK-2026-0483,PCV,2,PCV-2 (14 Weeks),2026-10-01,2026-10-03,2,UIP-NSK-202610-PCV-499,PHC-NSK-03,nurse_nsk_03,FALSE,Routine UIP session.
NSK-2026-0484,BCG,1,BCG (At Birth),2026-02-04,2026-02-04,0,UIP-NSK-202602-BCG-291,PHC-NSK-01,nurse_nsk_01,FALSE,Administered at hospital after delivery.
NSK-2026-0484,OPV,1,OPV Zero Dose (At Birth),2026-02-04,2026-02-04,0,UIP-NSK-202602-OPV-458,PHC-NSK-01,nurse_nsk_01,FALSE,Administered at hospital after delivery.
NSK-2026-0484,HepB,1,Hepatitis B Birth Dose,2026-02-04,2026-02-04,0,UIP-NSK-202602-HEPB-118,PHC-NSK-01,nurse_nsk_01,FALSE,Administered at hospital after delivery.
NSK-2026-0484,Penta,1,Pentavalent-1 (6 Weeks),2026-03-18,2026-03-24,6,UIP-NSK-202603-PENTA-176,PHC-NSK-01,nurse_nsk_01,FALSE,Routine UIP session.
NSK-2026-0484,Rota,1,Rotavirus-1 (6 Weeks),2026-03-18,2026-03-21,3,UIP-NSK-202603-ROTA-120,PHC-NSK-01,nurse_nsk_01,FALSE,Routine UIP session.
NSK-2026-0484,PCV,1,PCV-1 (6 Weeks),2026-03-18,2026-03-28,10,UIP-NSK-202603-PCV-876,PHC-NSK-01,nurse_nsk_01,FALSE,Routine UIP session.
NSK-2026-0484,Penta,2,Pentavalent-2 (10 Weeks),2026-04-15,2026-04-27,12,UIP-NSK-202604-PENTA-275,PHC-NSK-01,nurse_nsk_01,FALSE,Routine UIP session.
NSK-2026-0484,OPV,4,OPV-3 (14 Weeks),2026-05-13,2026-05-19,6,UIP-NSK-202605-OPV-959,PHC-NSK-01,nurse_nsk_01,FALSE,Routine UIP session.
NSK-2026-0484,Penta,3,Pentavalent-3 (14 Weeks),2026-05-13,2026-05-25,12,UIP-NSK-202605-PENTA-177,PHC-NSK-01,nurse_nsk_01,FALSE,Routine UIP session.
NSK-2026-0484,Rota,3,Rotavirus-3 (14 Weeks),2026-05-13,2026-05-22,9,UIP-NSK-202605-ROTA-828,PHC-NSK-01,nurse_nsk_01,FALSE,Routine UIP session.
NSK-2026-0484,fIPV,2,fIPV-2 (14 Weeks),2026-05-13,2026-05-19,6,UIP-NSK-202605-FIPV-501,PHC-NSK-01,nurse_nsk_01,FALSE,Routine UIP session.
NSK-2026-0484,PCV,2,PCV-2 (14 Weeks),2026-05-13,2026-05-21,8,UIP-NSK-202605-PCV-185,PHC-NSK-01,nurse_nsk_01,FALSE,Routine UIP session.
NSK-2026-0485,BCG,1,BCG (At Birth),2026-08-30,2026-08-30,0,UIP-NSK-202608-BCG-650,PHC-NSK-08,nurse_nsk_08,FALSE,Administered at hospital after delivery.
NSK-2026-0485,OPV,1,OPV Zero Dose (At Birth),2026-08-30,2026-08-30,0,UIP-NSK-202608-OPV-634,PHC-NSK-08,nurse_nsk_08,FALSE,Administered at hospital after delivery.
NSK-2026-0485,HepB,1,Hepatitis B Birth Dose,2026-08-30,2026-08-30,0,UIP-NSK-202608-HEPB-518,PHC-NSK-08,nurse_nsk_08,FALSE,Administered at hospital after delivery.
NSK-2026-0486,OPV,1,OPV Zero Dose (At Birth),2026-03-18,2026-03-18,0,UIP-NSK-202603-OPV-788,PHC-NSK-09,nurse_nsk_09,FALSE,Administered at hospital after delivery.
NSK-2026-0486,HepB,1,Hepatitis B Birth Dose,2026-03-18,2026-03-18,0,UIP-NSK-202603-HEPB-890,PHC-NSK-09,nurse_nsk_09,FALSE,Administered at hospital after delivery.
NSK-2026-0486,Rota,1,Rotavirus-1 (6 Weeks),2026-04-29,2026-06-16,48,UIP-NSK-202606-ROTA-704,PHC-NSK-09,nurse_nsk_09,FALSE,Routine UIP session.
NSK-2026-0486,fIPV,1,fIPV-1 (6 Weeks),2026-04-29,2026-05-21,22,UIP-NSK-202605-FIPV-584,PHC-NSK-09,nurse_nsk_09,FALSE,Routine UIP session.
NSK-2026-0486,PCV,1,PCV-1 (6 Weeks),2026-04-29,2026-06-05,37,UIP-NSK-202606-PCV-958,PHC-NSK-09,nurse_nsk_09,FALSE,Routine UIP session.
NSK-2026-0486,OPV,3,OPV-2 (10 Weeks),2026-05-27,2026-06-13,17,UIP-NSK-202606-OPV-397,PHC-NSK-09,nurse_nsk_09,FALSE,Routine UIP session.
NSK-2026-0486,OPV,4,OPV-3 (14 Weeks),2026-06-24,2026-08-22,59,UIP-NSK-202608-OPV-860,PHC-NSK-09,nurse_nsk_09,FALSE,Routine UIP session.
NSK-2026-0486,PCV,2,PCV-2 (14 Weeks),2026-06-24,2026-08-07,44,UIP-NSK-202608-PCV-968,PHC-NSK-09,nurse_nsk_09,FALSE,Routine UIP session.
NSK-2026-0487,BCG,1,BCG (At Birth),2026-06-22,2026-06-22,0,UIP-NSK-202606-BCG-569,PHC-NSK-06,nurse_nsk_06,FALSE,Administered at hospital after delivery.
NSK-2026-0487,OPV,1,OPV Zero Dose (At Birth),2026-06-22,2026-06-22,0,UIP-NSK-202606-OPV-196,PHC-NSK-06,nurse_nsk_06,FALSE,Administered at hospital after delivery.
NSK-2026-0487,HepB,1,Hepatitis B Birth Dose,2026-06-22,2026-06-22,0,UIP-NSK-202606-HEPB-452,PHC-NSK-06,nurse_nsk_06,FALSE,Administered at hospital after delivery.
NSK-2026-0487,OPV,2,OPV-1 (6 Weeks),2026-08-03,2026-08-07,4,UIP-NSK-202608-OPV-529,PHC-NSK-06,nurse_nsk_06,FALSE,Routine UIP session.
NSK-2026-0487,Penta,1,Pentavalent-1 (6 Weeks),2026-08-03,2026-08-05,2,UIP-NSK-202608-PENTA-169,PHC-NSK-06,nurse_nsk_06,FALSE,Routine UIP session.
NSK-2026-0487,Rota,1,Rotavirus-1 (6 Weeks),2026-08-03,2026-08-18,15,UIP-NSK-202608-ROTA-536,PHC-NSK-06,nurse_nsk_06,FALSE,Routine UIP session.
NSK-2026-0487,fIPV,1,fIPV-1 (6 Weeks),2026-08-03,2026-08-08,5,UIP-NSK-202608-FIPV-162,PHC-NSK-06,nurse_nsk_06,FALSE,Routine UIP session.
NSK-2026-0487,PCV,1,PCV-1 (6 Weeks),2026-08-03,2026-08-07,4,UIP-NSK-202608-PCV-138,PHC-NSK-06,nurse_nsk_06,FALSE,Routine UIP session.
NSK-2026-0487,OPV,3,OPV-2 (10 Weeks),2026-08-31,2026-09-18,18,UIP-NSK-202609-OPV-720,PHC-NSK-06,nurse_nsk_06,FALSE,Routine UIP session.
NSK-2026-0487,Penta,2,Pentavalent-2 (10 Weeks),2026-08-31,2026-09-10,10,UIP-NSK-202609-PENTA-710,PHC-NSK-06,nurse_nsk_06,FALSE,Routine UIP session.
NSK-2026-0487,Rota,2,Rotavirus-2 (10 Weeks),2026-08-31,2026-09-15,15,UIP-NSK-202609-ROTA-167,PHC-NSK-06,nurse_nsk_06,FALSE,Routine UIP session.
NSK-2026-0487,fIPV,2,fIPV-2 (14 Weeks),2026-09-28,2026-09-30,2,UIP-NSK-202609-FIPV-686,PHC-NSK-06,nurse_nsk_06,FALSE,Routine UIP session.
NSK-2026-0488,BCG,1,BCG (At Birth),2026-08-20,2026-08-20,0,UIP-NSK-202608-BCG-967,PHC-NSK-02,nurse_nsk_02,FALSE,Administered at hospital after delivery.
NSK-2026-0488,OPV,1,OPV Zero Dose (At Birth),2026-08-20,2026-08-20,0,UIP-NSK-202608-OPV-817,PHC-NSK-02,nurse_nsk_02,FALSE,Administered at hospital after delivery.
NSK-2026-0488,HepB,1,Hepatitis B Birth Dose,2026-08-20,2026-08-20,0,UIP-NSK-202608-HEPB-686,PHC-NSK-02,nurse_nsk_02,FALSE,Administered at hospital after delivery.
NSK-2026-0489,BCG,1,BCG (At Birth),2026-09-16,2026-09-16,0,UIP-NSK-202609-BCG-259,PHC-NSK-06,nurse_nsk_06,FALSE,Administered at hospital after delivery.
NSK-2026-0489,OPV,1,OPV Zero Dose (At Birth),2026-09-16,2026-09-16,0,UIP-NSK-202609-OPV-844,PHC-NSK-06,nurse_nsk_06,FALSE,Administered at hospital after delivery.
NSK-2026-0489,HepB,1,Hepatitis B Birth Dose,2026-09-16,2026-09-16,0,UIP-NSK-202609-HEPB-446,PHC-NSK-01,nurse_nsk_01,FALSE,Administered at hospital after delivery.
NSK-2026-0490,BCG,1,BCG (At Birth),2026-07-01,2026-07-01,0,UIP-NSK-202607-BCG-627,PHC-NSK-01,nurse_nsk_01,FALSE,Administered at hospital after delivery.
NSK-2026-0490,OPV,1,OPV Zero Dose (At Birth),2026-07-01,2026-07-01,0,UIP-NSK-202607-OPV-168,PHC-NSK-01,nurse_nsk_01,FALSE,Administered at hospital after delivery.
NSK-2026-0490,HepB,1,Hepatitis B Birth Dose,2026-07-01,2026-07-01,0,UIP-NSK-202607-HEPB-463,PHC-NSK-01,nurse_nsk_01,FALSE,Administered at hospital after delivery.
NSK-2026-0490,OPV,2,OPV-1 (6 Weeks),2026-08-12,2026-08-12,0,UIP-NSK-202608-OPV-990,PHC-NSK-01,nurse_nsk_01,FALSE,Routine UIP session.
NSK-2026-0490,Penta,1,Pentavalent-1 (6 Weeks),2026-08-12,2026-08-15,3,UIP-NSK-202608-PENTA-653,PHC-NSK-01,nurse_nsk_01,FALSE,Routine UIP session.
NSK-2026-0490,Rota,1,Rotavirus-1 (6 Weeks),2026-08-12,2026-08-12,0,UIP-NSK-202608-ROTA-911,PHC-NSK-01,nurse_nsk_01,FALSE,Routine UIP session.
NSK-2026-0490,fIPV,1,fIPV-1 (6 Weeks),2026-08-12,2026-08-12,0,UIP-NSK-202608-FIPV-979,PHC-NSK-01,nurse_nsk_01,FALSE,Routine UIP session.
NSK-2026-0490,PCV,1,PCV-1 (6 Weeks),2026-08-12,2026-08-12,0,UIP-NSK-202608-PCV-313,PHC-NSK-01,nurse_nsk_01,FALSE,Routine UIP session.
NSK-2026-0490,OPV,3,OPV-2 (10 Weeks),2026-09-09,2026-09-09,0,UIP-NSK-202609-OPV-716,PHC-NSK-01,nurse_nsk_01,FALSE,Routine UIP session.
NSK-2026-0490,Rota,2,Rotavirus-2 (10 Weeks),2026-09-09,2026-09-09,0,UIP-NSK-202609-ROTA-722,PHC-NSK-01,nurse_nsk_01,FALSE,Routine UIP session.
NSK-2026-0491,BCG,1,BCG (At Birth),2026-03-29,2026-03-29,0,UIP-NSK-202603-BCG-638,PHC-NSK-01,nurse_nsk_01,FALSE,Administered at hospital after delivery.
NSK-2026-0491,OPV,1,OPV Zero Dose (At Birth),2026-03-29,2026-03-29,0,UIP-NSK-202603-OPV-882,PHC-NSK-01,nurse_nsk_01,FALSE,Administered at hospital after delivery.
NSK-2026-0491,HepB,1,Hepatitis B Birth Dose,2026-03-29,2026-03-29,0,UIP-NSK-202603-HEPB-639,PHC-NSK-01,nurse_nsk_01,FALSE,Administered at hospital after delivery.
NSK-2026-0491,OPV,2,OPV-1 (6 Weeks),2026-05-10,2026-05-10,0,UIP-NSK-202605-OPV-493,PHC-NSK-01,nurse_nsk_01,FALSE,Routine UIP session.
NSK-2026-0491,Penta,1,Pentavalent-1 (6 Weeks),2026-05-10,2026-05-11,1,UIP-NSK-202605-PENTA-902,PHC-NSK-01,nurse_nsk_01,FALSE,Routine UIP session.
NSK-2026-0491,Rota,1,Rotavirus-1 (6 Weeks),2026-05-10,2026-05-10,0,UIP-NSK-202605-ROTA-408,PHC-NSK-01,nurse_nsk_01,FALSE,Routine UIP session.
NSK-2026-0491,fIPV,1,fIPV-1 (6 Weeks),2026-05-10,2026-05-13,3,UIP-NSK-202605-FIPV-653,PHC-NSK-01,nurse_nsk_01,FALSE,Routine UIP session.
NSK-2026-0491,PCV,1,PCV-1 (6 Weeks),2026-05-10,2026-05-13,3,UIP-NSK-202605-PCV-932,PHC-NSK-01,nurse_nsk_01,FALSE,Routine UIP session.
NSK-2026-0491,OPV,3,OPV-2 (10 Weeks),2026-06-07,2026-06-07,0,UIP-NSK-202606-OPV-571,PHC-NSK-01,nurse_nsk_01,FALSE,Routine UIP session.
NSK-2026-0491,Penta,2,Pentavalent-2 (10 Weeks),2026-06-07,2026-06-08,1,UIP-NSK-202606-PENTA-446,PHC-NSK-01,nurse_nsk_01,FALSE,Routine UIP session.
NSK-2026-0491,OPV,4,OPV-3 (14 Weeks),2026-07-05,2026-07-05,0,UIP-NSK-202607-OPV-728,PHC-NSK-01,nurse_nsk_01,FALSE,Routine UIP session.
NSK-2026-0491,Penta,3,Pentavalent-3 (14 Weeks),2026-07-05,2026-07-06,1,UIP-NSK-202607-PENTA-398,PHC-NSK-01,nurse_nsk_01,FALSE,Routine UIP session.
NSK-2026-0491,fIPV,2,fIPV-2 (14 Weeks),2026-07-05,2026-07-05,0,UIP-NSK-202607-FIPV-291,PHC-NSK-01,nurse_nsk_01,FALSE,Routine UIP session.
NSK-2026-0491,PCV,2,PCV-2 (14 Weeks),2026-07-05,2026-07-05,0,UIP-NSK-202607-PCV-676,PHC-NSK-01,nurse_nsk_01,FALSE,Routine UIP session.
NSK-2026-0492,BCG,1,BCG (At Birth),2026-01-26,2026-01-26,0,UIP-NSK-202601-BCG-397,PHC-NSK-04,nurse_nsk_04,FALSE,Administered at hospital after delivery.
NSK-2026-0492,OPV,1,OPV Zero Dose (At Birth),2026-01-26,2026-01-26,0,UIP-NSK-202601-OPV-970,PHC-NSK-04,nurse_nsk_04,FALSE,Administered at hospital after delivery.
NSK-2026-0492,HepB,1,Hepatitis B Birth Dose,2026-01-26,2026-01-26,0,UIP-NSK-202601-HEPB-910,PHC-NSK-04,nurse_nsk_04,FALSE,Administered at hospital after delivery.
NSK-2026-0492,OPV,2,OPV-1 (6 Weeks),2026-03-09,2026-03-13,4,UIP-NSK-202603-OPV-382,PHC-NSK-04,nurse_nsk_04,FALSE,Routine UIP session.
NSK-2026-0492,Rota,1,Rotavirus-1 (6 Weeks),2026-03-09,2026-03-17,8,UIP-NSK-202603-ROTA-851,PHC-NSK-04,nurse_nsk_04,FALSE,Routine UIP session.
NSK-2026-0492,fIPV,1,fIPV-1 (6 Weeks),2026-03-09,2026-03-12,3,UIP-NSK-202603-FIPV-798,PHC-NSK-04,nurse_nsk_04,FALSE,Routine UIP session.
NSK-2026-0492,PCV,1,PCV-1 (6 Weeks),2026-03-09,2026-03-18,9,UIP-NSK-202603-PCV-465,PHC-NSK-04,nurse_nsk_04,FALSE,Routine UIP session.
NSK-2026-0492,OPV,3,OPV-2 (10 Weeks),2026-04-06,2026-04-10,4,UIP-NSK-202604-OPV-223,PHC-NSK-04,nurse_nsk_04,FALSE,Routine UIP session.
NSK-2026-0492,Rota,2,Rotavirus-2 (10 Weeks),2026-04-06,2026-04-16,10,UIP-NSK-202604-ROTA-229,PHC-NSK-04,nurse_nsk_04,FALSE,Routine UIP session.
NSK-2026-0492,OPV,4,OPV-3 (14 Weeks),2026-05-04,2026-05-09,5,UIP-NSK-202605-OPV-762,PHC-NSK-04,nurse_nsk_04,FALSE,Routine UIP session.
NSK-2026-0492,Penta,3,Pentavalent-3 (14 Weeks),2026-05-04,2026-05-10,6,UIP-NSK-202605-PENTA-404,PHC-NSK-04,nurse_nsk_04,FALSE,Routine UIP session.
NSK-2026-0492,Rota,3,Rotavirus-3 (14 Weeks),2026-05-04,2026-05-14,10,UIP-NSK-202605-ROTA-861,PHC-NSK-04,nurse_nsk_04,FALSE,Routine UIP session.
NSK-2026-0492,fIPV,2,fIPV-2 (14 Weeks),2026-05-04,2026-05-16,12,UIP-NSK-202605-FIPV-192,PHC-NSK-04,nurse_nsk_04,FALSE,Routine UIP session.
NSK-2026-0492,PCV,2,PCV-2 (14 Weeks),2026-05-04,2026-05-10,6,UIP-NSK-202605-PCV-579,PHC-NSK-04,nurse_nsk_04,FALSE,Routine UIP session.
NSK-2026-0493,BCG,1,BCG (At Birth),2026-09-21,2026-09-21,0,UIP-NSK-202609-BCG-792,PHC-NSK-08,nurse_nsk_08,FALSE,Administered at hospital after delivery.
NSK-2026-0493,OPV,1,OPV Zero Dose (At Birth),2026-09-21,2026-09-21,0,UIP-NSK-202609-OPV-237,PHC-NSK-08,nurse_nsk_08,FALSE,Administered at hospital after delivery.
NSK-2026-0493,HepB,1,Hepatitis B Birth Dose,2026-09-21,2026-09-21,0,UIP-NSK-202609-HEPB-716,PHC-NSK-08,nurse_nsk_08,FALSE,Administered at hospital after delivery.
NSK-2026-0494,BCG,1,BCG (At Birth),2026-04-15,2026-04-15,0,UIP-NSK-202604-BCG-857,PHC-NSK-07,nurse_nsk_07,FALSE,Administered at hospital after delivery.
NSK-2026-0494,OPV,1,OPV Zero Dose (At Birth),2026-04-15,2026-04-15,0,UIP-NSK-202604-OPV-542,PHC-NSK-07,nurse_nsk_07,FALSE,Administered at hospital after delivery.
NSK-2026-0494,HepB,1,Hepatitis B Birth Dose,2026-04-15,2026-04-15,0,UIP-NSK-202604-HEPB-235,PHC-NSK-07,nurse_nsk_07,FALSE,Administered at hospital after delivery.
NSK-2026-0494,OPV,2,OPV-1 (6 Weeks),2026-05-27,2026-05-27,0,UIP-NSK-202605-OPV-500,PHC-NSK-10,nurse_nsk_10,FALSE,Routine UIP session.
NSK-2026-0494,Penta,1,Pentavalent-1 (6 Weeks),2026-05-27,2026-05-29,2,UIP-NSK-202605-PENTA-755,PHC-NSK-06,nurse_nsk_06,FALSE,Routine UIP session.
NSK-2026-0494,Rota,1,Rotavirus-1 (6 Weeks),2026-05-27,2026-05-27,0,UIP-NSK-202605-ROTA-346,PHC-NSK-07,nurse_nsk_07,FALSE,Routine UIP session.
NSK-2026-0494,fIPV,1,fIPV-1 (6 Weeks),2026-05-27,2026-05-29,2,UIP-NSK-202605-FIPV-313,PHC-NSK-07,nurse_nsk_07,FALSE,Routine UIP session.
NSK-2026-0494,PCV,1,PCV-1 (6 Weeks),2026-05-27,2026-05-27,0,UIP-NSK-202605-PCV-557,PHC-NSK-07,nurse_nsk_07,FALSE,Routine UIP session.
NSK-2026-0494,OPV,3,OPV-2 (10 Weeks),2026-06-24,2026-06-25,1,UIP-NSK-202606-OPV-382,PHC-NSK-07,nurse_nsk_07,FALSE,Routine UIP session.
NSK-2026-0494,Penta,2,Pentavalent-2 (10 Weeks),2026-06-24,2026-06-26,2,UIP-NSK-202606-PENTA-379,PHC-NSK-07,nurse_nsk_07,FALSE,Routine UIP session.
NSK-2026-0494,Rota,2,Rotavirus-2 (10 Weeks),2026-06-24,2026-06-26,2,UIP-NSK-202606-ROTA-766,PHC-NSK-07,nurse_nsk_07,FALSE,Routine UIP session.
NSK-2026-0494,OPV,4,OPV-3 (14 Weeks),2026-07-22,2026-07-23,1,UIP-NSK-202607-OPV-991,PHC-NSK-07,nurse_nsk_07,FALSE,Routine UIP session.
NSK-2026-0494,Penta,3,Pentavalent-3 (14 Weeks),2026-07-22,2026-07-24,2,UIP-NSK-202607-PENTA-355,PHC-NSK-07,nurse_nsk_07,FALSE,Routine UIP session.
NSK-2026-0494,Rota,3,Rotavirus-3 (14 Weeks),2026-07-22,2026-07-24,2,UIP-NSK-202607-ROTA-120,PHC-NSK-07,nurse_nsk_07,FALSE,Routine UIP session.
NSK-2026-0494,fIPV,2,fIPV-2 (14 Weeks),2026-07-22,2026-07-22,0,UIP-NSK-202607-FIPV-422,PHC-NSK-07,nurse_nsk_07,FALSE,Routine UIP session.
NSK-2026-0494,PCV,2,PCV-2 (14 Weeks),2026-07-22,2026-07-22,0,UIP-NSK-202607-PCV-874,PHC-NSK-07,nurse_nsk_07,FALSE,Routine UIP session.
NSK-2026-0495,BCG,1,BCG (At Birth),2026-03-17,2026-03-17,0,UIP-NSK-202603-BCG-762,PHC-NSK-04,nurse_nsk_04,FALSE,Administered at hospital after delivery.
NSK-2026-0495,OPV,1,OPV Zero Dose (At Birth),2026-03-17,2026-03-19,2,UIP-NSK-202603-OPV-781,PHC-NSK-04,nurse_nsk_04,FALSE,Routine UIP session.
NSK-2026-0495,HepB,1,Hepatitis B Birth Dose,2026-03-17,2026-03-17,0,UIP-NSK-202603-HEPB-348,PHC-NSK-04,nurse_nsk_04,FALSE,Administered at hospital after delivery.
NSK-2026-0495,OPV,2,OPV-1 (6 Weeks),2026-04-28,2026-04-28,0,UIP-NSK-202604-OPV-390,PHC-NSK-04,nurse_nsk_04,FALSE,Routine UIP session.
NSK-2026-0495,Penta,1,Pentavalent-1 (6 Weeks),2026-04-28,2026-04-28,0,UIP-NSK-202604-PENTA-661,PHC-NSK-04,nurse_nsk_04,FALSE,Routine UIP session.
NSK-2026-0495,Rota,1,Rotavirus-1 (6 Weeks),2026-04-28,2026-04-28,0,UIP-NSK-202604-ROTA-532,PHC-NSK-03,nurse_nsk_03,FALSE,Routine UIP session.
NSK-2026-0495,fIPV,1,fIPV-1 (6 Weeks),2026-04-28,2026-04-28,0,UIP-NSK-202604-FIPV-326,PHC-NSK-04,nurse_nsk_04,FALSE,Routine UIP session.
NSK-2026-0495,PCV,1,PCV-1 (6 Weeks),2026-04-28,2026-04-28,0,UIP-NSK-202604-PCV-443,PHC-NSK-04,nurse_nsk_04,FALSE,Routine UIP session.
NSK-2026-0495,OPV,3,OPV-2 (10 Weeks),2026-05-26,2026-05-26,0,UIP-NSK-202605-OPV-667,PHC-NSK-04,nurse_nsk_04,FALSE,Routine UIP session.
NSK-2026-0495,Penta,2,Pentavalent-2 (10 Weeks),2026-05-26,2026-05-26,0,UIP-NSK-202605-PENTA-232,PHC-NSK-04,nurse_nsk_04,FALSE,Routine UIP session.
NSK-2026-0495,Rota,2,Rotavirus-2 (10 Weeks),2026-05-26,2026-05-29,3,UIP-NSK-202605-ROTA-909,PHC-NSK-04,nurse_nsk_04,FALSE,Routine UIP session.
NSK-2026-0495,OPV,4,OPV-3 (14 Weeks),2026-06-23,2026-06-24,1,UIP-NSK-202606-OPV-702,PHC-NSK-04,nurse_nsk_04,FALSE,Routine UIP session.
NSK-2026-0495,Penta,3,Pentavalent-3 (14 Weeks),2026-06-23,2026-06-25,2,UIP-NSK-202606-PENTA-190,PHC-NSK-04,nurse_nsk_04,FALSE,Routine UIP session.
NSK-2026-0495,Rota,3,Rotavirus-3 (14 Weeks),2026-06-23,2026-06-26,3,UIP-NSK-202606-ROTA-985,PHC-NSK-04,nurse_nsk_04,FALSE,Routine UIP session.
NSK-2026-0495,fIPV,2,fIPV-2 (14 Weeks),2026-06-23,2026-06-23,0,UIP-NSK-202606-FIPV-148,PHC-NSK-04,nurse_nsk_04,FALSE,Routine UIP session.
NSK-2026-0495,PCV,2,PCV-2 (14 Weeks),2026-06-23,2026-06-25,2,UIP-NSK-202606-PCV-904,PHC-NSK-04,nurse_nsk_04,FALSE,Routine UIP session.
NSK-2026-0496,BCG,1,BCG (At Birth),2026-08-15,2026-08-15,0,UIP-NSK-202608-BCG-338,PHC-NSK-05,nurse_nsk_05,FALSE,Administered at hospital after delivery.
NSK-2026-0496,OPV,1,OPV Zero Dose (At Birth),2026-08-15,2026-08-15,0,UIP-NSK-202608-OPV-285,PHC-NSK-05,nurse_nsk_05,FALSE,Administered at hospital after delivery.
NSK-2026-0496,HepB,1,Hepatitis B Birth Dose,2026-08-15,2026-08-15,0,UIP-NSK-202608-HEPB-708,PHC-NSK-05,nurse_nsk_05,FALSE,Administered at hospital after delivery.
NSK-2026-0496,OPV,2,OPV-1 (6 Weeks),2026-09-26,2026-10-01,5,UIP-NSK-202610-OPV-817,PHC-NSK-05,nurse_nsk_05,FALSE,Routine UIP session.
NSK-2026-0496,Penta,1,Pentavalent-1 (6 Weeks),2026-09-26,2026-10-04,8,UIP-NSK-202610-PENTA-345,PHC-NSK-05,nurse_nsk_05,FALSE,Routine UIP session.
NSK-2026-0496,PCV,1,PCV-1 (6 Weeks),2026-09-26,2026-09-29,3,UIP-NSK-202609-PCV-911,PHC-NSK-05,nurse_nsk_05,FALSE,Routine UIP session.
NSK-2026-0497,OPV,1,OPV Zero Dose (At Birth),2026-09-23,2026-09-23,0,UIP-NSK-202609-OPV-966,PHC-NSK-08,nurse_nsk_08,FALSE,Administered at hospital after delivery.
NSK-2026-0497,HepB,1,Hepatitis B Birth Dose,2026-09-23,2026-09-23,0,UIP-NSK-202609-HEPB-752,PHC-NSK-06,nurse_nsk_06,FALSE,Administered at hospital after delivery.
NSK-2026-0498,BCG,1,BCG (At Birth),2026-09-21,2026-09-21,0,UIP-NSK-202609-BCG-611,PHC-NSK-03,nurse_nsk_03,FALSE,Administered at hospital after delivery.
NSK-2026-0498,OPV,1,OPV Zero Dose (At Birth),2026-09-21,2026-09-21,0,UIP-NSK-202609-OPV-250,PHC-NSK-03,nurse_nsk_03,FALSE,Administered at hospital after delivery.
NSK-2026-0498,HepB,1,Hepatitis B Birth Dose,2026-09-21,2026-09-21,0,UIP-NSK-202609-HEPB-477,PHC-NSK-03,nurse_nsk_03,FALSE,Administered at hospital after delivery.
NSK-2026-0499,BCG,1,BCG (At Birth),2026-03-10,2026-03-10,0,UIP-NSK-202603-BCG-910,PHC-NSK-02,nurse_nsk_02,FALSE,Administered at hospital after delivery.
NSK-2026-0499,OPV,1,OPV Zero Dose (At Birth),2026-03-10,2026-03-10,0,UIP-NSK-202603-OPV-737,PHC-NSK-02,nurse_nsk_02,FALSE,Administered at hospital after delivery.
NSK-2026-0499,HepB,1,Hepatitis B Birth Dose,2026-03-10,2026-03-10,0,UIP-NSK-202603-HEPB-904,PHC-NSK-02,nurse_nsk_02,FALSE,Administered at hospital after delivery.
NSK-2026-0499,OPV,2,OPV-1 (6 Weeks),2026-04-21,2026-04-21,0,UIP-NSK-202604-OPV-211,PHC-NSK-02,nurse_nsk_02,FALSE,Routine UIP session.
NSK-2026-0499,Penta,1,Pentavalent-1 (6 Weeks),2026-04-21,2026-04-23,2,UIP-NSK-202604-PENTA-687,PHC-NSK-02,nurse_nsk_02,FALSE,Routine UIP session.
NSK-2026-0499,Rota,1,Rotavirus-1 (6 Weeks),2026-04-21,2026-04-21,0,UIP-NSK-202604-ROTA-344,PHC-NSK-02,nurse_nsk_02,FALSE,Routine UIP session.
NSK-2026-0499,fIPV,1,fIPV-1 (6 Weeks),2026-04-21,2026-04-24,3,UIP-NSK-202604-FIPV-785,PHC-NSK-02,nurse_nsk_02,FALSE,Routine UIP session.
NSK-2026-0499,PCV,1,PCV-1 (6 Weeks),2026-04-21,2026-04-21,0,UIP-NSK-202604-PCV-171,PHC-NSK-02,nurse_nsk_02,FALSE,Routine UIP session.
NSK-2026-0499,OPV,3,OPV-2 (10 Weeks),2026-05-19,2026-05-19,0,UIP-NSK-202605-OPV-861,PHC-NSK-02,nurse_nsk_02,FALSE,Routine UIP session.
NSK-2026-0499,Penta,2,Pentavalent-2 (10 Weeks),2026-05-19,2026-05-21,2,UIP-NSK-202605-PENTA-905,PHC-NSK-02,nurse_nsk_02,FALSE,Routine UIP session.
NSK-2026-0499,Rota,2,Rotavirus-2 (10 Weeks),2026-05-19,2026-05-22,3,UIP-NSK-202605-ROTA-237,PHC-NSK-05,nurse_nsk_05,FALSE,Routine UIP session.
NSK-2026-0499,OPV,4,OPV-3 (14 Weeks),2026-06-16,2026-06-18,2,UIP-NSK-202606-OPV-938,PHC-NSK-02,nurse_nsk_02,FALSE,Routine UIP session.
NSK-2026-0499,Penta,3,Pentavalent-3 (14 Weeks),2026-06-16,2026-06-18,2,UIP-NSK-202606-PENTA-971,PHC-NSK-02,nurse_nsk_02,FALSE,Routine UIP session.
NSK-2026-0499,Rota,3,Rotavirus-3 (14 Weeks),2026-06-16,2026-06-19,3,UIP-NSK-202606-ROTA-676,PHC-NSK-02,nurse_nsk_02,FALSE,Routine UIP session.
NSK-2026-0499,fIPV,2,fIPV-2 (14 Weeks),2026-06-16,2026-06-19,3,UIP-NSK-202606-FIPV-527,PHC-NSK-02,nurse_nsk_02,FALSE,Routine UIP session.
NSK-2026-0499,PCV,2,PCV-2 (14 Weeks),2026-06-16,2026-06-16,0,UIP-NSK-202606-PCV-302,PHC-NSK-02,nurse_nsk_02,FALSE,Routine UIP session.
NSK-2026-0500,BCG,1,BCG (At Birth),2026-06-16,2026-06-16,0,UIP-NSK-202606-BCG-115,PHC-NSK-09,nurse_nsk_09,FALSE,Administered at hospital after delivery.
NSK-2026-0500,OPV,1,OPV Zero Dose (At Birth),2026-06-16,2026-06-16,0,UIP-NSK-202606-OPV-159,PHC-NSK-09,nurse_nsk_09,FALSE,Administered at hospital after delivery.
NSK-2026-0500,HepB,1,Hepatitis B Birth Dose,2026-06-16,2026-06-16,0,UIP-NSK-202606-HEPB-844,PHC-NSK-09,nurse_nsk_09,FALSE,Administered at hospital after delivery.
NSK-2026-0500,OPV,2,OPV-1 (6 Weeks),2026-07-28,2026-07-28,0,UIP-NSK-202607-OPV-339,PHC-NSK-09,nurse_nsk_09,FALSE,Routine UIP session.
NSK-2026-0500,Penta,1,Pentavalent-1 (6 Weeks),2026-07-28,2026-07-28,0,UIP-NSK-202607-PENTA-778,PHC-NSK-09,nurse_nsk_09,FALSE,Routine UIP session.
NSK-2026-0500,Rota,1,Rotavirus-1 (6 Weeks),2026-07-28,2026-07-31,3,UIP-NSK-202607-ROTA-350,PHC-NSK-09,nurse_nsk_09,FALSE,Routine UIP session.
NSK-2026-0500,fIPV,1,fIPV-1 (6 Weeks),2026-07-28,2026-07-28,0,UIP-NSK-202607-FIPV-508,PHC-NSK-09,nurse_nsk_09,FALSE,Routine UIP session.
NSK-2026-0500,PCV,1,PCV-1 (6 Weeks),2026-07-28,2026-07-28,0,UIP-NSK-202607-PCV-261,PHC-NSK-09,nurse_nsk_09,FALSE,Routine UIP session.
NSK-2026-0500,OPV,3,OPV-2 (10 Weeks),2026-08-25,2026-08-25,0,UIP-NSK-202608-OPV-386,PHC-NSK-09,nurse_nsk_09,FALSE,Routine UIP session.
NSK-2026-0500,Penta,2,Pentavalent-2 (10 Weeks),2026-08-25,2026-08-25,0,UIP-NSK-202608-PENTA-521,PHC-NSK-09,nurse_nsk_09,FALSE,Routine UIP session.
NSK-2026-0500,Rota,2,Rotavirus-2 (10 Weeks),2026-08-25,2026-08-29,4,UIP-NSK-202608-ROTA-252,PHC-NSK-09,nurse_nsk_09,FALSE,Routine UIP session.
NSK-2026-0500,OPV,4,OPV-3 (14 Weeks),2026-09-22,2026-10-01,9,UIP-NSK-202610-OPV-268,PHC-NSK-09,nurse_nsk_09,FALSE,Routine UIP session.
NSK-2026-0500,Penta,3,Pentavalent-3 (14 Weeks),2026-09-22,2026-09-22,0,UIP-NSK-202609-PENTA-834,PHC-NSK-09,nurse_nsk_09,FALSE,Routine UIP session.
NSK-2026-0500,Rota,3,Rotavirus-3 (14 Weeks),2026-09-22,2026-09-26,4,UIP-NSK-202609-ROTA-693,PHC-NSK-09,nurse_nsk_09,FALSE,Routine UIP session.
NSK-2026-0500,fIPV,2,fIPV-2 (14 Weeks),2026-09-22,2026-09-22,0,UIP-NSK-202609-FIPV-172,PHC-NSK-09,nurse_nsk_09,FALSE,Routine UIP session.
NSK-2026-0500,PCV,2,PCV-2 (14 Weeks),2026-09-22,2026-09-22,0,UIP-NSK-202609-PCV-654,PHC-NSK-09,nurse_nsk_09,FALSE,Routine UIP session.
